station,date,value,model
KATL,2026-02-05,46.0,OBS
KATL,2026-02-06,59.9,OBS
KATL,2026-02-07,54.3,OBS
KATL,2026-02-08,57.7,OBS
KATL,2026-02-09,65.6,OBS
KATL,2026-02-10,70.2,OBS
KATL,2026-02-11,64.7,OBS
KATL,2026-02-12,61.2,OBS
KATL,2026-02-13,58.7,OBS
KATL,2026-02-14,60.8,OBS
KATL,2026-02-15,61.9,OBS
KATL,2026-02-16,65.1,OBS
KATL,2026-02-17,66.2,OBS
KATL,2026-02-18,65.8,OBS
KATL,2026-02-19,76.1,OBS
KATL,2026-02-20,75.6,OBS
KATL,2026-02-21,66.9,OBS
KATL,2026-02-22,60.1,OBS
KATL,2026-02-23,39.5,OBS
KATL,2026-02-24,51.1,OBS
KATL,2026-02-25,61.7,OBS
KATL,2026-02-05,44.2,GFS
KATL,2026-02-06,63.3,GFS
KATL,2026-02-07,57.2,GFS
KATL,2026-02-08,59.1,GFS
KATL,2026-02-09,66.4,GFS
KATL,2026-02-10,68.6,GFS
KATL,2026-02-11,63.3,GFS
KATL,2026-02-12,63.2,GFS
KATL,2026-02-13,61.9,GFS
KATL,2026-02-14,61.0,GFS
KATL,2026-02-15,55.9,GFS
KATL,2026-02-16,68.3,GFS
KATL,2026-02-17,67.9,GFS
KATL,2026-02-18,65.5,GFS
KATL,2026-02-19,78.0,GFS
KATL,2026-02-20,78.2,GFS
KATL,2026-02-21,72.4,GFS
KATL,2026-02-22,60.1,GFS
KATL,2026-02-23,39.7,GFS
KATL,2026-02-24,53.1,GFS
KATL,2026-02-25,62.2,GFS
KATL,2026-02-05,44.9,ECMWF
KATL,2026-02-06,59.4,ECMWF
KATL,2026-02-07,54.5,ECMWF
KATL,2026-02-08,56.9,ECMWF
KATL,2026-02-09,63.5,ECMWF
KATL,2026-02-10,70.2,ECMWF
KATL,2026-02-11,61.8,ECMWF
KATL,2026-02-12,60.1,ECMWF
KATL,2026-02-13,58.1,ECMWF
KATL,2026-02-14,60.4,ECMWF
KATL,2026-02-15,58.9,ECMWF
KATL,2026-02-16,65.4,ECMWF
KATL,2026-02-17,65.9,ECMWF
KATL,2026-02-18,65.9,ECMWF
KATL,2026-02-19,76.3,ECMWF
KATL,2026-02-20,75.5,ECMWF
KATL,2026-02-21,65.5,ECMWF
KATL,2026-02-22,60.4,ECMWF
KATL,2026-02-23,39.0,ECMWF
KATL,2026-02-24,51.2,ECMWF
KATL,2026-02-25,60.8,ECMWF
KATL,2026-02-05,46.4,NBM
KATL,2026-02-06,60.0,NBM
KATL,2026-02-07,54.9,NBM
KATL,2026-02-08,57.8,NBM
KATL,2026-02-09,65.1,NBM
KATL,2026-02-10,68.0,NBM
KATL,2026-02-11,64.4,NBM
KATL,2026-02-12,62.2,NBM
KATL,2026-02-13,59.8,NBM
KATL,2026-02-14,61.6,NBM
KATL,2026-02-15,57.9,NBM
KATL,2026-02-16,65.3,NBM
KATL,2026-02-17,67.2,NBM
KATL,2026-02-18,66.5,NBM
KATL,2026-02-19,76.4,NBM
KATL,2026-02-20,76.7,NBM
KATL,2026-02-21,70.7,NBM
KATL,2026-02-22,62.1,NBM
KATL,2026-02-23,40.3,NBM
KATL,2026-02-24,52.0,NBM
KATL,2026-02-25,62.8,NBM
KAUS,2023-05-12,86.6,OBS
KAUS,2023-05-13,77.1,OBS
KAUS,2023-05-14,80.1,OBS
KAUS,2023-05-15,80.5,OBS
KAUS,2023-05-16,80.0,OBS
KAUS,2023-05-17,83.6,OBS
KAUS,2023-05-18,85.6,OBS
KAUS,2023-05-19,87.0,OBS
KAUS,2023-05-20,85.6,OBS
KAUS,2023-05-21,79.0,OBS
KAUS,2023-05-22,80.9,OBS
KAUS,2023-05-23,82.8,OBS
KAUS,2023-05-24,86.1,OBS
KAUS,2023-05-25,84.2,OBS
KAUS,2023-05-26,86.1,OBS
KAUS,2023-05-27,86.1,OBS
KAUS,2023-05-28,83.1,OBS
KAUS,2023-05-29,84.7,OBS
KAUS,2023-05-30,87.1,OBS
KAUS,2023-05-31,87.4,OBS
KAUS,2023-06-01,89.1,OBS
KAUS,2023-06-02,89.9,OBS
KAUS,2023-06-03,87.3,OBS
KAUS,2023-06-04,82.5,OBS
KAUS,2023-06-05,83.7,OBS
KAUS,2023-06-06,87.2,OBS
KAUS,2023-06-07,88.3,OBS
KAUS,2023-06-08,85.5,OBS
KAUS,2023-06-09,95.4,OBS
KAUS,2023-06-10,97.2,OBS
KAUS,2023-06-11,98.9,OBS
KAUS,2023-06-12,96.7,OBS
KAUS,2023-06-13,98.6,OBS
KAUS,2023-06-14,96.9,OBS
KAUS,2023-06-15,96.4,OBS
KAUS,2023-06-16,96.9,OBS
KAUS,2023-06-17,95.6,OBS
KAUS,2023-06-18,100.3,OBS
KAUS,2023-06-19,98.4,OBS
KAUS,2023-06-20,101.3,OBS
KAUS,2023-06-21,100.1,OBS
KAUS,2023-06-22,95.6,OBS
KAUS,2023-06-23,97.1,OBS
KAUS,2023-06-24,99.0,OBS
KAUS,2023-06-25,99.1,OBS
KAUS,2023-06-26,99.2,OBS
KAUS,2023-06-27,99.1,OBS
KAUS,2023-06-28,98.4,OBS
KAUS,2023-06-29,96.5,OBS
KAUS,2023-06-30,97.2,OBS
KAUS,2023-07-01,97.2,OBS
KAUS,2023-07-02,96.0,OBS
KAUS,2023-07-03,96.2,OBS
KAUS,2023-07-04,93.4,OBS
KAUS,2023-07-05,93.9,OBS
KAUS,2023-07-06,88.8,OBS
KAUS,2023-07-07,92.5,OBS
KAUS,2023-07-08,94.3,OBS
KAUS,2023-07-09,98.0,OBS
KAUS,2023-07-10,99.8,OBS
KAUS,2023-07-11,100.5,OBS
KAUS,2023-07-12,103.6,OBS
KAUS,2023-07-13,103.7,OBS
KAUS,2023-07-14,102.4,OBS
KAUS,2023-07-15,102.3,OBS
KAUS,2023-07-16,101.8,OBS
KAUS,2023-07-17,103.1,OBS
KAUS,2023-07-18,103.6,OBS
KAUS,2023-07-19,103.1,OBS
KAUS,2023-07-20,102.6,OBS
KAUS,2023-07-21,100.8,OBS
KAUS,2023-07-22,101.9,OBS
KAUS,2023-07-23,98.0,OBS
KAUS,2023-07-24,101.1,OBS
KAUS,2023-07-25,99.2,OBS
KAUS,2023-07-26,98.3,OBS
KAUS,2023-07-27,99.1,OBS
KAUS,2023-07-28,98.1,OBS
KAUS,2023-07-29,98.7,OBS
KAUS,2023-07-30,99.4,OBS
KAUS,2023-07-31,102.1,OBS
KAUS,2023-08-01,101.7,OBS
KAUS,2023-08-02,102.1,OBS
KAUS,2023-08-03,101.7,OBS
KAUS,2023-08-04,103.8,OBS
KAUS,2023-08-05,104.1,OBS
KAUS,2023-08-06,104.0,OBS
KAUS,2023-08-07,105.0,OBS
KAUS,2023-08-08,104.8,OBS
KAUS,2023-08-09,106.2,OBS
KAUS,2023-08-10,106.1,OBS
KAUS,2023-08-11,106.0,OBS
KAUS,2023-08-12,105.4,OBS
KAUS,2023-08-13,105.3,OBS
KAUS,2023-08-14,104.2,OBS
KAUS,2023-08-15,103.2,OBS
KAUS,2023-08-16,102.4,OBS
KAUS,2023-08-17,107.0,OBS
KAUS,2023-08-18,105.3,OBS
KAUS,2023-08-19,104.8,OBS
KAUS,2023-08-20,104.8,OBS
KAUS,2023-08-21,105.3,OBS
KAUS,2023-08-22,98.7,OBS
KAUS,2023-08-23,101.8,OBS
KAUS,2023-08-24,103.4,OBS
KAUS,2023-08-25,105.1,OBS
KAUS,2023-08-26,104.5,OBS
KAUS,2023-08-27,106.9,OBS
KAUS,2023-08-29,99.1,OBS
KAUS,2023-08-30,98.6,OBS
KAUS,2023-08-31,99.7,OBS
KAUS,2023-09-01,99.8,OBS
KAUS,2023-09-02,100.1,OBS
KAUS,2023-09-03,100.7,OBS
KAUS,2023-09-04,99.8,OBS
KAUS,2023-09-05,103.2,OBS
KAUS,2023-09-06,101.0,OBS
KAUS,2023-09-07,101.8,OBS
KAUS,2023-09-08,105.3,OBS
KAUS,2023-09-09,103.0,OBS
KAUS,2023-09-10,99.3,OBS
KAUS,2023-09-11,98.1,OBS
KAUS,2023-09-12,96.2,OBS
KAUS,2023-09-13,87.5,OBS
KAUS,2023-09-14,90.5,OBS
KAUS,2023-09-15,85.9,OBS
KAUS,2023-09-16,84.8,OBS
KAUS,2023-09-17,86.9,OBS
KAUS,2023-09-18,90.1,OBS
KAUS,2023-09-19,90.6,OBS
KAUS,2023-09-20,94.5,OBS
KAUS,2023-09-21,95.2,OBS
KAUS,2023-09-22,96.3,OBS
KAUS,2023-09-23,98.7,OBS
KAUS,2023-09-24,100.0,OBS
KAUS,2023-09-25,91.8,OBS
KAUS,2023-09-26,93.4,OBS
KAUS,2023-09-27,93.3,OBS
KAUS,2023-09-28,94.7,OBS
KAUS,2023-09-29,95.2,OBS
KAUS,2023-09-30,94.1,OBS
KAUS,2023-10-01,92.8,OBS
KAUS,2023-10-02,94.1,OBS
KAUS,2023-10-03,91.1,OBS
KAUS,2023-10-04,93.1,OBS
KAUS,2023-10-05,91.3,OBS
KAUS,2023-10-06,84.7,OBS
KAUS,2023-10-07,79.4,OBS
KAUS,2023-10-08,76.1,OBS
KAUS,2023-10-09,82.3,OBS
KAUS,2023-10-10,79.6,OBS
KAUS,2023-10-11,76.7,OBS
KAUS,2023-10-12,83.6,OBS
KAUS,2023-10-13,88.6,OBS
KAUS,2023-10-14,82.2,OBS
KAUS,2023-10-15,72.7,OBS
KAUS,2023-10-16,71.4,OBS
KAUS,2023-10-17,74.5,OBS
KAUS,2023-10-18,81.2,OBS
KAUS,2023-10-19,86.0,OBS
KAUS,2023-10-20,94.0,OBS
KAUS,2023-10-21,91.4,OBS
KAUS,2023-10-22,88.1,OBS
KAUS,2023-10-23,85.6,OBS
KAUS,2023-10-24,82.9,OBS
KAUS,2023-10-25,87.5,OBS
KAUS,2023-10-26,83.2,OBS
KAUS,2023-10-27,84.0,OBS
KAUS,2023-10-28,85.0,OBS
KAUS,2023-10-29,79.4,OBS
KAUS,2023-10-30,55.0,OBS
KAUS,2023-10-31,57.2,OBS
KAUS,2023-11-01,56.8,OBS
KAUS,2023-11-02,60.8,OBS
KAUS,2023-11-03,72.5,OBS
KAUS,2023-11-04,76.7,OBS
KAUS,2023-11-05,78.2,OBS
KAUS,2023-11-06,80.2,OBS
KAUS,2023-11-07,83.8,OBS
KAUS,2023-11-08,83.8,OBS
KAUS,2023-11-09,76.8,OBS
KAUS,2023-11-10,65.1,OBS
KAUS,2023-11-11,65.3,OBS
KAUS,2023-11-12,62.8,OBS
KAUS,2023-11-13,64.4,OBS
KAUS,2023-11-14,68.7,OBS
KAUS,2023-11-15,71.3,OBS
KAUS,2023-11-16,67.2,OBS
KAUS,2023-11-17,78.8,OBS
KAUS,2023-11-18,71.2,OBS
KAUS,2023-11-19,69.8,OBS
KAUS,2023-11-21,67.4,OBS
KAUS,2023-11-22,62.2,OBS
KAUS,2023-11-23,56.0,OBS
KAUS,2023-11-24,63.5,OBS
KAUS,2023-11-25,61.3,OBS
KAUS,2023-11-26,57.3,OBS
KAUS,2023-11-27,54.5,OBS
KAUS,2023-11-28,57.2,OBS
KAUS,2023-11-29,61.8,OBS
KAUS,2023-11-30,74.9,OBS
KAUS,2023-12-01,68.4,OBS
KAUS,2023-12-02,69.7,OBS
KAUS,2023-12-03,71.5,OBS
KAUS,2023-12-04,65.2,OBS
KAUS,2023-12-05,68.7,OBS
KAUS,2023-12-06,66.3,OBS
KAUS,2023-12-07,72.9,OBS
KAUS,2023-12-08,77.7,OBS
KAUS,2023-12-09,72.5,OBS
KAUS,2023-12-10,63.9,OBS
KAUS,2023-12-11,63.0,OBS
KAUS,2023-12-12,67.9,OBS
KAUS,2023-12-13,62.5,OBS
KAUS,2023-12-14,66.6,OBS
KAUS,2023-12-15,63.0,OBS
KAUS,2023-12-16,63.0,OBS
KAUS,2023-12-17,67.7,OBS
KAUS,2023-12-18,66.2,OBS
KAUS,2023-12-19,65.7,OBS
KAUS,2023-12-20,70.9,OBS
KAUS,2023-12-21,65.0,OBS
KAUS,2023-12-22,70.4,OBS
KAUS,2023-12-23,70.8,OBS
KAUS,2023-12-24,73.5,OBS
KAUS,2023-12-26,58.3,OBS
KAUS,2023-12-27,61.1,OBS
KAUS,2023-12-28,57.9,OBS
KAUS,2023-12-29,57.7,OBS
KAUS,2023-12-30,65.0,OBS
KAUS,2023-12-31,69.5,OBS
KAUS,2024-01-01,64.7,OBS
KAUS,2024-01-02,50.8,OBS
KAUS,2024-01-03,53.8,OBS
KAUS,2024-01-04,58.5,OBS
KAUS,2024-01-05,63.6,OBS
KAUS,2024-01-06,58.7,OBS
KAUS,2024-01-07,62.3,OBS
KAUS,2024-01-09,58.9,OBS
KAUS,2024-01-10,63.4,OBS
KAUS,2024-01-11,71.8,OBS
KAUS,2024-01-12,68.2,OBS
KAUS,2024-01-13,61.1,OBS
KAUS,2024-01-14,57.7,OBS
KAUS,2024-01-15,37.3,OBS
KAUS,2024-01-16,31.2,OBS
KAUS,2024-01-17,44.1,OBS
KAUS,2024-01-18,69.3,OBS
KAUS,2024-01-19,57.2,OBS
KAUS,2024-01-20,41.0,OBS
KAUS,2024-01-21,40.3,OBS
KAUS,2024-01-22,63.9,OBS
KAUS,2024-01-23,67.8,OBS
KAUS,2024-01-24,62.1,OBS
KAUS,2024-01-25,65.1,OBS
KAUS,2024-01-26,65.8,OBS
KAUS,2024-01-27,62.9,OBS
KAUS,2024-01-28,62.4,OBS
KAUS,2024-01-29,68.6,OBS
KAUS,2024-01-30,70.2,OBS
KAUS,2024-01-31,71.0,OBS
KAUS,2024-02-01,71.1,OBS
KAUS,2024-02-02,68.7,OBS
KAUS,2024-02-03,71.3,OBS
KAUS,2024-02-04,65.8,OBS
KAUS,2024-02-05,62.8,OBS
KAUS,2024-02-06,66.0,OBS
KAUS,2024-02-07,69.3,OBS
KAUS,2024-02-08,71.2,OBS
KAUS,2024-02-09,74.8,OBS
KAUS,2024-02-10,70.2,OBS
KAUS,2024-02-11,65.5,OBS
KAUS,2024-02-12,58.9,OBS
KAUS,2024-02-13,64.4,OBS
KAUS,2024-02-14,67.6,OBS
KAUS,2024-02-15,72.5,OBS
KAUS,2024-02-16,72.1,OBS
KAUS,2024-02-17,67.6,OBS
KAUS,2024-02-18,51.3,OBS
KAUS,2024-02-19,65.2,OBS
KAUS,2024-02-20,76.5,OBS
KAUS,2024-02-21,76.7,OBS
KAUS,2024-02-22,84.8,OBS
KAUS,2024-02-23,74.8,OBS
KAUS,2024-02-24,77.4,OBS
KAUS,2024-02-25,82.8,OBS
KAUS,2024-02-26,86.1,OBS
KAUS,2024-02-27,85.7,OBS
KAUS,2024-02-28,82.1,OBS
KAUS,2024-02-29,54.0,OBS
KAUS,2024-03-01,71.3,OBS
KAUS,2024-03-02,78.9,OBS
KAUS,2024-03-03,81.2,OBS
KAUS,2024-03-04,84.1,OBS
KAUS,2024-03-05,86.4,OBS
KAUS,2024-03-06,83.3,OBS
KAUS,2024-03-07,78.7,OBS
KAUS,2024-03-08,80.3,OBS
KAUS,2024-03-09,73.7,OBS
KAUS,2024-03-10,64.3,OBS
KAUS,2024-03-11,76.6,OBS
KAUS,2024-03-12,77.7,OBS
KAUS,2024-03-13,85.4,OBS
KAUS,2024-03-14,84.7,OBS
KAUS,2024-03-15,78.6,OBS
KAUS,2024-03-16,74.8,OBS
KAUS,2024-03-17,71.8,OBS
KAUS,2024-03-18,67.6,OBS
KAUS,2024-03-19,61.3,OBS
KAUS,2024-03-20,66.1,OBS
KAUS,2024-03-21,70.6,OBS
KAUS,2024-03-22,76.5,OBS
KAUS,2024-03-23,71.2,OBS
KAUS,2024-03-24,73.2,OBS
KAUS,2024-03-25,76.3,OBS
KAUS,2024-03-26,69.3,OBS
KAUS,2024-03-27,66.2,OBS
KAUS,2024-03-28,75.0,OBS
KAUS,2024-03-29,77.1,OBS
KAUS,2024-03-30,78.0,OBS
KAUS,2024-03-31,82.8,OBS
KAUS,2024-04-01,85.5,OBS
KAUS,2024-04-02,81.3,OBS
KAUS,2024-04-03,77.0,OBS
KAUS,2024-04-04,83.6,OBS
KAUS,2024-04-05,82.8,OBS
KAUS,2024-04-06,77.5,OBS
KAUS,2024-04-07,77.5,OBS
KAUS,2024-04-08,82.0,OBS
KAUS,2024-04-09,80.8,OBS
KAUS,2024-04-10,78.4,OBS
KAUS,2024-04-11,78.3,OBS
KAUS,2024-04-12,78.8,OBS
KAUS,2024-04-13,80.9,OBS
KAUS,2024-04-14,84.7,OBS
KAUS,2024-04-15,87.7,OBS
KAUS,2024-04-16,82.4,OBS
KAUS,2024-04-17,81.9,OBS
KAUS,2024-04-18,88.6,OBS
KAUS,2024-04-19,86.3,OBS
KAUS,2024-04-20,77.5,OBS
KAUS,2024-04-21,67.6,OBS
KAUS,2024-04-22,70.4,OBS
KAUS,2024-04-23,74.8,OBS
KAUS,2024-04-24,81.4,OBS
KAUS,2024-04-25,83.9,OBS
KAUS,2024-04-26,82.1,OBS
KAUS,2024-04-27,83.9,OBS
KAUS,2024-04-28,80.8,OBS
KAUS,2024-04-29,86.0,OBS
KAUS,2024-04-30,85.1,OBS
KAUS,2024-05-01,81.9,OBS
KAUS,2024-05-02,79.7,OBS
KAUS,2024-05-03,80.4,OBS
KAUS,2024-05-04,80.5,OBS
KAUS,2024-05-05,80.3,OBS
KAUS,2024-05-06,84.0,OBS
KAUS,2024-05-07,86.7,OBS
KAUS,2024-05-08,88.3,OBS
KAUS,2024-05-09,88.2,OBS
KAUS,2024-05-10,86.6,OBS
KAUS,2024-05-11,80.3,OBS
KAUS,2024-05-12,78.6,OBS
KAUS,2024-05-13,84.1,OBS
KAUS,2024-05-14,85.7,OBS
KAUS,2024-05-15,87.9,OBS
KAUS,2024-05-16,84.6,OBS
KAUS,2024-05-17,81.4,OBS
KAUS,2024-05-18,88.4,OBS
KAUS,2024-05-19,88.5,OBS
KAUS,2024-05-20,90.3,OBS
KAUS,2024-05-21,92.4,OBS
KAUS,2024-05-22,93.1,OBS
KAUS,2024-05-23,90.7,OBS
KAUS,2024-05-24,94.7,OBS
KAUS,2024-05-25,95.3,OBS
KAUS,2024-05-26,92.4,OBS
KAUS,2024-05-27,92.8,OBS
KAUS,2024-05-28,89.7,OBS
KAUS,2024-05-29,86.9,OBS
KAUS,2024-05-30,88.2,OBS
KAUS,2024-05-31,86.6,OBS
KAUS,2024-06-01,86.9,OBS
KAUS,2024-06-02,86.8,OBS
KAUS,2024-06-03,93.3,OBS
KAUS,2024-06-04,96.3,OBS
KAUS,2024-06-05,89.5,OBS
KAUS,2024-06-06,90.6,OBS
KAUS,2024-06-07,91.0,OBS
KAUS,2024-06-08,92.9,OBS
KAUS,2024-06-09,92.3,OBS
KAUS,2024-06-10,90.7,OBS
KAUS,2024-06-11,90.3,OBS
KAUS,2024-06-12,86.9,OBS
KAUS,2024-06-13,89.9,OBS
KAUS,2024-06-14,92.1,OBS
KAUS,2024-06-15,92.5,OBS
KAUS,2024-06-16,94.6,OBS
KAUS,2024-06-17,93.8,OBS
KAUS,2024-06-18,93.1,OBS
KAUS,2024-06-19,89.3,OBS
KAUS,2024-06-20,87.0,OBS
KAUS,2024-06-21,87.7,OBS
KAUS,2024-06-22,89.9,OBS
KAUS,2024-06-23,91.4,OBS
KAUS,2024-06-24,91.8,OBS
KAUS,2024-06-25,95.0,OBS
KAUS,2024-06-26,95.2,OBS
KAUS,2024-06-27,96.8,OBS
KAUS,2024-06-28,97.2,OBS
KAUS,2024-06-29,98.8,OBS
KAUS,2024-06-30,96.4,OBS
KAUS,2024-07-01,97.4,OBS
KAUS,2024-07-02,99.7,OBS
KAUS,2024-07-03,98.1,OBS
KAUS,2024-07-04,99.2,OBS
KAUS,2024-07-05,98.2,OBS
KAUS,2024-07-06,95.8,OBS
KAUS,2024-07-07,94.2,OBS
KAUS,2024-07-08,92.1,OBS
KAUS,2024-07-09,94.6,OBS
KAUS,2024-07-10,95.3,OBS
KAUS,2024-07-11,94.4,OBS
KAUS,2024-07-12,91.8,OBS
KAUS,2024-07-13,89.0,OBS
KAUS,2024-07-14,89.2,OBS
KAUS,2024-07-15,93.8,OBS
KAUS,2024-07-16,95.8,OBS
KAUS,2024-07-17,96.3,OBS
KAUS,2024-07-18,94.2,OBS
KAUS,2024-07-19,93.6,OBS
KAUS,2024-07-20,94.0,OBS
KAUS,2024-07-21,96.6,OBS
KAUS,2024-07-22,88.5,OBS
KAUS,2024-07-23,85.3,OBS
KAUS,2024-07-24,86.4,OBS
KAUS,2024-07-25,86.0,OBS
KAUS,2024-07-26,83.9,OBS
KAUS,2024-07-27,85.8,OBS
KAUS,2024-07-28,87.9,OBS
KAUS,2024-07-29,91.1,OBS
KAUS,2024-07-30,93.6,OBS
KAUS,2024-07-31,94.2,OBS
KAUS,2024-08-01,94.9,OBS
KAUS,2024-08-02,97.0,OBS
KAUS,2024-08-03,98.2,OBS
KAUS,2024-08-04,96.5,OBS
KAUS,2024-08-05,95.6,OBS
KAUS,2024-08-06,97.2,OBS
KAUS,2024-08-07,99.9,OBS
KAUS,2024-08-08,99.1,OBS
KAUS,2024-08-09,97.8,OBS
KAUS,2024-08-10,93.7,OBS
KAUS,2024-08-11,98.0,OBS
KAUS,2024-08-12,98.2,OBS
KAUS,2024-08-13,98.2,OBS
KAUS,2024-08-14,97.8,OBS
KAUS,2024-08-15,99.1,OBS
KAUS,2024-08-16,99.6,OBS
KAUS,2024-08-17,98.8,OBS
KAUS,2024-08-18,98.9,OBS
KAUS,2024-08-19,101.2,OBS
KAUS,2024-08-20,104.3,OBS
KAUS,2024-08-21,105.9,OBS
KAUS,2024-08-22,102.7,OBS
KAUS,2024-08-23,96.1,OBS
KAUS,2024-08-24,97.4,OBS
KAUS,2024-08-25,97.0,OBS
KAUS,2024-08-26,94.6,OBS
KAUS,2024-08-27,89.2,OBS
KAUS,2024-08-28,88.1,OBS
KAUS,2024-08-29,90.1,OBS
KAUS,2024-08-30,91.1,OBS
KAUS,2024-08-31,91.9,OBS
KAUS,2024-09-01,90.9,OBS
KAUS,2024-09-02,88.4,OBS
KAUS,2024-09-03,84.9,OBS
KAUS,2024-09-04,84.1,OBS
KAUS,2024-09-05,84.8,OBS
KAUS,2024-09-06,88.0,OBS
KAUS,2024-09-07,84.8,OBS
KAUS,2024-09-08,81.6,OBS
KAUS,2024-09-09,83.7,OBS
KAUS,2024-09-10,90.0,OBS
KAUS,2024-09-11,89.3,OBS
KAUS,2024-09-12,91.4,OBS
KAUS,2024-09-13,95.1,OBS
KAUS,2024-09-14,95.0,OBS
KAUS,2024-09-15,94.6,OBS
KAUS,2024-09-16,93.7,OBS
KAUS,2024-09-17,93.4,OBS
KAUS,2024-09-18,96.0,OBS
KAUS,2024-09-19,96.6,OBS
KAUS,2024-09-20,96.6,OBS
KAUS,2024-09-21,96.9,OBS
KAUS,2024-09-22,94.7,OBS
KAUS,2024-09-23,92.0,OBS
KAUS,2024-09-24,92.0,OBS
KAUS,2024-09-25,92.2,OBS
KAUS,2024-09-26,86.0,OBS
KAUS,2024-09-27,90.0,OBS
KAUS,2024-09-28,91.2,OBS
KAUS,2024-09-29,90.7,OBS
KAUS,2024-09-30,91.6,OBS
KAUS,2024-10-01,93.2,OBS
KAUS,2024-10-02,90.3,OBS
KAUS,2024-10-03,91.8,OBS
KAUS,2024-10-04,91.8,OBS
KAUS,2024-10-05,91.8,OBS
KAUS,2024-10-06,91.6,OBS
KAUS,2024-10-07,92.5,OBS
KAUS,2024-10-08,90.9,OBS
KAUS,2024-10-09,89.9,OBS
KAUS,2024-10-10,93.5,OBS
KAUS,2024-10-11,92.5,OBS
KAUS,2024-10-12,94.4,OBS
KAUS,2024-10-13,99.3,OBS
KAUS,2024-10-14,94.4,OBS
KAUS,2024-10-15,96.6,OBS
KAUS,2024-10-16,87.5,OBS
KAUS,2024-10-17,77.4,OBS
KAUS,2024-10-18,82.2,OBS
KAUS,2024-10-19,85.2,OBS
KAUS,2024-10-20,84.4,OBS
KAUS,2024-10-21,85.6,OBS
KAUS,2024-10-22,87.6,OBS
KAUS,2024-10-23,88.2,OBS
KAUS,2024-10-24,88.2,OBS
KAUS,2024-10-25,89.2,OBS
KAUS,2024-10-26,90.1,OBS
KAUS,2024-10-27,90.9,OBS
KAUS,2024-10-28,88.6,OBS
KAUS,2024-10-29,87.8,OBS
KAUS,2024-10-30,88.7,OBS
KAUS,2024-10-31,83.4,OBS
KAUS,2024-11-01,83.8,OBS
KAUS,2024-11-02,84.7,OBS
KAUS,2024-11-03,88.1,OBS
KAUS,2024-11-04,85.7,OBS
KAUS,2024-11-05,78.2,OBS
KAUS,2024-11-06,76.1,OBS
KAUS,2024-11-07,83.2,OBS
KAUS,2024-11-08,84.3,OBS
KAUS,2024-11-09,73.8,OBS
KAUS,2024-11-10,81.4,OBS
KAUS,2024-11-11,78.8,OBS
KAUS,2024-11-12,81.7,OBS
KAUS,2024-11-13,84.2,OBS
KAUS,2024-11-14,73.2,OBS
KAUS,2024-11-15,74.9,OBS
KAUS,2024-11-16,81.2,OBS
KAUS,2024-11-17,85.6,OBS
KAUS,2024-11-18,80.0,OBS
KAUS,2024-11-19,79.3,OBS
KAUS,2024-11-20,68.4,OBS
KAUS,2024-11-21,69.4,OBS
KAUS,2024-11-22,72.3,OBS
KAUS,2024-11-23,75.2,OBS
KAUS,2024-11-24,80.5,OBS
KAUS,2024-11-25,79.8,OBS
KAUS,2024-11-26,65.9,OBS
KAUS,2024-11-27,77.8,OBS
KAUS,2024-11-28,72.1,OBS
KAUS,2024-11-29,56.6,OBS
KAUS,2024-11-30,62.9,OBS
KAUS,2024-12-01,64.8,OBS
KAUS,2024-12-02,66.1,OBS
KAUS,2024-12-03,62.0,OBS
KAUS,2024-12-04,64.3,OBS
KAUS,2024-12-05,62.6,OBS
KAUS,2024-12-06,58.3,OBS
KAUS,2024-12-07,50.1,OBS
KAUS,2024-12-08,63.1,OBS
KAUS,2024-12-09,80.3,OBS
KAUS,2024-12-10,66.1,OBS
KAUS,2024-12-11,60.9,OBS
KAUS,2024-12-12,63.2,OBS
KAUS,2024-12-13,70.5,OBS
KAUS,2024-12-14,79.6,OBS
KAUS,2024-12-15,78.1,OBS
KAUS,2024-12-16,78.5,OBS
KAUS,2024-12-17,78.7,OBS
KAUS,2024-12-18,72.1,OBS
KAUS,2024-12-19,63.7,OBS
KAUS,2024-12-20,64.2,OBS
KAUS,2024-12-21,60.4,OBS
KAUS,2024-12-22,68.4,OBS
KAUS,2024-12-23,76.5,OBS
KAUS,2024-12-24,78.2,OBS
KAUS,2024-12-25,72.5,OBS
KAUS,2024-12-26,76.1,OBS
KAUS,2024-12-27,78.0,OBS
KAUS,2024-12-28,77.2,OBS
KAUS,2024-12-29,72.0,OBS
KAUS,2024-12-30,79.9,OBS
KAUS,2024-12-31,68.4,OBS
KAUS,2025-01-01,57.0,OBS
KAUS,2025-01-02,61.5,OBS
KAUS,2025-01-03,67.6,OBS
KAUS,2025-01-04,71.8,OBS
KAUS,2025-01-05,72.6,OBS
KAUS,2025-01-06,53.1,OBS
KAUS,2025-01-07,45.0,OBS
KAUS,2025-01-08,40.8,OBS
KAUS,2025-01-09,40.5,OBS
KAUS,2025-01-10,46.8,OBS
KAUS,2025-01-11,55.5,OBS
KAUS,2025-01-12,60.0,OBS
KAUS,2025-01-13,53.3,OBS
KAUS,2025-01-14,55.5,OBS
KAUS,2025-01-15,58.5,OBS
KAUS,2025-01-16,62.8,OBS
KAUS,2025-01-17,59.8,OBS
KAUS,2025-01-18,59.3,OBS
KAUS,2025-01-19,53.2,OBS
KAUS,2025-01-20,36.6,OBS
KAUS,2025-01-21,35.2,OBS
KAUS,2025-01-22,45.0,OBS
KAUS,2025-01-23,52.4,OBS
KAUS,2025-01-24,55.1,OBS
KAUS,2025-01-25,61.3,OBS
KAUS,2025-01-26,59.7,OBS
KAUS,2025-01-27,55.8,OBS
KAUS,2025-01-28,56.8,OBS
KAUS,2025-01-29,69.1,OBS
KAUS,2025-01-30,71.0,OBS
KAUS,2025-01-31,68.5,OBS
KAUS,2025-02-01,70.7,OBS
KAUS,2025-02-02,74.0,OBS
KAUS,2025-02-03,79.1,OBS
KAUS,2025-02-04,80.5,OBS
KAUS,2025-02-05,79.1,OBS
KAUS,2025-02-06,80.7,OBS
KAUS,2025-02-07,81.4,OBS
KAUS,2025-02-08,86.0,OBS
KAUS,2025-02-09,81.0,OBS
KAUS,2025-02-10,61.4,OBS
KAUS,2025-02-11,61.1,OBS
KAUS,2025-02-12,64.9,OBS
KAUS,2025-02-13,58.4,OBS
KAUS,2025-02-14,50.5,OBS
KAUS,2025-02-15,73.7,OBS
KAUS,2025-02-16,66.9,OBS
KAUS,2025-02-17,62.0,OBS
KAUS,2025-02-18,67.4,OBS
KAUS,2025-02-19,62.0,OBS
KAUS,2025-02-20,36.6,OBS
KAUS,2025-02-21,36.8,OBS
KAUS,2025-02-22,41.2,OBS
KAUS,2025-02-23,63.5,OBS
KAUS,2025-02-24,70.7,OBS
KAUS,2025-02-25,72.5,OBS
KAUS,2025-02-26,78.0,OBS
KAUS,2025-02-27,73.8,OBS
KAUS,2025-02-28,73.3,OBS
KAUS,2025-03-01,81.1,OBS
KAUS,2025-03-02,80.6,OBS
KAUS,2025-03-03,81.4,OBS
KAUS,2025-03-04,77.7,OBS
KAUS,2025-03-05,72.5,OBS
KAUS,2025-03-06,73.4,OBS
KAUS,2025-03-07,83.8,OBS
KAUS,2025-03-08,82.4,OBS
KAUS,2025-03-09,68.0,OBS
KAUS,2025-03-10,76.1,OBS
KAUS,2025-03-11,80.3,OBS
KAUS,2025-03-12,90.4,OBS
KAUS,2025-03-13,89.8,OBS
KAUS,2025-03-14,95.0,OBS
KAUS,2025-03-15,87.7,OBS
KAUS,2025-03-16,79.1,OBS
KAUS,2025-03-17,81.0,OBS
KAUS,2025-03-18,84.1,OBS
KAUS,2025-03-19,78.2,OBS
KAUS,2025-03-20,72.2,OBS
KAUS,2025-03-21,77.5,OBS
KAUS,2025-03-22,84.7,OBS
KAUS,2025-03-23,88.7,OBS
KAUS,2025-03-24,84.1,OBS
KAUS,2025-03-25,90.3,OBS
KAUS,2025-03-26,86.7,OBS
KAUS,2025-03-27,73.2,OBS
KAUS,2025-03-28,74.8,OBS
KAUS,2025-03-29,83.8,OBS
KAUS,2025-03-30,81.0,OBS
KAUS,2025-03-31,79.6,OBS
KAUS,2025-04-01,82.9,OBS
KAUS,2025-04-02,84.7,OBS
KAUS,2025-04-03,89.2,OBS
KAUS,2025-04-04,89.2,OBS
KAUS,2025-04-05,76.2,OBS
KAUS,2025-04-06,65.7,OBS
KAUS,2025-04-07,67.3,OBS
KAUS,2025-04-08,74.2,OBS
KAUS,2025-04-09,83.4,OBS
KAUS,2025-04-10,88.3,OBS
KAUS,2025-04-11,88.3,OBS
KAUS,2025-04-12,87.5,OBS
KAUS,2025-04-13,91.0,OBS
KAUS,2025-04-14,91.4,OBS
KAUS,2025-04-15,88.8,OBS
KAUS,2025-04-16,86.1,OBS
KAUS,2025-04-17,88.2,OBS
KAUS,2025-04-18,91.9,OBS
KAUS,2025-04-19,85.3,OBS
KAUS,2025-04-20,85.2,OBS
KAUS,2025-04-21,86.1,OBS
KAUS,2025-04-22,89.8,OBS
KAUS,2025-04-23,87.7,OBS
KAUS,2025-04-24,84.8,OBS
KAUS,2025-04-25,84.8,OBS
KAUS,2025-04-26,84.2,OBS
KAUS,2025-04-27,87.2,OBS
KAUS,2025-04-28,89.5,OBS
KAUS,2025-04-29,91.9,OBS
KAUS,2025-04-30,85.9,OBS
KAUS,2025-05-01,82.0,OBS
KAUS,2025-05-02,80.6,OBS
KAUS,2025-05-03,75.5,OBS
KAUS,2025-05-04,77.2,OBS
KAUS,2025-05-05,74.2,OBS
KAUS,2025-05-06,83.5,OBS
KAUS,2025-05-07,81.7,OBS
KAUS,2025-05-08,80.1,OBS
KAUS,2025-05-09,79.8,OBS
KAUS,2025-05-10,78.3,OBS
KAUS,2025-05-11,81.7,OBS
KAUS,2025-05-12,89.9,OBS
KAUS,2025-05-13,98.4,OBS
KAUS,2025-05-14,99.7,OBS
KAUS,2025-05-15,96.9,OBS
KAUS,2025-05-16,97.2,OBS
KAUS,2025-05-17,96.3,OBS
KAUS,2025-05-18,96.0,OBS
KAUS,2025-05-19,92.9,OBS
KAUS,2025-05-20,91.4,OBS
KAUS,2025-05-21,93.6,OBS
KAUS,2025-05-22,97.6,OBS
KAUS,2025-05-23,99.3,OBS
KAUS,2025-05-24,99.8,OBS
KAUS,2025-05-25,95.9,OBS
KAUS,2025-05-26,92.0,OBS
KAUS,2025-05-27,89.5,OBS
KAUS,2025-05-28,85.8,OBS
KAUS,2025-05-29,90.3,OBS
KAUS,2025-05-30,87.6,OBS
KAUS,2025-05-31,85.6,OBS
KAUS,2025-06-01,93.6,OBS
KAUS,2025-06-02,96.9,OBS
KAUS,2025-06-03,92.4,OBS
KAUS,2025-06-04,90.1,OBS
KAUS,2025-06-05,93.8,OBS
KAUS,2025-06-06,97.6,OBS
KAUS,2025-06-07,98.1,OBS
KAUS,2025-06-08,99.2,OBS
KAUS,2025-06-09,97.7,OBS
KAUS,2025-06-10,92.5,OBS
KAUS,2025-06-11,91.7,OBS
KAUS,2025-06-12,84.4,OBS
KAUS,2025-06-13,86.3,OBS
KAUS,2025-06-14,85.3,OBS
KAUS,2025-06-15,88.2,OBS
KAUS,2025-06-16,89.9,OBS
KAUS,2025-06-17,91.3,OBS
KAUS,2025-06-18,92.3,OBS
KAUS,2025-06-19,92.8,OBS
KAUS,2025-06-20,93.2,OBS
KAUS,2025-06-21,95.5,OBS
KAUS,2025-06-22,95.3,OBS
KAUS,2025-06-23,95.2,OBS
KAUS,2025-06-24,93.8,OBS
KAUS,2025-06-25,92.1,OBS
KAUS,2025-06-26,92.1,OBS
KAUS,2025-06-27,93.0,OBS
KAUS,2025-06-28,94.3,OBS
KAUS,2025-06-29,92.4,OBS
KAUS,2025-06-30,92.6,OBS
KAUS,2025-07-01,91.3,OBS
KAUS,2025-07-02,93.9,OBS
KAUS,2025-07-03,87.7,OBS
KAUS,2025-07-04,82.5,OBS
KAUS,2025-07-05,80.8,OBS
KAUS,2025-07-06,88.1,OBS
KAUS,2025-07-07,88.1,OBS
KAUS,2025-07-08,88.0,OBS
KAUS,2025-07-09,82.8,OBS
KAUS,2025-07-10,88.4,OBS
KAUS,2025-07-11,89.4,OBS
KAUS,2025-07-12,85.6,OBS
KAUS,2025-07-13,86.9,OBS
KAUS,2025-07-14,89.2,OBS
KAUS,2025-07-15,91.3,OBS
KAUS,2025-07-16,96.2,OBS
KAUS,2025-07-17,95.2,OBS
KAUS,2025-07-18,93.7,OBS
KAUS,2025-07-19,92.4,OBS
KAUS,2025-07-20,91.0,OBS
KAUS,2025-07-21,95.0,OBS
KAUS,2025-07-22,96.0,OBS
KAUS,2025-07-23,96.1,OBS
KAUS,2025-07-24,97.0,OBS
KAUS,2025-07-25,95.4,OBS
KAUS,2025-07-26,93.0,OBS
KAUS,2025-07-27,92.2,OBS
KAUS,2025-07-28,93.2,OBS
KAUS,2025-07-29,97.2,OBS
KAUS,2025-07-30,97.7,OBS
KAUS,2025-07-31,98.3,OBS
KAUS,2025-08-01,97.8,OBS
KAUS,2025-08-02,95.8,OBS
KAUS,2025-08-03,94.7,OBS
KAUS,2025-08-04,93.5,OBS
KAUS,2025-08-05,93.5,OBS
KAUS,2025-08-06,95.5,OBS
KAUS,2025-08-07,97.7,OBS
KAUS,2025-08-08,97.9,OBS
KAUS,2025-08-09,96.9,OBS
KAUS,2025-08-10,95.4,OBS
KAUS,2025-08-11,96.1,OBS
KAUS,2025-08-12,96.7,OBS
KAUS,2025-08-13,93.8,OBS
KAUS,2025-08-14,98.8,OBS
KAUS,2025-08-15,96.8,OBS
KAUS,2025-08-16,94.6,OBS
KAUS,2025-08-17,99.0,OBS
KAUS,2025-08-18,98.6,OBS
KAUS,2025-08-19,96.6,OBS
KAUS,2025-08-20,96.9,OBS
KAUS,2025-08-21,94.6,OBS
KAUS,2025-08-22,92.0,OBS
KAUS,2025-08-23,92.6,OBS
KAUS,2025-08-24,97.5,OBS
KAUS,2025-08-25,95.6,OBS
KAUS,2025-08-26,96.0,OBS
KAUS,2025-08-27,93.2,OBS
KAUS,2025-08-28,99.8,OBS
KAUS,2025-08-29,99.7,OBS
KAUS,2025-08-30,96.5,OBS
KAUS,2025-08-31,91.5,OBS
KAUS,2025-09-01,90.0,OBS
KAUS,2025-09-02,92.9,OBS
KAUS,2025-09-03,96.1,OBS
KAUS,2025-09-04,100.2,OBS
KAUS,2025-09-05,99.5,OBS
KAUS,2025-09-06,96.0,OBS
KAUS,2025-09-07,87.3,OBS
KAUS,2025-09-08,85.6,OBS
KAUS,2025-09-09,89.0,OBS
KAUS,2025-09-10,92.5,OBS
KAUS,2025-09-11,92.5,OBS
KAUS,2025-09-12,94.6,OBS
KAUS,2025-09-13,92.2,OBS
KAUS,2025-09-14,94.5,OBS
KAUS,2025-09-15,91.4,OBS
KAUS,2025-09-16,90.9,OBS
KAUS,2025-09-17,91.8,OBS
KAUS,2025-09-18,92.7,OBS
KAUS,2025-09-19,92.6,OBS
KAUS,2025-09-20,92.4,OBS
KAUS,2025-09-21,94.6,OBS
KAUS,2025-09-22,95.4,OBS
KAUS,2025-09-23,97.3,OBS
KAUS,2025-09-24,95.3,OBS
KAUS,2025-09-25,88.2,OBS
KAUS,2025-09-26,89.0,OBS
KAUS,2025-09-27,89.5,OBS
KAUS,2025-09-28,87.3,OBS
KAUS,2025-09-29,86.8,OBS
KAUS,2025-09-30,90.8,OBS
KAUS,2025-10-01,94.6,OBS
KAUS,2025-10-02,94.2,OBS
KAUS,2025-10-03,92.7,OBS
KAUS,2025-10-04,89.3,OBS
KAUS,2025-10-05,90.9,OBS
KAUS,2025-10-06,90.9,OBS
KAUS,2025-10-07,92.6,OBS
KAUS,2025-10-08,92.5,OBS
KAUS,2025-10-09,90.2,OBS
KAUS,2025-10-10,90.3,OBS
KAUS,2025-10-11,90.7,OBS
KAUS,2025-10-12,90.2,OBS
KAUS,2025-10-13,89.1,OBS
KAUS,2025-10-14,89.0,OBS
KAUS,2025-10-15,90.3,OBS
KAUS,2025-10-16,85.6,OBS
KAUS,2025-10-17,91.8,OBS
KAUS,2025-10-18,94.4,OBS
KAUS,2025-10-19,89.9,OBS
KAUS,2025-10-20,92.4,OBS
KAUS,2025-10-21,88.0,OBS
KAUS,2025-10-22,85.9,OBS
KAUS,2025-10-23,90.1,OBS
KAUS,2025-10-24,87.6,OBS
KAUS,2025-10-25,77.0,OBS
KAUS,2025-10-26,80.6,OBS
KAUS,2025-10-27,86.5,OBS
KAUS,2025-10-28,85.1,OBS
KAUS,2025-10-29,71.3,OBS
KAUS,2025-10-30,69.7,OBS
KAUS,2025-10-31,74.5,OBS
KAUS,2025-11-01,72.7,OBS
KAUS,2025-11-02,72.6,OBS
KAUS,2025-11-03,76.9,OBS
KAUS,2025-11-04,78.4,OBS
KAUS,2025-11-05,82.3,OBS
KAUS,2025-11-06,83.0,OBS
KAUS,2025-11-07,90.4,OBS
KAUS,2025-11-08,85.6,OBS
KAUS,2025-11-09,76.5,OBS
KAUS,2025-11-10,62.8,OBS
KAUS,2025-11-11,71.8,OBS
KAUS,2025-11-12,81.3,OBS
KAUS,2025-11-13,83.2,OBS
KAUS,2025-11-14,83.1,OBS
KAUS,2025-11-15,82.8,OBS
KAUS,2025-11-16,84.9,OBS
KAUS,2025-11-17,85.8,OBS
KAUS,2025-11-18,84.5,OBS
KAUS,2025-11-19,85.9,OBS
KAUS,2025-11-20,84.0,OBS
KAUS,2025-11-21,75.3,OBS
KAUS,2025-11-22,74.4,OBS
KAUS,2025-11-23,67.6,OBS
KAUS,2025-11-24,77.6,OBS
KAUS,2025-11-25,78.8,OBS
KAUS,2025-11-26,70.2,OBS
KAUS,2025-11-27,62.0,OBS
KAUS,2025-11-28,69.9,OBS
KAUS,2025-11-29,77.8,OBS
KAUS,2025-11-30,68.6,OBS
KAUS,2025-12-01,47.5,OBS
KAUS,2025-12-02,53.2,OBS
KAUS,2025-12-03,57.1,OBS
KAUS,2025-12-04,55.2,OBS
KAUS,2025-12-05,52.5,OBS
KAUS,2025-12-06,72.6,OBS
KAUS,2025-12-07,68.9,OBS
KAUS,2025-12-08,58.7,OBS
KAUS,2025-12-09,66.4,OBS
KAUS,2025-12-10,70.2,OBS
KAUS,2025-12-11,69.1,OBS
KAUS,2025-12-12,72.0,OBS
KAUS,2025-12-13,77.9,OBS
KAUS,2025-12-14,68.9,OBS
KAUS,2025-12-15,54.2,OBS
KAUS,2025-12-16,59.8,OBS
KAUS,2025-12-17,64.8,OBS
KAUS,2025-12-18,75.3,OBS
KAUS,2025-12-19,67.3,OBS
KAUS,2025-12-20,74.7,OBS
KAUS,2025-12-21,70.6,OBS
KAUS,2025-12-22,76.0,OBS
KAUS,2025-12-23,80.3,OBS
KAUS,2025-12-24,79.2,OBS
KAUS,2025-12-25,78.6,OBS
KAUS,2025-12-26,81.8,OBS
KAUS,2025-12-27,81.1,OBS
KAUS,2025-12-28,78.7,OBS
KAUS,2025-12-29,73.9,OBS
KAUS,2025-12-30,57.4,OBS
KAUS,2025-12-31,69.6,OBS
KAUS,2026-01-01,72.6,OBS
KAUS,2026-01-02,86.2,OBS
KAUS,2026-01-03,75.8,OBS
KAUS,2026-01-04,68.4,OBS
KAUS,2026-01-05,76.6,OBS
KAUS,2026-01-06,81.9,OBS
KAUS,2026-01-07,78.7,OBS
KAUS,2026-01-08,78.7,OBS
KAUS,2026-01-09,73.7,OBS
KAUS,2026-01-10,66.1,OBS
KAUS,2026-01-11,62.0,OBS
KAUS,2026-01-12,63.4,OBS
KAUS,2026-01-13,59.5,OBS
KAUS,2026-01-14,67.2,OBS
KAUS,2026-01-15,63.8,OBS
KAUS,2026-01-16,72.9,OBS
KAUS,2026-01-17,59.0,OBS
KAUS,2026-01-18,62.4,OBS
KAUS,2026-01-19,65.7,OBS
KAUS,2026-01-20,58.8,OBS
KAUS,2026-01-21,73.1,OBS
KAUS,2026-01-22,69.3,OBS
KAUS,2026-01-23,68.1,OBS
KAUS,2026-01-24,62.9,OBS
KAUS,2026-01-25,32.0,OBS
KAUS,2026-01-26,36.1,OBS
KAUS,2026-01-27,45.9,OBS
KAUS,2026-01-28,54.0,OBS
KAUS,2026-01-29,66.0,OBS
KAUS,2026-01-30,61.4,OBS
KAUS,2026-01-31,49.9,OBS
KAUS,2026-02-01,52.8,OBS
KAUS,2026-02-02,68.2,OBS
KAUS,2026-02-03,71.7,OBS
KAUS,2026-02-04,66.5,OBS
KAUS,2026-02-05,66.8,OBS
KAUS,2026-02-06,79.2,OBS
KAUS,2026-02-07,80.7,OBS
KAUS,2026-02-08,77.8,OBS
KAUS,2026-02-09,82.7,OBS
KAUS,2026-02-10,76.8,OBS
KAUS,2026-02-11,73.2,OBS
KAUS,2026-02-12,78.8,OBS
KAUS,2026-02-13,79.8,OBS
KAUS,2026-02-14,75.2,OBS
KAUS,2026-02-15,72.0,OBS
KAUS,2026-02-16,74.2,OBS
KAUS,2026-02-17,81.0,OBS
KAUS,2026-02-18,77.0,OBS
KAUS,2026-02-19,81.9,OBS
KAUS,2026-02-20,77.4,OBS
KAUS,2026-02-21,69.6,OBS
KAUS,2026-02-22,64.7,OBS
KAUS,2026-02-23,63.4,OBS
KAUS,2026-02-24,72.7,OBS
KAUS,2026-02-25,84.0,OBS
KAUS,2023-05-12,87.7,GFS
KAUS,2023-05-13,84.2,GFS
KAUS,2023-05-14,82.0,GFS
KAUS,2023-05-15,82.9,GFS
KAUS,2023-05-16,82.6,GFS
KAUS,2023-05-17,87.0,GFS
KAUS,2023-05-18,88.7,GFS
KAUS,2023-05-19,90.0,GFS
KAUS,2023-05-20,88.1,GFS
KAUS,2023-05-21,80.7,GFS
KAUS,2023-05-22,84.1,GFS
KAUS,2023-05-23,89.4,GFS
KAUS,2023-05-24,88.2,GFS
KAUS,2023-05-25,84.2,GFS
KAUS,2023-05-26,86.2,GFS
KAUS,2023-05-27,85.8,GFS
KAUS,2023-05-28,84.3,GFS
KAUS,2023-05-29,85.1,GFS
KAUS,2023-05-30,87.2,GFS
KAUS,2023-05-31,88.1,GFS
KAUS,2023-06-01,89.4,GFS
KAUS,2023-06-02,89.4,GFS
KAUS,2023-06-03,90.6,GFS
KAUS,2023-06-04,89.8,GFS
KAUS,2023-06-05,85.1,GFS
KAUS,2023-06-06,87.7,GFS
KAUS,2023-06-07,90.3,GFS
KAUS,2023-06-08,88.4,GFS
KAUS,2023-06-09,95.1,GFS
KAUS,2023-06-10,95.3,GFS
KAUS,2023-06-11,95.9,GFS
KAUS,2023-06-12,95.1,GFS
KAUS,2023-06-13,93.1,GFS
KAUS,2023-06-14,93.4,GFS
KAUS,2023-06-15,97.7,GFS
KAUS,2023-06-16,99.2,GFS
KAUS,2023-06-17,95.8,GFS
KAUS,2023-06-18,101.7,GFS
KAUS,2023-06-19,101.2,GFS
KAUS,2023-06-20,101.5,GFS
KAUS,2023-06-21,100.5,GFS
KAUS,2023-06-22,96.1,GFS
KAUS,2023-06-23,96.6,GFS
KAUS,2023-06-24,98.4,GFS
KAUS,2023-06-25,97.8,GFS
KAUS,2023-06-26,98.8,GFS
KAUS,2023-06-27,99.3,GFS
KAUS,2023-06-28,98.6,GFS
KAUS,2023-06-29,96.7,GFS
KAUS,2023-06-30,96.5,GFS
KAUS,2023-07-01,98.3,GFS
KAUS,2023-07-02,95.2,GFS
KAUS,2023-07-03,94.8,GFS
KAUS,2023-07-04,94.2,GFS
KAUS,2023-07-05,94.0,GFS
KAUS,2023-07-06,92.9,GFS
KAUS,2023-07-07,90.3,GFS
KAUS,2023-07-08,98.8,GFS
KAUS,2023-07-09,99.3,GFS
KAUS,2023-07-10,101.1,GFS
KAUS,2023-07-11,100.7,GFS
KAUS,2023-07-12,103.5,GFS
KAUS,2023-07-13,103.2,GFS
KAUS,2023-07-14,102.4,GFS
KAUS,2023-07-15,102.7,GFS
KAUS,2023-07-16,102.2,GFS
KAUS,2023-07-17,102.4,GFS
KAUS,2023-07-18,102.9,GFS
KAUS,2023-07-19,102.4,GFS
KAUS,2023-07-20,101.8,GFS
KAUS,2023-07-21,100.6,GFS
KAUS,2023-07-22,102.1,GFS
KAUS,2023-07-23,101.3,GFS
KAUS,2023-07-24,100.5,GFS
KAUS,2023-07-25,99.6,GFS
KAUS,2023-07-26,100.2,GFS
KAUS,2023-07-27,99.0,GFS
KAUS,2023-07-28,98.5,GFS
KAUS,2023-07-29,99.2,GFS
KAUS,2023-07-30,100.5,GFS
KAUS,2023-07-31,102.3,GFS
KAUS,2023-08-01,101.9,GFS
KAUS,2023-08-02,101.8,GFS
KAUS,2023-08-03,100.8,GFS
KAUS,2023-08-04,102.7,GFS
KAUS,2023-08-05,102.8,GFS
KAUS,2023-08-06,102.2,GFS
KAUS,2023-08-07,103.7,GFS
KAUS,2023-08-08,103.4,GFS
KAUS,2023-08-09,104.8,GFS
KAUS,2023-08-10,104.3,GFS
KAUS,2023-08-11,104.7,GFS
KAUS,2023-08-12,104.0,GFS
KAUS,2023-08-13,103.9,GFS
KAUS,2023-08-14,103.3,GFS
KAUS,2023-08-15,101.9,GFS
KAUS,2023-08-16,101.6,GFS
KAUS,2023-08-17,105.9,GFS
KAUS,2023-08-18,104.1,GFS
KAUS,2023-08-19,103.2,GFS
KAUS,2023-08-20,104.1,GFS
KAUS,2023-08-21,103.3,GFS
KAUS,2023-08-22,98.0,GFS
KAUS,2023-08-23,100.0,GFS
KAUS,2023-08-24,103.7,GFS
KAUS,2023-08-25,104.2,GFS
KAUS,2023-08-26,103.9,GFS
KAUS,2023-08-27,107.0,GFS
KAUS,2023-08-29,96.8,GFS
KAUS,2023-08-30,98.6,GFS
KAUS,2023-08-31,99.3,GFS
KAUS,2023-09-01,99.0,GFS
KAUS,2023-09-02,99.2,GFS
KAUS,2023-09-03,99.7,GFS
KAUS,2023-09-04,100.2,GFS
KAUS,2023-09-05,101.5,GFS
KAUS,2023-09-06,100.7,GFS
KAUS,2023-09-07,102.9,GFS
KAUS,2023-09-08,104.4,GFS
KAUS,2023-09-09,101.8,GFS
KAUS,2023-09-10,101.3,GFS
KAUS,2023-09-11,96.1,GFS
KAUS,2023-09-12,94.4,GFS
KAUS,2023-09-13,91.4,GFS
KAUS,2023-09-14,94.0,GFS
KAUS,2023-09-15,88.8,GFS
KAUS,2023-09-16,87.0,GFS
KAUS,2023-09-17,91.9,GFS
KAUS,2023-09-18,95.9,GFS
KAUS,2023-09-19,96.0,GFS
KAUS,2023-09-20,98.2,GFS
KAUS,2023-09-21,96.6,GFS
KAUS,2023-09-22,98.0,GFS
KAUS,2023-09-23,99.6,GFS
KAUS,2023-09-24,101.5,GFS
KAUS,2023-09-25,97.5,GFS
KAUS,2023-09-26,94.5,GFS
KAUS,2023-09-27,93.9,GFS
KAUS,2023-09-28,95.0,GFS
KAUS,2023-09-29,95.2,GFS
KAUS,2023-09-30,95.8,GFS
KAUS,2023-10-01,93.0,GFS
KAUS,2023-10-02,93.7,GFS
KAUS,2023-10-03,93.7,GFS
KAUS,2023-10-04,97.7,GFS
KAUS,2023-10-05,91.4,GFS
KAUS,2023-10-06,87.0,GFS
KAUS,2023-10-07,81.5,GFS
KAUS,2023-10-08,79.9,GFS
KAUS,2023-10-09,83.5,GFS
KAUS,2023-10-10,79.2,GFS
KAUS,2023-10-11,73.2,GFS
KAUS,2023-10-12,84.2,GFS
KAUS,2023-10-13,90.0,GFS
KAUS,2023-10-14,86.0,GFS
KAUS,2023-10-15,75.1,GFS
KAUS,2023-10-16,73.4,GFS
KAUS,2023-10-17,77.3,GFS
KAUS,2023-10-18,83.0,GFS
KAUS,2023-10-19,86.9,GFS
KAUS,2023-10-20,96.7,GFS
KAUS,2023-10-21,93.4,GFS
KAUS,2023-10-22,88.0,GFS
KAUS,2023-10-23,82.4,GFS
KAUS,2023-10-24,80.5,GFS
KAUS,2023-10-25,83.1,GFS
KAUS,2023-10-26,79.5,GFS
KAUS,2023-10-27,86.1,GFS
KAUS,2023-10-28,85.1,GFS
KAUS,2023-10-29,80.5,GFS
KAUS,2023-10-30,50.5,GFS
KAUS,2023-10-31,59.9,GFS
KAUS,2023-11-01,59.7,GFS
KAUS,2023-11-02,67.6,GFS
KAUS,2023-11-03,75.2,GFS
KAUS,2023-11-04,79.0,GFS
KAUS,2023-11-05,79.9,GFS
KAUS,2023-11-06,81.3,GFS
KAUS,2023-11-07,85.3,GFS
KAUS,2023-11-08,81.7,GFS
KAUS,2023-11-09,77.1,GFS
KAUS,2023-11-10,64.4,GFS
KAUS,2023-11-11,60.6,GFS
KAUS,2023-11-12,61.0,GFS
KAUS,2023-11-13,65.2,GFS
KAUS,2023-11-14,70.5,GFS
KAUS,2023-11-15,73.4,GFS
KAUS,2023-11-16,67.8,GFS
KAUS,2023-11-17,79.2,GFS
KAUS,2023-11-18,73.5,GFS
KAUS,2023-11-19,67.4,GFS
KAUS,2023-11-21,73.0,GFS
KAUS,2023-11-22,64.8,GFS
KAUS,2023-11-23,58.4,GFS
KAUS,2023-11-24,65.2,GFS
KAUS,2023-11-25,60.8,GFS
KAUS,2023-11-26,58.7,GFS
KAUS,2023-11-27,56.2,GFS
KAUS,2023-11-28,61.6,GFS
KAUS,2023-11-29,65.3,GFS
KAUS,2023-11-30,72.2,GFS
KAUS,2023-12-01,68.1,GFS
KAUS,2023-12-02,68.9,GFS
KAUS,2023-12-03,73.9,GFS
KAUS,2023-12-04,67.9,GFS
KAUS,2023-12-05,72.0,GFS
KAUS,2023-12-06,69.8,GFS
KAUS,2023-12-07,71.8,GFS
KAUS,2023-12-08,73.2,GFS
KAUS,2023-12-09,75.3,GFS
KAUS,2023-12-10,65.8,GFS
KAUS,2023-12-11,65.5,GFS
KAUS,2023-12-12,68.2,GFS
KAUS,2023-12-13,64.6,GFS
KAUS,2023-12-14,69.2,GFS
KAUS,2023-12-15,65.2,GFS
KAUS,2023-12-16,64.6,GFS
KAUS,2023-12-17,70.7,GFS
KAUS,2023-12-18,68.2,GFS
KAUS,2023-12-19,68.1,GFS
KAUS,2023-12-20,73.1,GFS
KAUS,2023-12-21,69.6,GFS
KAUS,2023-12-22,70.2,GFS
KAUS,2023-12-23,69.8,GFS
KAUS,2023-12-24,71.6,GFS
KAUS,2023-12-26,59.1,GFS
KAUS,2023-12-27,64.0,GFS
KAUS,2023-12-28,60.5,GFS
KAUS,2023-12-29,60.8,GFS
KAUS,2023-12-30,69.3,GFS
KAUS,2023-12-31,72.7,GFS
KAUS,2024-01-01,66.1,GFS
KAUS,2024-01-02,52.4,GFS
KAUS,2024-01-03,50.7,GFS
KAUS,2024-01-04,57.8,GFS
KAUS,2024-01-05,65.0,GFS
KAUS,2024-01-06,62.6,GFS
KAUS,2024-01-07,65.6,GFS
KAUS,2024-01-09,57.8,GFS
KAUS,2024-01-10,67.2,GFS
KAUS,2024-01-11,71.9,GFS
KAUS,2024-01-12,68.6,GFS
KAUS,2024-01-13,62.6,GFS
KAUS,2024-01-14,56.8,GFS
KAUS,2024-01-15,24.7,GFS
KAUS,2024-01-16,33.3,GFS
KAUS,2024-01-17,46.1,GFS
KAUS,2024-01-18,74.5,GFS
KAUS,2024-01-19,66.4,GFS
KAUS,2024-01-20,42.8,GFS
KAUS,2024-01-21,41.4,GFS
KAUS,2024-01-22,50.8,GFS
KAUS,2024-01-23,60.2,GFS
KAUS,2024-01-24,56.4,GFS
KAUS,2024-01-25,57.5,GFS
KAUS,2024-01-26,55.8,GFS
KAUS,2024-01-27,57.7,GFS
KAUS,2024-01-28,61.7,GFS
KAUS,2024-01-29,67.1,GFS
KAUS,2024-01-30,72.0,GFS
KAUS,2024-01-31,73.6,GFS
KAUS,2024-02-01,71.6,GFS
KAUS,2024-02-02,69.3,GFS
KAUS,2024-02-03,70.6,GFS
KAUS,2024-02-04,67.6,GFS
KAUS,2024-02-05,64.9,GFS
KAUS,2024-02-06,69.2,GFS
KAUS,2024-02-07,69.3,GFS
KAUS,2024-02-08,71.9,GFS
KAUS,2024-02-09,74.6,GFS
KAUS,2024-02-10,73.4,GFS
KAUS,2024-02-11,60.5,GFS
KAUS,2024-02-12,60.9,GFS
KAUS,2024-02-13,67.5,GFS
KAUS,2024-02-14,67.4,GFS
KAUS,2024-02-15,69.8,GFS
KAUS,2024-02-16,73.6,GFS
KAUS,2024-02-17,68.9,GFS
KAUS,2024-02-18,53.7,GFS
KAUS,2024-02-19,67.6,GFS
KAUS,2024-02-20,78.2,GFS
KAUS,2024-02-21,77.2,GFS
KAUS,2024-02-22,87.3,GFS
KAUS,2024-02-23,82.2,GFS
KAUS,2024-02-24,78.9,GFS
KAUS,2024-02-25,82.4,GFS
KAUS,2024-02-26,81.2,GFS
KAUS,2024-02-27,78.7,GFS
KAUS,2024-02-28,77.6,GFS
KAUS,2024-02-29,52.4,GFS
KAUS,2024-03-01,67.5,GFS
KAUS,2024-03-02,79.9,GFS
KAUS,2024-03-03,79.2,GFS
KAUS,2024-03-04,81.9,GFS
KAUS,2024-03-05,89.7,GFS
KAUS,2024-03-06,85.1,GFS
KAUS,2024-03-07,79.2,GFS
KAUS,2024-03-08,81.8,GFS
KAUS,2024-03-09,75.9,GFS
KAUS,2024-03-10,66.2,GFS
KAUS,2024-03-11,72.9,GFS
KAUS,2024-03-12,75.9,GFS
KAUS,2024-03-13,83.0,GFS
KAUS,2024-03-14,80.9,GFS
KAUS,2024-03-15,76.8,GFS
KAUS,2024-03-16,73.6,GFS
KAUS,2024-03-17,71.2,GFS
KAUS,2024-03-18,65.7,GFS
KAUS,2024-03-19,66.1,GFS
KAUS,2024-03-20,67.1,GFS
KAUS,2024-03-21,67.4,GFS
KAUS,2024-03-22,77.8,GFS
KAUS,2024-03-23,72.2,GFS
KAUS,2024-03-24,72.8,GFS
KAUS,2024-03-25,77.7,GFS
KAUS,2024-03-26,72.9,GFS
KAUS,2024-03-27,67.2,GFS
KAUS,2024-03-28,77.3,GFS
KAUS,2024-03-29,78.1,GFS
KAUS,2024-03-30,77.0,GFS
KAUS,2024-03-31,80.1,GFS
KAUS,2024-04-01,82.9,GFS
KAUS,2024-04-02,79.4,GFS
KAUS,2024-04-03,81.2,GFS
KAUS,2024-04-04,86.7,GFS
KAUS,2024-04-05,85.7,GFS
KAUS,2024-04-06,81.8,GFS
KAUS,2024-04-07,80.1,GFS
KAUS,2024-04-08,80.2,GFS
KAUS,2024-04-09,82.9,GFS
KAUS,2024-04-10,78.5,GFS
KAUS,2024-04-11,81.6,GFS
KAUS,2024-04-12,81.7,GFS
KAUS,2024-04-13,81.9,GFS
KAUS,2024-04-14,83.5,GFS
KAUS,2024-04-15,84.0,GFS
KAUS,2024-04-16,78.8,GFS
KAUS,2024-04-17,81.5,GFS
KAUS,2024-04-18,87.4,GFS
KAUS,2024-04-19,85.1,GFS
KAUS,2024-04-20,73.5,GFS
KAUS,2024-04-21,67.9,GFS
KAUS,2024-04-22,73.7,GFS
KAUS,2024-04-23,74.3,GFS
KAUS,2024-04-24,83.8,GFS
KAUS,2024-04-25,82.5,GFS
KAUS,2024-04-26,83.0,GFS
KAUS,2024-04-27,83.3,GFS
KAUS,2024-04-28,80.1,GFS
KAUS,2024-04-29,88.7,GFS
KAUS,2024-04-30,86.3,GFS
KAUS,2024-05-01,85.3,GFS
KAUS,2024-05-02,77.9,GFS
KAUS,2024-05-03,76.5,GFS
KAUS,2024-05-04,80.0,GFS
KAUS,2024-05-05,79.5,GFS
KAUS,2024-05-06,85.0,GFS
KAUS,2024-05-07,88.4,GFS
KAUS,2024-05-08,87.6,GFS
KAUS,2024-05-09,90.9,GFS
KAUS,2024-05-10,88.6,GFS
KAUS,2024-05-11,81.0,GFS
KAUS,2024-05-12,74.1,GFS
KAUS,2024-05-13,77.7,GFS
KAUS,2024-05-14,90.8,GFS
KAUS,2024-05-15,93.5,GFS
KAUS,2024-05-16,89.3,GFS
KAUS,2024-05-17,84.5,GFS
KAUS,2024-05-18,95.0,GFS
KAUS,2024-05-19,92.3,GFS
KAUS,2024-05-20,93.1,GFS
KAUS,2024-05-21,94.4,GFS
KAUS,2024-05-22,93.5,GFS
KAUS,2024-05-23,92.1,GFS
KAUS,2024-05-24,96.5,GFS
KAUS,2024-05-25,98.9,GFS
KAUS,2024-05-26,95.5,GFS
KAUS,2024-05-27,97.4,GFS
KAUS,2024-05-28,90.3,GFS
KAUS,2024-05-29,90.1,GFS
KAUS,2024-05-30,92.8,GFS
KAUS,2024-05-31,89.7,GFS
KAUS,2024-06-01,90.8,GFS
KAUS,2024-06-02,93.6,GFS
KAUS,2024-06-03,94.2,GFS
KAUS,2024-06-04,98.0,GFS
KAUS,2024-06-05,94.1,GFS
KAUS,2024-06-06,94.7,GFS
KAUS,2024-06-07,95.6,GFS
KAUS,2024-06-08,94.6,GFS
KAUS,2024-06-09,94.1,GFS
KAUS,2024-06-10,94.0,GFS
KAUS,2024-06-11,93.3,GFS
KAUS,2024-06-12,89.8,GFS
KAUS,2024-06-13,94.4,GFS
KAUS,2024-06-14,94.9,GFS
KAUS,2024-06-15,94.6,GFS
KAUS,2024-06-16,95.8,GFS
KAUS,2024-06-17,94.2,GFS
KAUS,2024-06-18,93.3,GFS
KAUS,2024-06-19,91.0,GFS
KAUS,2024-06-20,88.0,GFS
KAUS,2024-06-21,89.9,GFS
KAUS,2024-06-22,92.6,GFS
KAUS,2024-06-23,93.6,GFS
KAUS,2024-06-24,93.2,GFS
KAUS,2024-06-25,94.0,GFS
KAUS,2024-06-26,95.0,GFS
KAUS,2024-06-27,97.5,GFS
KAUS,2024-06-28,96.2,GFS
KAUS,2024-06-29,97.8,GFS
KAUS,2024-06-30,95.9,GFS
KAUS,2024-07-01,97.4,GFS
KAUS,2024-07-02,98.6,GFS
KAUS,2024-07-03,96.8,GFS
KAUS,2024-07-04,97.5,GFS
KAUS,2024-07-05,98.6,GFS
KAUS,2024-07-06,96.9,GFS
KAUS,2024-07-07,93.6,GFS
KAUS,2024-07-08,91.3,GFS
KAUS,2024-07-09,94.4,GFS
KAUS,2024-07-10,96.5,GFS
KAUS,2024-07-11,94.8,GFS
KAUS,2024-07-12,92.8,GFS
KAUS,2024-07-13,88.3,GFS
KAUS,2024-07-14,90.5,GFS
KAUS,2024-07-15,95.9,GFS
KAUS,2024-07-16,97.2,GFS
KAUS,2024-07-17,96.0,GFS
KAUS,2024-07-18,94.7,GFS
KAUS,2024-07-19,93.7,GFS
KAUS,2024-07-20,94.2,GFS
KAUS,2024-07-21,94.0,GFS
KAUS,2024-07-22,92.6,GFS
KAUS,2024-07-23,80.5,GFS
KAUS,2024-07-24,88.6,GFS
KAUS,2024-07-25,88.4,GFS
KAUS,2024-07-26,85.5,GFS
KAUS,2024-07-27,84.0,GFS
KAUS,2024-07-28,86.6,GFS
KAUS,2024-07-29,93.8,GFS
KAUS,2024-07-30,93.7,GFS
KAUS,2024-07-31,94.9,GFS
KAUS,2024-08-01,95.3,GFS
KAUS,2024-08-02,96.3,GFS
KAUS,2024-08-03,97.7,GFS
KAUS,2024-08-04,96.2,GFS
KAUS,2024-08-05,96.1,GFS
KAUS,2024-08-06,97.5,GFS
KAUS,2024-08-07,100.0,GFS
KAUS,2024-08-08,98.8,GFS
KAUS,2024-08-09,97.8,GFS
KAUS,2024-08-10,95.5,GFS
KAUS,2024-08-11,97.2,GFS
KAUS,2024-08-12,97.0,GFS
KAUS,2024-08-13,97.4,GFS
KAUS,2024-08-14,97.6,GFS
KAUS,2024-08-15,98.2,GFS
KAUS,2024-08-16,98.7,GFS
KAUS,2024-08-17,98.3,GFS
KAUS,2024-08-18,99.8,GFS
KAUS,2024-08-19,101.6,GFS
KAUS,2024-08-20,104.0,GFS
KAUS,2024-08-21,105.9,GFS
KAUS,2024-08-22,103.6,GFS
KAUS,2024-08-23,102.2,GFS
KAUS,2024-08-24,96.4,GFS
KAUS,2024-08-25,95.9,GFS
KAUS,2024-08-26,95.1,GFS
KAUS,2024-08-27,90.0,GFS
KAUS,2024-08-28,93.4,GFS
KAUS,2024-08-29,92.8,GFS
KAUS,2024-08-30,91.7,GFS
KAUS,2024-08-31,91.4,GFS
KAUS,2024-09-01,91.8,GFS
KAUS,2024-09-02,90.7,GFS
KAUS,2024-09-03,88.3,GFS
KAUS,2024-09-04,87.8,GFS
KAUS,2024-09-05,87.1,GFS
KAUS,2024-09-06,90.5,GFS
KAUS,2024-09-07,90.6,GFS
KAUS,2024-09-08,86.4,GFS
KAUS,2024-09-09,87.9,GFS
KAUS,2024-09-10,90.5,GFS
KAUS,2024-09-11,90.5,GFS
KAUS,2024-09-12,92.3,GFS
KAUS,2024-09-13,96.2,GFS
KAUS,2024-09-14,96.3,GFS
KAUS,2024-09-15,97.1,GFS
KAUS,2024-09-16,95.9,GFS
KAUS,2024-09-17,94.9,GFS
KAUS,2024-09-18,96.8,GFS
KAUS,2024-09-19,98.4,GFS
KAUS,2024-09-20,97.6,GFS
KAUS,2024-09-21,95.4,GFS
KAUS,2024-09-22,95.0,GFS
KAUS,2024-09-23,93.5,GFS
KAUS,2024-09-24,94.0,GFS
KAUS,2024-09-25,92.9,GFS
KAUS,2024-09-26,87.0,GFS
KAUS,2024-09-27,93.1,GFS
KAUS,2024-09-28,93.8,GFS
KAUS,2024-09-29,92.8,GFS
KAUS,2024-09-30,95.0,GFS
KAUS,2024-10-01,95.1,GFS
KAUS,2024-10-02,92.3,GFS
KAUS,2024-10-03,93.7,GFS
KAUS,2024-10-04,93.4,GFS
KAUS,2024-10-05,92.3,GFS
KAUS,2024-10-06,92.7,GFS
KAUS,2024-10-07,92.3,GFS
KAUS,2024-10-08,92.1,GFS
KAUS,2024-10-09,92.1,GFS
KAUS,2024-10-10,94.1,GFS
KAUS,2024-10-11,92.6,GFS
KAUS,2024-10-12,94.1,GFS
KAUS,2024-10-13,98.2,GFS
KAUS,2024-10-14,95.1,GFS
KAUS,2024-10-15,96.8,GFS
KAUS,2024-10-16,87.8,GFS
KAUS,2024-10-17,76.7,GFS
KAUS,2024-10-18,82.3,GFS
KAUS,2024-10-19,83.5,GFS
KAUS,2024-10-20,84.6,GFS
KAUS,2024-10-21,85.7,GFS
KAUS,2024-10-22,86.9,GFS
KAUS,2024-10-23,90.4,GFS
KAUS,2024-10-24,88.6,GFS
KAUS,2024-10-25,89.3,GFS
KAUS,2024-10-26,90.8,GFS
KAUS,2024-10-27,90.9,GFS
KAUS,2024-10-28,89.4,GFS
KAUS,2024-10-29,88.6,GFS
KAUS,2024-10-30,89.2,GFS
KAUS,2024-10-31,86.5,GFS
KAUS,2024-11-01,78.4,GFS
KAUS,2024-11-02,81.5,GFS
KAUS,2024-11-03,87.5,GFS
KAUS,2024-11-04,86.3,GFS
KAUS,2024-11-05,82.6,GFS
KAUS,2024-11-06,81.3,GFS
KAUS,2024-11-07,86.0,GFS
KAUS,2024-11-08,88.5,GFS
KAUS,2024-11-09,78.9,GFS
KAUS,2024-11-10,85.3,GFS
KAUS,2024-11-11,83.4,GFS
KAUS,2024-11-12,81.7,GFS
KAUS,2024-11-13,86.3,GFS
KAUS,2024-11-14,77.2,GFS
KAUS,2024-11-15,77.0,GFS
KAUS,2024-11-16,81.6,GFS
KAUS,2024-11-17,85.7,GFS
KAUS,2024-11-18,82.8,GFS
KAUS,2024-11-19,82.5,GFS
KAUS,2024-11-20,69.9,GFS
KAUS,2024-11-21,72.3,GFS
KAUS,2024-11-22,76.5,GFS
KAUS,2024-11-23,77.9,GFS
KAUS,2024-11-24,82.2,GFS
KAUS,2024-11-25,83.3,GFS
KAUS,2024-11-26,65.6,GFS
KAUS,2024-11-27,78.8,GFS
KAUS,2024-11-28,72.4,GFS
KAUS,2024-11-29,58.8,GFS
KAUS,2024-11-30,63.8,GFS
KAUS,2024-12-01,69.3,GFS
KAUS,2024-12-02,67.4,GFS
KAUS,2024-12-03,63.3,GFS
KAUS,2024-12-04,60.4,GFS
KAUS,2024-12-05,59.4,GFS
KAUS,2024-12-06,56.9,GFS
KAUS,2024-12-07,50.6,GFS
KAUS,2024-12-08,58.9,GFS
KAUS,2024-12-09,81.5,GFS
KAUS,2024-12-10,71.6,GFS
KAUS,2024-12-11,63.8,GFS
KAUS,2024-12-12,66.0,GFS
KAUS,2024-12-13,63.4,GFS
KAUS,2024-12-14,76.5,GFS
KAUS,2024-12-15,77.2,GFS
KAUS,2024-12-16,78.9,GFS
KAUS,2024-12-17,79.1,GFS
KAUS,2024-12-18,73.7,GFS
KAUS,2024-12-19,68.8,GFS
KAUS,2024-12-20,67.4,GFS
KAUS,2024-12-21,64.3,GFS
KAUS,2024-12-22,69.9,GFS
KAUS,2024-12-23,77.1,GFS
KAUS,2024-12-24,77.1,GFS
KAUS,2024-12-25,73.0,GFS
KAUS,2024-12-26,75.7,GFS
KAUS,2024-12-27,80.6,GFS
KAUS,2024-12-28,82.4,GFS
KAUS,2024-12-29,76.8,GFS
KAUS,2024-12-30,86.1,GFS
KAUS,2024-12-31,76.1,GFS
KAUS,2025-01-01,59.7,GFS
KAUS,2025-01-02,63.0,GFS
KAUS,2025-01-03,67.3,GFS
KAUS,2025-01-04,72.4,GFS
KAUS,2025-01-05,74.2,GFS
KAUS,2025-01-06,56.3,GFS
KAUS,2025-01-07,47.3,GFS
KAUS,2025-01-08,43.5,GFS
KAUS,2025-01-09,41.8,GFS
KAUS,2025-01-10,42.7,GFS
KAUS,2025-01-11,59.4,GFS
KAUS,2025-01-12,62.6,GFS
KAUS,2025-01-13,56.4,GFS
KAUS,2025-01-14,55.1,GFS
KAUS,2025-01-15,62.1,GFS
KAUS,2025-01-16,64.7,GFS
KAUS,2025-01-17,59.0,GFS
KAUS,2025-01-18,61.4,GFS
KAUS,2025-01-19,54.9,GFS
KAUS,2025-01-20,37.4,GFS
KAUS,2025-01-21,37.0,GFS
KAUS,2025-01-22,50.3,GFS
KAUS,2025-01-23,55.5,GFS
KAUS,2025-01-24,59.3,GFS
KAUS,2025-01-25,55.4,GFS
KAUS,2025-01-26,55.5,GFS
KAUS,2025-01-27,52.9,GFS
KAUS,2025-01-28,52.3,GFS
KAUS,2025-01-29,67.1,GFS
KAUS,2025-01-30,69.4,GFS
KAUS,2025-01-31,72.3,GFS
KAUS,2025-02-01,75.6,GFS
KAUS,2025-02-02,81.5,GFS
KAUS,2025-02-03,82.7,GFS
KAUS,2025-02-04,83.3,GFS
KAUS,2025-02-05,78.6,GFS
KAUS,2025-02-06,82.6,GFS
KAUS,2025-02-07,80.7,GFS
KAUS,2025-02-08,87.7,GFS
KAUS,2025-02-09,84.2,GFS
KAUS,2025-02-10,58.2,GFS
KAUS,2025-02-11,50.9,GFS
KAUS,2025-02-12,53.5,GFS
KAUS,2025-02-13,48.7,GFS
KAUS,2025-02-14,48.2,GFS
KAUS,2025-02-15,71.3,GFS
KAUS,2025-02-16,67.6,GFS
KAUS,2025-02-17,62.0,GFS
KAUS,2025-02-18,62.0,GFS
KAUS,2025-02-19,47.1,GFS
KAUS,2025-02-20,36.0,GFS
KAUS,2025-02-21,38.7,GFS
KAUS,2025-02-22,41.0,GFS
KAUS,2025-02-23,63.4,GFS
KAUS,2025-02-24,76.1,GFS
KAUS,2025-02-25,77.2,GFS
KAUS,2025-02-26,82.0,GFS
KAUS,2025-02-27,79.5,GFS
KAUS,2025-02-28,77.1,GFS
KAUS,2025-03-01,83.2,GFS
KAUS,2025-03-02,79.9,GFS
KAUS,2025-03-03,78.8,GFS
KAUS,2025-03-04,76.4,GFS
KAUS,2025-03-05,73.7,GFS
KAUS,2025-03-06,74.5,GFS
KAUS,2025-03-07,81.6,GFS
KAUS,2025-03-08,79.8,GFS
KAUS,2025-03-09,63.5,GFS
KAUS,2025-03-10,78.3,GFS
KAUS,2025-03-11,82.9,GFS
KAUS,2025-03-12,88.0,GFS
KAUS,2025-03-13,91.2,GFS
KAUS,2025-03-14,97.2,GFS
KAUS,2025-03-15,92.7,GFS
KAUS,2025-03-16,80.9,GFS
KAUS,2025-03-17,84.3,GFS
KAUS,2025-03-18,85.2,GFS
KAUS,2025-03-19,79.1,GFS
KAUS,2025-03-20,72.2,GFS
KAUS,2025-03-21,78.3,GFS
KAUS,2025-03-22,84.2,GFS
KAUS,2025-03-23,87.8,GFS
KAUS,2025-03-24,85.1,GFS
KAUS,2025-03-25,90.0,GFS
KAUS,2025-03-26,87.4,GFS
KAUS,2025-03-27,75.7,GFS
KAUS,2025-03-28,70.1,GFS
KAUS,2025-03-29,86.3,GFS
KAUS,2025-03-30,83.5,GFS
KAUS,2025-03-31,77.0,GFS
KAUS,2025-04-01,83.4,GFS
KAUS,2025-04-02,84.7,GFS
KAUS,2025-04-03,89.3,GFS
KAUS,2025-04-04,88.1,GFS
KAUS,2025-04-05,83.2,GFS
KAUS,2025-04-06,59.0,GFS
KAUS,2025-04-07,70.8,GFS
KAUS,2025-04-08,77.7,GFS
KAUS,2025-04-09,85.0,GFS
KAUS,2025-04-10,88.6,GFS
KAUS,2025-04-11,87.6,GFS
KAUS,2025-04-12,88.4,GFS
KAUS,2025-04-13,90.5,GFS
KAUS,2025-04-14,90.0,GFS
KAUS,2025-04-15,87.7,GFS
KAUS,2025-04-16,84.0,GFS
KAUS,2025-04-17,86.5,GFS
KAUS,2025-04-18,89.1,GFS
KAUS,2025-04-19,84.2,GFS
KAUS,2025-04-20,86.0,GFS
KAUS,2025-04-21,87.8,GFS
KAUS,2025-04-22,87.8,GFS
KAUS,2025-04-23,86.0,GFS
KAUS,2025-04-24,85.5,GFS
KAUS,2025-04-25,85.3,GFS
KAUS,2025-04-26,84.4,GFS
KAUS,2025-04-27,84.6,GFS
KAUS,2025-04-28,85.9,GFS
KAUS,2025-04-29,87.0,GFS
KAUS,2025-04-30,86.8,GFS
KAUS,2025-05-01,91.1,GFS
KAUS,2025-05-02,87.2,GFS
KAUS,2025-05-03,80.3,GFS
KAUS,2025-05-04,83.6,GFS
KAUS,2025-05-05,80.4,GFS
KAUS,2025-05-06,87.2,GFS
KAUS,2025-05-07,84.1,GFS
KAUS,2025-05-08,84.2,GFS
KAUS,2025-05-09,81.3,GFS
KAUS,2025-05-10,79.1,GFS
KAUS,2025-05-11,82.9,GFS
KAUS,2025-05-12,90.3,GFS
KAUS,2025-05-13,99.3,GFS
KAUS,2025-05-14,98.7,GFS
KAUS,2025-05-15,98.4,GFS
KAUS,2025-05-16,96.1,GFS
KAUS,2025-05-17,95.5,GFS
KAUS,2025-05-18,92.7,GFS
KAUS,2025-05-19,87.8,GFS
KAUS,2025-05-20,94.5,GFS
KAUS,2025-05-21,92.9,GFS
KAUS,2025-05-22,97.2,GFS
KAUS,2025-05-23,95.4,GFS
KAUS,2025-05-24,96.7,GFS
KAUS,2025-05-25,96.3,GFS
KAUS,2025-05-26,92.2,GFS
KAUS,2025-05-27,91.9,GFS
KAUS,2025-05-28,87.5,GFS
KAUS,2025-05-29,90.4,GFS
KAUS,2025-05-30,88.7,GFS
KAUS,2025-05-31,87.5,GFS
KAUS,2025-06-01,96.8,GFS
KAUS,2025-06-02,94.1,GFS
KAUS,2025-06-03,92.0,GFS
KAUS,2025-06-04,90.0,GFS
KAUS,2025-06-05,93.2,GFS
KAUS,2025-06-06,95.0,GFS
KAUS,2025-06-07,96.3,GFS
KAUS,2025-06-08,96.1,GFS
KAUS,2025-06-09,97.0,GFS
KAUS,2025-06-10,91.6,GFS
KAUS,2025-06-11,87.4,GFS
KAUS,2025-06-12,86.0,GFS
KAUS,2025-06-13,94.1,GFS
KAUS,2025-06-14,93.2,GFS
KAUS,2025-06-15,94.9,GFS
KAUS,2025-06-16,93.2,GFS
KAUS,2025-06-17,93.7,GFS
KAUS,2025-06-18,93.9,GFS
KAUS,2025-06-19,94.8,GFS
KAUS,2025-06-20,95.1,GFS
KAUS,2025-06-21,95.1,GFS
KAUS,2025-06-22,95.2,GFS
KAUS,2025-06-23,95.6,GFS
KAUS,2025-06-24,92.9,GFS
KAUS,2025-06-25,92.3,GFS
KAUS,2025-06-26,91.4,GFS
KAUS,2025-06-27,94.1,GFS
KAUS,2025-06-28,93.4,GFS
KAUS,2025-06-29,93.4,GFS
KAUS,2025-06-30,92.5,GFS
KAUS,2025-07-01,92.2,GFS
KAUS,2025-07-02,91.8,GFS
KAUS,2025-07-03,84.9,GFS
KAUS,2025-07-04,82.1,GFS
KAUS,2025-07-05,81.9,GFS
KAUS,2025-07-06,88.3,GFS
KAUS,2025-07-07,89.5,GFS
KAUS,2025-07-08,92.2,GFS
KAUS,2025-07-09,88.0,GFS
KAUS,2025-07-10,90.4,GFS
KAUS,2025-07-11,92.2,GFS
KAUS,2025-07-12,91.6,GFS
KAUS,2025-07-13,90.4,GFS
KAUS,2025-07-14,93.5,GFS
KAUS,2025-07-15,93.5,GFS
KAUS,2025-07-16,95.0,GFS
KAUS,2025-07-17,94.7,GFS
KAUS,2025-07-18,94.9,GFS
KAUS,2025-07-19,93.2,GFS
KAUS,2025-07-20,91.5,GFS
KAUS,2025-07-21,92.3,GFS
KAUS,2025-07-22,96.1,GFS
KAUS,2025-07-23,97.6,GFS
KAUS,2025-07-24,98.7,GFS
KAUS,2025-07-25,97.7,GFS
KAUS,2025-07-26,92.4,GFS
KAUS,2025-07-27,93.7,GFS
KAUS,2025-07-28,96.2,GFS
KAUS,2025-07-29,100.0,GFS
KAUS,2025-07-30,100.2,GFS
KAUS,2025-07-31,100.4,GFS
KAUS,2025-08-01,99.8,GFS
KAUS,2025-08-02,98.3,GFS
KAUS,2025-08-03,98.2,GFS
KAUS,2025-08-04,97.5,GFS
KAUS,2025-08-05,95.4,GFS
KAUS,2025-08-06,99.0,GFS
KAUS,2025-08-07,97.6,GFS
KAUS,2025-08-08,99.6,GFS
KAUS,2025-08-09,98.3,GFS
KAUS,2025-08-10,98.6,GFS
KAUS,2025-08-11,97.8,GFS
KAUS,2025-08-12,97.0,GFS
KAUS,2025-08-13,95.8,GFS
KAUS,2025-08-14,99.6,GFS
KAUS,2025-08-15,96.6,GFS
KAUS,2025-08-16,100.3,GFS
KAUS,2025-08-17,99.0,GFS
KAUS,2025-08-18,100.0,GFS
KAUS,2025-08-19,98.6,GFS
KAUS,2025-08-20,98.6,GFS
KAUS,2025-08-21,92.2,GFS
KAUS,2025-08-22,93.2,GFS
KAUS,2025-08-23,93.4,GFS
KAUS,2025-08-24,98.9,GFS
KAUS,2025-08-25,95.7,GFS
KAUS,2025-08-26,95.6,GFS
KAUS,2025-08-27,95.0,GFS
KAUS,2025-08-28,99.4,GFS
KAUS,2025-08-29,99.5,GFS
KAUS,2025-08-30,99.0,GFS
KAUS,2025-08-31,88.1,GFS
KAUS,2025-09-01,91.0,GFS
KAUS,2025-09-02,95.3,GFS
KAUS,2025-09-03,96.8,GFS
KAUS,2025-09-04,101.3,GFS
KAUS,2025-09-05,99.2,GFS
KAUS,2025-09-06,95.1,GFS
KAUS,2025-09-07,80.0,GFS
KAUS,2025-09-08,89.0,GFS
KAUS,2025-09-09,91.6,GFS
KAUS,2025-09-10,94.6,GFS
KAUS,2025-09-11,95.7,GFS
KAUS,2025-09-12,96.1,GFS
KAUS,2025-09-13,94.4,GFS
KAUS,2025-09-14,95.0,GFS
KAUS,2025-09-15,93.5,GFS
KAUS,2025-09-16,94.9,GFS
KAUS,2025-09-17,95.1,GFS
KAUS,2025-09-18,94.0,GFS
KAUS,2025-09-19,94.7,GFS
KAUS,2025-09-20,94.1,GFS
KAUS,2025-09-21,97.0,GFS
KAUS,2025-09-22,97.3,GFS
KAUS,2025-09-23,98.6,GFS
KAUS,2025-09-24,98.0,GFS
KAUS,2025-09-25,89.9,GFS
KAUS,2025-09-26,92.1,GFS
KAUS,2025-09-27,92.3,GFS
KAUS,2025-09-28,91.3,GFS
KAUS,2025-09-29,88.8,GFS
KAUS,2025-09-30,93.4,GFS
KAUS,2025-10-01,95.5,GFS
KAUS,2025-10-02,95.2,GFS
KAUS,2025-10-03,93.7,GFS
KAUS,2025-10-04,91.5,GFS
KAUS,2025-10-05,91.8,GFS
KAUS,2025-10-06,92.6,GFS
KAUS,2025-10-07,92.4,GFS
KAUS,2025-10-08,93.9,GFS
KAUS,2025-10-09,91.9,GFS
KAUS,2025-10-10,90.7,GFS
KAUS,2025-10-11,92.0,GFS
KAUS,2025-10-12,90.5,GFS
KAUS,2025-10-13,90.3,GFS
KAUS,2025-10-14,90.2,GFS
KAUS,2025-10-15,91.3,GFS
KAUS,2025-10-16,86.4,GFS
KAUS,2025-10-17,90.8,GFS
KAUS,2025-10-18,93.5,GFS
KAUS,2025-10-19,88.4,GFS
KAUS,2025-10-20,92.9,GFS
KAUS,2025-10-21,87.8,GFS
KAUS,2025-10-22,86.7,GFS
KAUS,2025-10-23,90.9,GFS
KAUS,2025-10-24,88.1,GFS
KAUS,2025-10-25,84.5,GFS
KAUS,2025-10-26,78.6,GFS
KAUS,2025-10-27,88.4,GFS
KAUS,2025-10-28,87.0,GFS
KAUS,2025-10-29,71.6,GFS
KAUS,2025-10-30,71.7,GFS
KAUS,2025-10-31,75.4,GFS
KAUS,2025-11-01,70.7,GFS
KAUS,2025-11-02,73.4,GFS
KAUS,2025-11-03,78.4,GFS
KAUS,2025-11-04,80.4,GFS
KAUS,2025-11-05,83.2,GFS
KAUS,2025-11-06,83.7,GFS
KAUS,2025-11-07,89.4,GFS
KAUS,2025-11-08,84.4,GFS
KAUS,2025-11-09,77.6,GFS
KAUS,2025-11-10,62.8,GFS
KAUS,2025-11-11,74.3,GFS
KAUS,2025-11-12,82.4,GFS
KAUS,2025-11-13,84.2,GFS
KAUS,2025-11-14,84.8,GFS
KAUS,2025-11-15,83.9,GFS
KAUS,2025-11-16,86.1,GFS
KAUS,2025-11-17,85.9,GFS
KAUS,2025-11-18,84.3,GFS
KAUS,2025-11-19,85.3,GFS
KAUS,2025-11-20,81.2,GFS
KAUS,2025-11-21,75.1,GFS
KAUS,2025-11-22,76.0,GFS
KAUS,2025-11-23,69.8,GFS
KAUS,2025-11-24,75.5,GFS
KAUS,2025-11-25,80.7,GFS
KAUS,2025-11-26,71.9,GFS
KAUS,2025-11-27,63.7,GFS
KAUS,2025-11-28,68.0,GFS
KAUS,2025-11-29,79.1,GFS
KAUS,2025-11-30,73.5,GFS
KAUS,2025-12-01,49.7,GFS
KAUS,2025-12-02,53.9,GFS
KAUS,2025-12-03,55.8,GFS
KAUS,2025-12-04,54.8,GFS
KAUS,2025-12-05,52.2,GFS
KAUS,2025-12-06,76.5,GFS
KAUS,2025-12-07,70.0,GFS
KAUS,2025-12-08,59.5,GFS
KAUS,2025-12-09,68.4,GFS
KAUS,2025-12-10,71.4,GFS
KAUS,2025-12-11,70.5,GFS
KAUS,2025-12-12,76.1,GFS
KAUS,2025-12-13,76.2,GFS
KAUS,2025-12-14,71.7,GFS
KAUS,2025-12-15,54.5,GFS
KAUS,2025-12-16,61.9,GFS
KAUS,2025-12-17,64.7,GFS
KAUS,2025-12-18,74.7,GFS
KAUS,2025-12-19,68.9,GFS
KAUS,2025-12-20,73.3,GFS
KAUS,2025-12-21,70.7,GFS
KAUS,2025-12-22,76.4,GFS
KAUS,2025-12-23,79.5,GFS
KAUS,2025-12-24,79.7,GFS
KAUS,2025-12-25,77.6,GFS
KAUS,2025-12-26,83.3,GFS
KAUS,2025-12-27,80.7,GFS
KAUS,2025-12-28,77.9,GFS
KAUS,2025-12-29,74.1,GFS
KAUS,2025-12-30,57.7,GFS
KAUS,2025-12-31,70.7,GFS
KAUS,2026-01-01,73.4,GFS
KAUS,2026-01-02,87.8,GFS
KAUS,2026-01-03,78.8,GFS
KAUS,2026-01-04,71.1,GFS
KAUS,2026-01-05,75.6,GFS
KAUS,2026-01-06,83.5,GFS
KAUS,2026-01-07,79.8,GFS
KAUS,2026-01-08,77.9,GFS
KAUS,2026-01-09,74.6,GFS
KAUS,2026-01-10,68.9,GFS
KAUS,2026-01-11,63.0,GFS
KAUS,2026-01-12,63.2,GFS
KAUS,2026-01-13,60.0,GFS
KAUS,2026-01-14,68.8,GFS
KAUS,2026-01-15,66.2,GFS
KAUS,2026-01-16,74.6,GFS
KAUS,2026-01-17,60.6,GFS
KAUS,2026-01-18,64.0,GFS
KAUS,2026-01-19,68.2,GFS
KAUS,2026-01-20,62.1,GFS
KAUS,2026-01-21,72.9,GFS
KAUS,2026-01-22,70.8,GFS
KAUS,2026-01-23,66.2,GFS
KAUS,2026-01-24,65.2,GFS
KAUS,2026-01-25,28.0,GFS
KAUS,2026-01-26,37.0,GFS
KAUS,2026-01-27,49.0,GFS
KAUS,2026-01-28,58.6,GFS
KAUS,2026-01-29,71.9,GFS
KAUS,2026-01-30,65.8,GFS
KAUS,2026-01-31,51.9,GFS
KAUS,2026-02-01,56.9,GFS
KAUS,2026-02-02,68.8,GFS
KAUS,2026-02-03,70.8,GFS
KAUS,2026-02-04,67.1,GFS
KAUS,2026-02-05,69.2,GFS
KAUS,2026-02-06,83.1,GFS
KAUS,2026-02-07,84.3,GFS
KAUS,2026-02-08,79.4,GFS
KAUS,2026-02-09,84.3,GFS
KAUS,2026-02-10,79.9,GFS
KAUS,2026-02-11,75.0,GFS
KAUS,2026-02-12,80.3,GFS
KAUS,2026-02-13,81.0,GFS
KAUS,2026-02-14,76.9,GFS
KAUS,2026-02-15,73.4,GFS
KAUS,2026-02-16,76.8,GFS
KAUS,2026-02-17,82.8,GFS
KAUS,2026-02-18,80.1,GFS
KAUS,2026-02-19,84.5,GFS
KAUS,2026-02-20,82.0,GFS
KAUS,2026-02-21,71.8,GFS
KAUS,2026-02-22,65.3,GFS
KAUS,2026-02-23,65.4,GFS
KAUS,2026-02-24,74.7,GFS
KAUS,2026-02-25,86.0,GFS
KAUS,2024-02-03,70.9,ECMWF
KAUS,2024-02-04,66.0,ECMWF
KAUS,2024-02-05,62.1,ECMWF
KAUS,2024-02-06,66.5,ECMWF
KAUS,2024-02-07,68.4,ECMWF
KAUS,2024-02-08,71.6,ECMWF
KAUS,2024-02-09,74.3,ECMWF
KAUS,2024-02-10,71.6,ECMWF
KAUS,2024-02-11,63.9,ECMWF
KAUS,2024-02-12,59.0,ECMWF
KAUS,2024-02-13,65.5,ECMWF
KAUS,2024-02-14,65.9,ECMWF
KAUS,2024-02-15,71.0,ECMWF
KAUS,2024-02-16,72.4,ECMWF
KAUS,2024-02-17,68.2,ECMWF
KAUS,2024-02-18,51.8,ECMWF
KAUS,2024-02-19,65.5,ECMWF
KAUS,2024-02-20,76.9,ECMWF
KAUS,2024-02-21,76.2,ECMWF
KAUS,2024-02-22,85.1,ECMWF
KAUS,2024-02-23,75.0,ECMWF
KAUS,2024-02-24,78.4,ECMWF
KAUS,2024-02-25,82.7,ECMWF
KAUS,2024-02-26,85.8,ECMWF
KAUS,2024-02-27,82.5,ECMWF
KAUS,2024-02-28,78.4,ECMWF
KAUS,2024-02-29,51.5,ECMWF
KAUS,2024-03-01,68.7,ECMWF
KAUS,2024-03-02,80.3,ECMWF
KAUS,2024-03-03,80.1,ECMWF
KAUS,2024-03-04,83.2,ECMWF
KAUS,2024-03-05,87.5,ECMWF
KAUS,2024-03-06,82.3,ECMWF
KAUS,2024-03-07,78.1,ECMWF
KAUS,2024-03-08,80.3,ECMWF
KAUS,2024-03-09,72.2,ECMWF
KAUS,2024-03-10,65.8,ECMWF
KAUS,2024-03-11,72.3,ECMWF
KAUS,2024-03-12,75.4,ECMWF
KAUS,2024-03-13,83.1,ECMWF
KAUS,2024-03-14,79.8,ECMWF
KAUS,2024-03-15,76.1,ECMWF
KAUS,2024-03-16,74.6,ECMWF
KAUS,2024-03-17,68.5,ECMWF
KAUS,2024-03-18,65.1,ECMWF
KAUS,2024-03-19,61.7,ECMWF
KAUS,2024-03-20,65.7,ECMWF
KAUS,2024-03-21,70.1,ECMWF
KAUS,2024-03-22,76.0,ECMWF
KAUS,2024-03-23,69.7,ECMWF
KAUS,2024-03-24,71.5,ECMWF
KAUS,2024-03-25,75.6,ECMWF
KAUS,2024-03-26,68.6,ECMWF
KAUS,2024-03-27,63.7,ECMWF
KAUS,2024-03-28,75.4,ECMWF
KAUS,2024-03-29,76.3,ECMWF
KAUS,2024-03-30,75.6,ECMWF
KAUS,2024-03-31,79.0,ECMWF
KAUS,2024-04-01,84.1,ECMWF
KAUS,2024-04-02,80.6,ECMWF
KAUS,2024-04-03,77.4,ECMWF
KAUS,2024-04-04,84.4,ECMWF
KAUS,2024-04-05,82.9,ECMWF
KAUS,2024-04-06,77.8,ECMWF
KAUS,2024-04-07,78.0,ECMWF
KAUS,2024-04-08,79.7,ECMWF
KAUS,2024-04-09,82.4,ECMWF
KAUS,2024-04-10,69.4,ECMWF
KAUS,2024-04-11,79.5,ECMWF
KAUS,2024-04-12,79.2,ECMWF
KAUS,2024-04-13,80.6,ECMWF
KAUS,2024-04-14,84.2,ECMWF
KAUS,2024-04-15,83.7,ECMWF
KAUS,2024-04-16,80.2,ECMWF
KAUS,2024-04-17,80.6,ECMWF
KAUS,2024-04-18,87.8,ECMWF
KAUS,2024-04-19,82.7,ECMWF
KAUS,2024-04-20,74.4,ECMWF
KAUS,2024-04-21,67.4,ECMWF
KAUS,2024-04-22,70.5,ECMWF
KAUS,2024-04-23,73.5,ECMWF
KAUS,2024-04-24,80.7,ECMWF
KAUS,2024-04-25,82.6,ECMWF
KAUS,2024-04-26,80.7,ECMWF
KAUS,2024-04-27,83.4,ECMWF
KAUS,2024-04-28,79.0,ECMWF
KAUS,2024-04-29,85.5,ECMWF
KAUS,2024-04-30,83.6,ECMWF
KAUS,2024-05-01,81.9,ECMWF
KAUS,2024-05-02,80.6,ECMWF
KAUS,2024-05-03,78.0,ECMWF
KAUS,2024-05-04,79.8,ECMWF
KAUS,2024-05-05,76.5,ECMWF
KAUS,2024-05-06,85.3,ECMWF
KAUS,2024-05-07,85.5,ECMWF
KAUS,2024-05-08,85.5,ECMWF
KAUS,2024-05-09,89.5,ECMWF
KAUS,2024-05-10,87.4,ECMWF
KAUS,2024-05-11,80.2,ECMWF
KAUS,2024-05-12,74.3,ECMWF
KAUS,2024-05-13,79.6,ECMWF
KAUS,2024-05-14,87.1,ECMWF
KAUS,2024-05-15,88.6,ECMWF
KAUS,2024-05-16,84.9,ECMWF
KAUS,2024-05-17,82.8,ECMWF
KAUS,2024-05-18,90.6,ECMWF
KAUS,2024-05-19,89.2,ECMWF
KAUS,2024-05-20,91.2,ECMWF
KAUS,2024-05-21,93.0,ECMWF
KAUS,2024-05-22,89.5,ECMWF
KAUS,2024-05-23,87.4,ECMWF
KAUS,2024-05-24,90.2,ECMWF
KAUS,2024-05-25,94.6,ECMWF
KAUS,2024-05-26,91.4,ECMWF
KAUS,2024-05-27,93.3,ECMWF
KAUS,2024-05-28,89.2,ECMWF
KAUS,2024-05-29,87.9,ECMWF
KAUS,2024-05-30,88.2,ECMWF
KAUS,2024-05-31,85.4,ECMWF
KAUS,2024-06-01,87.3,ECMWF
KAUS,2024-06-02,87.0,ECMWF
KAUS,2024-06-03,90.9,ECMWF
KAUS,2024-06-04,94.9,ECMWF
KAUS,2024-06-05,92.7,ECMWF
KAUS,2024-06-06,92.1,ECMWF
KAUS,2024-06-07,91.8,ECMWF
KAUS,2024-06-08,92.4,ECMWF
KAUS,2024-06-09,92.6,ECMWF
KAUS,2024-06-10,91.4,ECMWF
KAUS,2024-06-11,89.7,ECMWF
KAUS,2024-06-12,86.5,ECMWF
KAUS,2024-06-13,91.1,ECMWF
KAUS,2024-06-14,92.4,ECMWF
KAUS,2024-06-15,92.6,ECMWF
KAUS,2024-06-16,94.2,ECMWF
KAUS,2024-06-17,91.1,ECMWF
KAUS,2024-06-18,93.1,ECMWF
KAUS,2024-06-19,88.2,ECMWF
KAUS,2024-06-20,83.8,ECMWF
KAUS,2024-06-21,86.7,ECMWF
KAUS,2024-06-22,90.0,ECMWF
KAUS,2024-06-23,91.8,ECMWF
KAUS,2024-06-24,92.7,ECMWF
KAUS,2024-06-25,91.9,ECMWF
KAUS,2024-06-26,93.9,ECMWF
KAUS,2024-06-27,96.0,ECMWF
KAUS,2024-06-28,96.6,ECMWF
KAUS,2024-06-29,97.2,ECMWF
KAUS,2024-06-30,95.9,ECMWF
KAUS,2024-07-01,97.2,ECMWF
KAUS,2024-07-02,99.1,ECMWF
KAUS,2024-07-03,96.7,ECMWF
KAUS,2024-07-04,98.0,ECMWF
KAUS,2024-07-05,97.5,ECMWF
KAUS,2024-07-06,96.2,ECMWF
KAUS,2024-07-07,93.6,ECMWF
KAUS,2024-07-08,91.9,ECMWF
KAUS,2024-07-09,94.7,ECMWF
KAUS,2024-07-10,95.4,ECMWF
KAUS,2024-07-11,94.6,ECMWF
KAUS,2024-07-12,92.0,ECMWF
KAUS,2024-07-13,85.0,ECMWF
KAUS,2024-07-14,89.1,ECMWF
KAUS,2024-07-15,93.6,ECMWF
KAUS,2024-07-16,95.7,ECMWF
KAUS,2024-07-17,95.0,ECMWF
KAUS,2024-07-18,93.0,ECMWF
KAUS,2024-07-19,91.9,ECMWF
KAUS,2024-07-20,93.6,ECMWF
KAUS,2024-07-21,92.3,ECMWF
KAUS,2024-07-22,85.6,ECMWF
KAUS,2024-07-23,79.3,ECMWF
KAUS,2024-07-24,86.2,ECMWF
KAUS,2024-07-25,84.9,ECMWF
KAUS,2024-07-26,84.3,ECMWF
KAUS,2024-07-27,84.5,ECMWF
KAUS,2024-07-28,84.6,ECMWF
KAUS,2024-07-29,90.6,ECMWF
KAUS,2024-07-30,93.1,ECMWF
KAUS,2024-07-31,94.0,ECMWF
KAUS,2024-08-01,94.8,ECMWF
KAUS,2024-08-02,95.5,ECMWF
KAUS,2024-08-03,97.3,ECMWF
KAUS,2024-08-04,96.7,ECMWF
KAUS,2024-08-05,94.5,ECMWF
KAUS,2024-08-06,96.5,ECMWF
KAUS,2024-08-07,99.3,ECMWF
KAUS,2024-08-08,98.4,ECMWF
KAUS,2024-08-09,96.5,ECMWF
KAUS,2024-08-10,94.1,ECMWF
KAUS,2024-08-11,96.4,ECMWF
KAUS,2024-08-12,97.6,ECMWF
KAUS,2024-08-13,95.0,ECMWF
KAUS,2024-08-14,96.9,ECMWF
KAUS,2024-08-15,98.3,ECMWF
KAUS,2024-08-16,98.6,ECMWF
KAUS,2024-08-17,98.1,ECMWF
KAUS,2024-08-18,98.9,ECMWF
KAUS,2024-08-19,100.4,ECMWF
KAUS,2024-08-20,104.1,ECMWF
KAUS,2024-08-21,106.4,ECMWF
KAUS,2024-08-22,103.2,ECMWF
KAUS,2024-08-23,91.3,ECMWF
KAUS,2024-08-24,97.3,ECMWF
KAUS,2024-08-25,95.9,ECMWF
KAUS,2024-08-26,93.8,ECMWF
KAUS,2024-08-27,88.1,ECMWF
KAUS,2024-08-28,82.4,ECMWF
KAUS,2024-08-29,90.0,ECMWF
KAUS,2024-08-30,89.8,ECMWF
KAUS,2024-08-31,90.9,ECMWF
KAUS,2024-09-01,91.7,ECMWF
KAUS,2024-09-02,84.7,ECMWF
KAUS,2024-09-03,85.4,ECMWF
KAUS,2024-09-04,85.5,ECMWF
KAUS,2024-09-05,85.4,ECMWF
KAUS,2024-09-06,86.9,ECMWF
KAUS,2024-09-07,85.4,ECMWF
KAUS,2024-09-08,82.3,ECMWF
KAUS,2024-09-09,83.8,ECMWF
KAUS,2024-09-10,87.2,ECMWF
KAUS,2024-09-11,88.9,ECMWF
KAUS,2024-09-12,91.3,ECMWF
KAUS,2024-09-13,94.4,ECMWF
KAUS,2024-09-14,93.7,ECMWF
KAUS,2024-09-15,95.1,ECMWF
KAUS,2024-09-16,93.7,ECMWF
KAUS,2024-09-17,92.7,ECMWF
KAUS,2024-09-18,95.3,ECMWF
KAUS,2024-09-19,95.6,ECMWF
KAUS,2024-09-20,95.1,ECMWF
KAUS,2024-09-21,95.4,ECMWF
KAUS,2024-09-22,94.2,ECMWF
KAUS,2024-09-23,92.6,ECMWF
KAUS,2024-09-24,89.5,ECMWF
KAUS,2024-09-25,92.9,ECMWF
KAUS,2024-09-26,86.4,ECMWF
KAUS,2024-09-27,90.9,ECMWF
KAUS,2024-09-28,91.4,ECMWF
KAUS,2024-09-29,91.6,ECMWF
KAUS,2024-09-30,92.7,ECMWF
KAUS,2024-10-01,93.5,ECMWF
KAUS,2024-10-02,90.4,ECMWF
KAUS,2024-10-03,92.0,ECMWF
KAUS,2024-10-04,91.3,ECMWF
KAUS,2024-10-05,91.7,ECMWF
KAUS,2024-10-06,91.8,ECMWF
KAUS,2024-10-07,92.1,ECMWF
KAUS,2024-10-08,90.9,ECMWF
KAUS,2024-10-09,90.3,ECMWF
KAUS,2024-10-10,93.3,ECMWF
KAUS,2024-10-11,92.0,ECMWF
KAUS,2024-10-12,95.0,ECMWF
KAUS,2024-10-13,99.0,ECMWF
KAUS,2024-10-14,95.0,ECMWF
KAUS,2024-10-15,97.0,ECMWF
KAUS,2024-10-16,87.9,ECMWF
KAUS,2024-10-17,76.4,ECMWF
KAUS,2024-10-18,79.0,ECMWF
KAUS,2024-10-19,84.9,ECMWF
KAUS,2024-10-20,84.0,ECMWF
KAUS,2024-10-21,85.6,ECMWF
KAUS,2024-10-22,87.4,ECMWF
KAUS,2024-10-23,88.7,ECMWF
KAUS,2024-10-24,87.8,ECMWF
KAUS,2024-10-25,89.1,ECMWF
KAUS,2024-10-26,90.0,ECMWF
KAUS,2024-10-27,90.9,ECMWF
KAUS,2024-10-28,89.3,ECMWF
KAUS,2024-10-29,87.8,ECMWF
KAUS,2024-10-30,88.8,ECMWF
KAUS,2024-10-31,83.0,ECMWF
KAUS,2024-11-01,80.7,ECMWF
KAUS,2024-11-02,82.1,ECMWF
KAUS,2024-11-03,87.3,ECMWF
KAUS,2024-11-04,86.4,ECMWF
KAUS,2024-11-05,76.0,ECMWF
KAUS,2024-11-06,76.7,ECMWF
KAUS,2024-11-07,79.8,ECMWF
KAUS,2024-11-08,84.6,ECMWF
KAUS,2024-11-09,74.7,ECMWF
KAUS,2024-11-10,82.6,ECMWF
KAUS,2024-11-11,80.4,ECMWF
KAUS,2024-11-12,80.6,ECMWF
KAUS,2024-11-13,83.4,ECMWF
KAUS,2024-11-14,73.2,ECMWF
KAUS,2024-11-15,75.1,ECMWF
KAUS,2024-11-16,81.3,ECMWF
KAUS,2024-11-17,84.6,ECMWF
KAUS,2024-11-18,77.0,ECMWF
KAUS,2024-11-19,80.0,ECMWF
KAUS,2024-11-20,70.2,ECMWF
KAUS,2024-11-21,70.5,ECMWF
KAUS,2024-11-22,73.8,ECMWF
KAUS,2024-11-23,76.3,ECMWF
KAUS,2024-11-24,80.4,ECMWF
KAUS,2024-11-25,79.7,ECMWF
KAUS,2024-11-26,63.1,ECMWF
KAUS,2024-11-27,78.0,ECMWF
KAUS,2024-11-28,72.2,ECMWF
KAUS,2024-11-29,57.0,ECMWF
KAUS,2024-11-30,62.1,ECMWF
KAUS,2024-12-01,68.9,ECMWF
KAUS,2024-12-02,66.4,ECMWF
KAUS,2024-12-03,61.8,ECMWF
KAUS,2024-12-04,61.1,ECMWF
KAUS,2024-12-05,61.2,ECMWF
KAUS,2024-12-06,57.6,ECMWF
KAUS,2024-12-07,48.4,ECMWF
KAUS,2024-12-08,58.7,ECMWF
KAUS,2024-12-09,81.7,ECMWF
KAUS,2024-12-10,67.6,ECMWF
KAUS,2024-12-11,62.3,ECMWF
KAUS,2024-12-12,63.8,ECMWF
KAUS,2024-12-13,64.1,ECMWF
KAUS,2024-12-14,78.7,ECMWF
KAUS,2024-12-15,77.7,ECMWF
KAUS,2024-12-16,78.3,ECMWF
KAUS,2024-12-17,77.5,ECMWF
KAUS,2024-12-18,72.9,ECMWF
KAUS,2024-12-19,64.7,ECMWF
KAUS,2024-12-20,65.7,ECMWF
KAUS,2024-12-21,60.7,ECMWF
KAUS,2024-12-22,69.1,ECMWF
KAUS,2024-12-23,76.5,ECMWF
KAUS,2024-12-24,76.0,ECMWF
KAUS,2024-12-25,67.3,ECMWF
KAUS,2024-12-26,74.9,ECMWF
KAUS,2024-12-27,79.0,ECMWF
KAUS,2024-12-28,77.4,ECMWF
KAUS,2024-12-29,72.6,ECMWF
KAUS,2024-12-30,82.6,ECMWF
KAUS,2024-12-31,70.6,ECMWF
KAUS,2025-01-01,57.7,ECMWF
KAUS,2025-01-02,59.6,ECMWF
KAUS,2025-01-03,65.5,ECMWF
KAUS,2025-01-04,69.2,ECMWF
KAUS,2025-01-05,74.3,ECMWF
KAUS,2025-01-06,54.0,ECMWF
KAUS,2025-01-07,45.6,ECMWF
KAUS,2025-01-08,42.2,ECMWF
KAUS,2025-01-09,40.5,ECMWF
KAUS,2025-01-10,45.2,ECMWF
KAUS,2025-01-11,56.6,ECMWF
KAUS,2025-01-12,60.9,ECMWF
KAUS,2025-01-13,53.9,ECMWF
KAUS,2025-01-14,54.8,ECMWF
KAUS,2025-01-15,59.6,ECMWF
KAUS,2025-01-16,63.4,ECMWF
KAUS,2025-01-17,58.4,ECMWF
KAUS,2025-01-18,60.0,ECMWF
KAUS,2025-01-19,53.7,ECMWF
KAUS,2025-01-20,36.9,ECMWF
KAUS,2025-01-21,34.2,ECMWF
KAUS,2025-01-22,47.8,ECMWF
KAUS,2025-01-23,54.0,ECMWF
KAUS,2025-01-24,57.8,ECMWF
KAUS,2025-01-25,57.6,ECMWF
KAUS,2025-01-26,57.4,ECMWF
KAUS,2025-01-27,52.5,ECMWF
KAUS,2025-01-28,56.1,ECMWF
KAUS,2025-01-29,67.1,ECMWF
KAUS,2025-01-30,69.3,ECMWF
KAUS,2025-01-31,69.2,ECMWF
KAUS,2025-02-01,72.1,ECMWF
KAUS,2025-02-02,76.9,ECMWF
KAUS,2025-02-03,79.3,ECMWF
KAUS,2025-02-04,80.5,ECMWF
KAUS,2025-02-05,77.0,ECMWF
KAUS,2025-02-06,79.6,ECMWF
KAUS,2025-02-07,79.3,ECMWF
KAUS,2025-02-08,84.1,ECMWF
KAUS,2025-02-09,80.6,ECMWF
KAUS,2025-02-10,57.0,ECMWF
KAUS,2025-02-11,53.6,ECMWF
KAUS,2025-02-12,58.8,ECMWF
KAUS,2025-02-13,48.3,ECMWF
KAUS,2025-02-14,47.8,ECMWF
KAUS,2025-02-15,73.0,ECMWF
KAUS,2025-02-16,69.7,ECMWF
KAUS,2025-02-17,60.8,ECMWF
KAUS,2025-02-18,64.3,ECMWF
KAUS,2025-02-19,46.5,ECMWF
KAUS,2025-02-20,37.0,ECMWF
KAUS,2025-02-21,36.5,ECMWF
KAUS,2025-02-22,43.7,ECMWF
KAUS,2025-02-23,62.3,ECMWF
KAUS,2025-02-24,71.8,ECMWF
KAUS,2025-02-25,73.1,ECMWF
KAUS,2025-02-26,78.3,ECMWF
KAUS,2025-02-27,75.0,ECMWF
KAUS,2025-02-28,73.8,ECMWF
KAUS,2025-03-01,82.0,ECMWF
KAUS,2025-03-02,81.3,ECMWF
KAUS,2025-03-03,79.1,ECMWF
KAUS,2025-03-04,77.1,ECMWF
KAUS,2025-03-05,71.6,ECMWF
KAUS,2025-03-06,73.2,ECMWF
KAUS,2025-03-07,82.1,ECMWF
KAUS,2025-03-08,78.6,ECMWF
KAUS,2025-03-09,62.2,ECMWF
KAUS,2025-03-10,76.8,ECMWF
KAUS,2025-03-11,81.9,ECMWF
KAUS,2025-03-12,92.4,ECMWF
KAUS,2025-03-13,91.1,ECMWF
KAUS,2025-03-14,96.2,ECMWF
KAUS,2025-03-15,90.4,ECMWF
KAUS,2025-03-16,80.3,ECMWF
KAUS,2025-03-17,83.2,ECMWF
KAUS,2025-03-18,84.8,ECMWF
KAUS,2025-03-19,78.5,ECMWF
KAUS,2025-03-20,70.5,ECMWF
KAUS,2025-03-21,78.2,ECMWF
KAUS,2025-03-22,84.1,ECMWF
KAUS,2025-03-23,88.3,ECMWF
KAUS,2025-03-24,84.7,ECMWF
KAUS,2025-03-25,90.4,ECMWF
KAUS,2025-03-26,86.9,ECMWF
KAUS,2025-03-27,70.1,ECMWF
KAUS,2025-03-28,73.3,ECMWF
KAUS,2025-03-29,83.6,ECMWF
KAUS,2025-03-30,82.0,ECMWF
KAUS,2025-03-31,76.5,ECMWF
KAUS,2025-04-01,80.9,ECMWF
KAUS,2025-04-02,84.2,ECMWF
KAUS,2025-04-03,89.0,ECMWF
KAUS,2025-04-04,87.6,ECMWF
KAUS,2025-04-05,74.6,ECMWF
KAUS,2025-04-06,58.0,ECMWF
KAUS,2025-04-07,68.7,ECMWF
KAUS,2025-04-08,75.0,ECMWF
KAUS,2025-04-09,83.8,ECMWF
KAUS,2025-04-10,88.9,ECMWF
KAUS,2025-04-11,88.5,ECMWF
KAUS,2025-04-12,88.4,ECMWF
KAUS,2025-04-13,91.5,ECMWF
KAUS,2025-04-14,90.3,ECMWF
KAUS,2025-04-15,87.5,ECMWF
KAUS,2025-04-16,83.7,ECMWF
KAUS,2025-04-17,87.3,ECMWF
KAUS,2025-04-18,90.7,ECMWF
KAUS,2025-04-19,83.3,ECMWF
KAUS,2025-04-20,83.7,ECMWF
KAUS,2025-04-21,84.7,ECMWF
KAUS,2025-04-22,86.8,ECMWF
KAUS,2025-04-23,84.8,ECMWF
KAUS,2025-04-24,83.5,ECMWF
KAUS,2025-04-25,83.6,ECMWF
KAUS,2025-04-26,83.2,ECMWF
KAUS,2025-04-27,84.1,ECMWF
KAUS,2025-04-28,85.4,ECMWF
KAUS,2025-04-29,85.3,ECMWF
KAUS,2025-04-30,82.1,ECMWF
KAUS,2025-05-01,83.7,ECMWF
KAUS,2025-05-02,80.5,ECMWF
KAUS,2025-05-03,76.5,ECMWF
KAUS,2025-05-04,77.9,ECMWF
KAUS,2025-05-05,76.1,ECMWF
KAUS,2025-05-06,87.4,ECMWF
KAUS,2025-05-07,83.6,ECMWF
KAUS,2025-05-08,80.3,ECMWF
KAUS,2025-05-09,80.0,ECMWF
KAUS,2025-05-10,75.8,ECMWF
KAUS,2025-05-11,81.6,ECMWF
KAUS,2025-05-12,89.5,ECMWF
KAUS,2025-05-13,99.2,ECMWF
KAUS,2025-05-14,97.4,ECMWF
KAUS,2025-05-15,95.0,ECMWF
KAUS,2025-05-16,96.0,ECMWF
KAUS,2025-05-17,94.3,ECMWF
KAUS,2025-05-18,93.0,ECMWF
KAUS,2025-05-19,86.1,ECMWF
KAUS,2025-05-20,91.4,ECMWF
KAUS,2025-05-21,91.5,ECMWF
KAUS,2025-05-22,96.5,ECMWF
KAUS,2025-05-23,94.5,ECMWF
KAUS,2025-05-24,96.3,ECMWF
KAUS,2025-05-25,94.0,ECMWF
KAUS,2025-05-26,85.5,ECMWF
KAUS,2025-05-27,90.5,ECMWF
KAUS,2025-05-28,85.5,ECMWF
KAUS,2025-05-29,87.3,ECMWF
KAUS,2025-05-30,85.4,ECMWF
KAUS,2025-05-31,84.9,ECMWF
KAUS,2025-06-01,93.1,ECMWF
KAUS,2025-06-02,92.1,ECMWF
KAUS,2025-06-03,91.7,ECMWF
KAUS,2025-06-04,84.6,ECMWF
KAUS,2025-06-05,91.8,ECMWF
KAUS,2025-06-06,95.9,ECMWF
KAUS,2025-06-07,94.5,ECMWF
KAUS,2025-06-08,97.0,ECMWF
KAUS,2025-06-09,96.5,ECMWF
KAUS,2025-06-10,90.6,ECMWF
KAUS,2025-06-11,85.2,ECMWF
KAUS,2025-06-12,78.9,ECMWF
KAUS,2025-06-13,89.2,ECMWF
KAUS,2025-06-14,86.4,ECMWF
KAUS,2025-06-15,85.9,ECMWF
KAUS,2025-06-16,88.8,ECMWF
KAUS,2025-06-17,90.8,ECMWF
KAUS,2025-06-18,92.0,ECMWF
KAUS,2025-06-19,91.5,ECMWF
KAUS,2025-06-20,92.1,ECMWF
KAUS,2025-06-21,92.6,ECMWF
KAUS,2025-06-22,93.5,ECMWF
KAUS,2025-06-23,95.4,ECMWF
KAUS,2025-06-24,93.4,ECMWF
KAUS,2025-06-25,90.9,ECMWF
KAUS,2025-06-26,88.9,ECMWF
KAUS,2025-06-27,92.9,ECMWF
KAUS,2025-06-28,94.4,ECMWF
KAUS,2025-06-29,91.0,ECMWF
KAUS,2025-06-30,94.2,ECMWF
KAUS,2025-07-01,91.6,ECMWF
KAUS,2025-07-02,90.0,ECMWF
KAUS,2025-07-03,80.9,ECMWF
KAUS,2025-07-04,81.2,ECMWF
KAUS,2025-07-05,80.1,ECMWF
KAUS,2025-07-06,87.2,ECMWF
KAUS,2025-07-07,88.4,ECMWF
KAUS,2025-07-08,89.5,ECMWF
KAUS,2025-07-09,83.7,ECMWF
KAUS,2025-07-10,89.2,ECMWF
KAUS,2025-07-11,88.2,ECMWF
KAUS,2025-07-12,87.3,ECMWF
KAUS,2025-07-13,83.8,ECMWF
KAUS,2025-07-14,88.2,ECMWF
KAUS,2025-07-15,89.1,ECMWF
KAUS,2025-07-16,93.0,ECMWF
KAUS,2025-07-17,93.5,ECMWF
KAUS,2025-07-18,93.6,ECMWF
KAUS,2025-07-19,92.4,ECMWF
KAUS,2025-07-20,89.3,ECMWF
KAUS,2025-07-21,92.8,ECMWF
KAUS,2025-07-22,95.3,ECMWF
KAUS,2025-07-23,95.9,ECMWF
KAUS,2025-07-24,98.0,ECMWF
KAUS,2025-07-25,96.3,ECMWF
KAUS,2025-07-26,90.9,ECMWF
KAUS,2025-07-27,91.5,ECMWF
KAUS,2025-07-28,94.5,ECMWF
KAUS,2025-07-29,98.3,ECMWF
KAUS,2025-07-30,99.0,ECMWF
KAUS,2025-07-31,100.2,ECMWF
KAUS,2025-08-01,100.2,ECMWF
KAUS,2025-08-02,96.1,ECMWF
KAUS,2025-08-03,96.4,ECMWF
KAUS,2025-08-04,95.8,ECMWF
KAUS,2025-08-05,93.7,ECMWF
KAUS,2025-08-06,96.1,ECMWF
KAUS,2025-08-07,97.5,ECMWF
KAUS,2025-08-08,99.5,ECMWF
KAUS,2025-08-09,96.9,ECMWF
KAUS,2025-08-10,97.4,ECMWF
KAUS,2025-08-11,97.7,ECMWF
KAUS,2025-08-12,98.5,ECMWF
KAUS,2025-08-13,92.6,ECMWF
KAUS,2025-08-14,98.4,ECMWF
KAUS,2025-08-15,94.5,ECMWF
KAUS,2025-08-16,95.3,ECMWF
KAUS,2025-08-17,99.7,ECMWF
KAUS,2025-08-18,100.8,ECMWF
KAUS,2025-08-19,96.1,ECMWF
KAUS,2025-08-20,96.4,ECMWF
KAUS,2025-08-21,88.2,ECMWF
KAUS,2025-08-22,88.3,ECMWF
KAUS,2025-08-23,94.0,ECMWF
KAUS,2025-08-24,98.5,ECMWF
KAUS,2025-08-25,97.1,ECMWF
KAUS,2025-08-26,96.2,ECMWF
KAUS,2025-08-27,94.5,ECMWF
KAUS,2025-08-28,100.2,ECMWF
KAUS,2025-08-29,98.7,ECMWF
KAUS,2025-08-30,96.8,ECMWF
KAUS,2025-08-31,83.7,ECMWF
KAUS,2025-09-01,86.2,ECMWF
KAUS,2025-09-02,92.2,ECMWF
KAUS,2025-09-03,96.8,ECMWF
KAUS,2025-09-04,101.2,ECMWF
KAUS,2025-09-05,98.7,ECMWF
KAUS,2025-09-06,96.3,ECMWF
KAUS,2025-09-07,80.7,ECMWF
KAUS,2025-09-08,85.9,ECMWF
KAUS,2025-09-09,89.5,ECMWF
KAUS,2025-09-10,93.4,ECMWF
KAUS,2025-09-11,94.4,ECMWF
KAUS,2025-09-12,94.5,ECMWF
KAUS,2025-09-13,93.0,ECMWF
KAUS,2025-09-14,94.3,ECMWF
KAUS,2025-09-15,92.4,ECMWF
KAUS,2025-09-16,91.7,ECMWF
KAUS,2025-09-17,93.7,ECMWF
KAUS,2025-09-18,92.7,ECMWF
KAUS,2025-09-19,92.7,ECMWF
KAUS,2025-09-20,93.9,ECMWF
KAUS,2025-09-21,95.9,ECMWF
KAUS,2025-09-22,96.4,ECMWF
KAUS,2025-09-23,97.3,ECMWF
KAUS,2025-09-24,95.6,ECMWF
KAUS,2025-09-25,87.4,ECMWF
KAUS,2025-09-26,89.5,ECMWF
KAUS,2025-09-27,90.5,ECMWF
KAUS,2025-09-28,88.9,ECMWF
KAUS,2025-09-29,87.3,ECMWF
KAUS,2025-09-30,91.8,ECMWF
KAUS,2025-10-01,95.8,ECMWF
KAUS,2025-10-02,95.8,ECMWF
KAUS,2025-10-03,93.2,ECMWF
KAUS,2025-10-04,91.0,ECMWF
KAUS,2025-10-05,91.7,ECMWF
KAUS,2025-10-06,91.2,ECMWF
KAUS,2025-10-07,92.9,ECMWF
KAUS,2025-10-08,92.3,ECMWF
KAUS,2025-10-09,89.8,ECMWF
KAUS,2025-10-10,90.6,ECMWF
KAUS,2025-10-11,91.3,ECMWF
KAUS,2025-10-12,90.5,ECMWF
KAUS,2025-10-13,89.1,ECMWF
KAUS,2025-10-14,89.2,ECMWF
KAUS,2025-10-15,90.6,ECMWF
KAUS,2025-10-16,85.3,ECMWF
KAUS,2025-10-17,90.9,ECMWF
KAUS,2025-10-18,93.9,ECMWF
KAUS,2025-10-19,89.1,ECMWF
KAUS,2025-10-20,92.2,ECMWF
KAUS,2025-10-21,87.9,ECMWF
KAUS,2025-10-22,85.9,ECMWF
KAUS,2025-10-23,88.4,ECMWF
KAUS,2025-10-24,88.5,ECMWF
KAUS,2025-10-25,74.7,ECMWF
KAUS,2025-10-26,80.7,ECMWF
KAUS,2025-10-27,86.5,ECMWF
KAUS,2025-10-28,80.6,ECMWF
KAUS,2025-10-29,71.1,ECMWF
KAUS,2025-10-30,69.2,ECMWF
KAUS,2025-10-31,73.8,ECMWF
KAUS,2025-11-01,71.1,ECMWF
KAUS,2025-11-02,72.7,ECMWF
KAUS,2025-11-03,77.2,ECMWF
KAUS,2025-11-04,78.3,ECMWF
KAUS,2025-11-05,82.8,ECMWF
KAUS,2025-11-06,83.3,ECMWF
KAUS,2025-11-07,91.5,ECMWF
KAUS,2025-11-08,86.4,ECMWF
KAUS,2025-11-09,79.0,ECMWF
KAUS,2025-11-10,62.8,ECMWF
KAUS,2025-11-11,71.6,ECMWF
KAUS,2025-11-12,80.7,ECMWF
KAUS,2025-11-13,82.9,ECMWF
KAUS,2025-11-14,83.1,ECMWF
KAUS,2025-11-15,83.2,ECMWF
KAUS,2025-11-16,84.9,ECMWF
KAUS,2025-11-17,85.7,ECMWF
KAUS,2025-11-18,84.2,ECMWF
KAUS,2025-11-19,85.0,ECMWF
KAUS,2025-11-20,82.5,ECMWF
KAUS,2025-11-21,74.3,ECMWF
KAUS,2025-11-22,73.5,ECMWF
KAUS,2025-11-23,67.1,ECMWF
KAUS,2025-11-24,71.6,ECMWF
KAUS,2025-11-25,78.4,ECMWF
KAUS,2025-11-26,69.8,ECMWF
KAUS,2025-11-27,60.6,ECMWF
KAUS,2025-11-28,66.9,ECMWF
KAUS,2025-11-29,76.9,ECMWF
KAUS,2025-11-30,68.8,ECMWF
KAUS,2025-12-01,47.4,ECMWF
KAUS,2025-12-02,53.4,ECMWF
KAUS,2025-12-03,56.9,ECMWF
KAUS,2025-12-04,55.4,ECMWF
KAUS,2025-12-05,52.3,ECMWF
KAUS,2025-12-06,71.8,ECMWF
KAUS,2025-12-07,68.1,ECMWF
KAUS,2025-12-08,58.7,ECMWF
KAUS,2025-12-09,65.1,ECMWF
KAUS,2025-12-10,70.0,ECMWF
KAUS,2025-12-11,68.5,ECMWF
KAUS,2025-12-12,72.0,ECMWF
KAUS,2025-12-13,77.1,ECMWF
KAUS,2025-12-14,70.9,ECMWF
KAUS,2025-12-15,54.2,ECMWF
KAUS,2025-12-16,59.2,ECMWF
KAUS,2025-12-17,63.4,ECMWF
KAUS,2025-12-18,75.3,ECMWF
KAUS,2025-12-19,66.5,ECMWF
KAUS,2025-12-20,74.6,ECMWF
KAUS,2025-12-21,70.3,ECMWF
KAUS,2025-12-22,74.7,ECMWF
KAUS,2025-12-23,80.0,ECMWF
KAUS,2025-12-24,79.0,ECMWF
KAUS,2025-12-25,78.3,ECMWF
KAUS,2025-12-26,81.9,ECMWF
KAUS,2025-12-27,81.0,ECMWF
KAUS,2025-12-28,78.0,ECMWF
KAUS,2025-12-29,73.8,ECMWF
KAUS,2025-12-30,58.2,ECMWF
KAUS,2025-12-31,70.1,ECMWF
KAUS,2026-01-01,73.0,ECMWF
KAUS,2026-01-02,86.8,ECMWF
KAUS,2026-01-03,78.0,ECMWF
KAUS,2026-01-04,68.2,ECMWF
KAUS,2026-01-05,75.8,ECMWF
KAUS,2026-01-06,82.0,ECMWF
KAUS,2026-01-07,79.1,ECMWF
KAUS,2026-01-08,79.3,ECMWF
KAUS,2026-01-09,74.7,ECMWF
KAUS,2026-01-10,66.0,ECMWF
KAUS,2026-01-11,61.7,ECMWF
KAUS,2026-01-12,63.8,ECMWF
KAUS,2026-01-13,60.3,ECMWF
KAUS,2026-01-14,67.2,ECMWF
KAUS,2026-01-15,63.8,ECMWF
KAUS,2026-01-16,70.9,ECMWF
KAUS,2026-01-17,59.5,ECMWF
KAUS,2026-01-18,62.7,ECMWF
KAUS,2026-01-19,66.3,ECMWF
KAUS,2026-01-20,59.8,ECMWF
KAUS,2026-01-21,72.9,ECMWF
KAUS,2026-01-22,68.6,ECMWF
KAUS,2026-01-23,65.8,ECMWF
KAUS,2026-01-24,62.1,ECMWF
KAUS,2026-01-25,29.5,ECMWF
KAUS,2026-01-26,36.7,ECMWF
KAUS,2026-01-27,45.7,ECMWF
KAUS,2026-01-28,54.2,ECMWF
KAUS,2026-01-29,67.6,ECMWF
KAUS,2026-01-30,60.9,ECMWF
KAUS,2026-01-31,50.3,ECMWF
KAUS,2026-02-01,52.3,ECMWF
KAUS,2026-02-02,65.9,ECMWF
KAUS,2026-02-03,71.2,ECMWF
KAUS,2026-02-04,66.4,ECMWF
KAUS,2026-02-05,66.8,ECMWF
KAUS,2026-02-06,79.9,ECMWF
KAUS,2026-02-07,80.1,ECMWF
KAUS,2026-02-08,78.0,ECMWF
KAUS,2026-02-09,83.7,ECMWF
KAUS,2026-02-10,77.8,ECMWF
KAUS,2026-02-11,73.7,ECMWF
KAUS,2026-02-12,79.6,ECMWF
KAUS,2026-02-13,80.1,ECMWF
KAUS,2026-02-14,75.6,ECMWF
KAUS,2026-02-15,71.7,ECMWF
KAUS,2026-02-16,73.6,ECMWF
KAUS,2026-02-17,80.1,ECMWF
KAUS,2026-02-18,77.4,ECMWF
KAUS,2026-02-19,82.2,ECMWF
KAUS,2026-02-20,77.1,ECMWF
KAUS,2026-02-21,70.1,ECMWF
KAUS,2026-02-22,64.8,ECMWF
KAUS,2026-02-23,63.9,ECMWF
KAUS,2026-02-24,72.6,ECMWF
KAUS,2026-02-25,84.6,ECMWF
KAUS,2024-10-08,92.2,NBM
KAUS,2024-10-09,91.6,NBM
KAUS,2024-10-10,94.6,NBM
KAUS,2024-10-11,93.1,NBM
KAUS,2024-10-12,93.9,NBM
KAUS,2024-10-13,98.6,NBM
KAUS,2024-10-14,94.8,NBM
KAUS,2024-10-15,96.4,NBM
KAUS,2024-10-16,88.0,NBM
KAUS,2024-10-17,77.8,NBM
KAUS,2024-10-18,82.7,NBM
KAUS,2024-10-19,84.9,NBM
KAUS,2024-10-20,85.5,NBM
KAUS,2024-10-21,86.1,NBM
KAUS,2024-10-22,88.1,NBM
KAUS,2024-10-23,89.9,NBM
KAUS,2024-10-24,89.2,NBM
KAUS,2024-10-25,89.9,NBM
KAUS,2024-10-26,90.2,NBM
KAUS,2024-10-27,91.3,NBM
KAUS,2024-10-28,89.2,NBM
KAUS,2024-10-29,88.2,NBM
KAUS,2024-10-30,90.6,NBM
KAUS,2024-10-31,85.0,NBM
KAUS,2024-11-01,82.2,NBM
KAUS,2024-11-02,81.5,NBM
KAUS,2024-11-03,86.9,NBM
KAUS,2024-11-04,84.8,NBM
KAUS,2024-11-05,79.7,NBM
KAUS,2024-11-06,77.8,NBM
KAUS,2024-11-07,83.4,NBM
KAUS,2024-11-08,85.6,NBM
KAUS,2024-11-09,77.3,NBM
KAUS,2024-11-10,85.1,NBM
KAUS,2024-11-11,83.0,NBM
KAUS,2024-11-12,83.1,NBM
KAUS,2024-11-13,84.9,NBM
KAUS,2024-11-14,75.7,NBM
KAUS,2024-11-15,76.7,NBM
KAUS,2024-11-16,82.3,NBM
KAUS,2024-11-17,85.0,NBM
KAUS,2024-11-18,79.5,NBM
KAUS,2024-11-19,81.3,NBM
KAUS,2024-11-20,71.4,NBM
KAUS,2024-11-21,72.2,NBM
KAUS,2024-11-22,75.5,NBM
KAUS,2024-11-23,77.3,NBM
KAUS,2024-11-24,82.8,NBM
KAUS,2024-11-25,80.8,NBM
KAUS,2024-11-26,66.3,NBM
KAUS,2024-11-27,81.1,NBM
KAUS,2024-11-28,72.3,NBM
KAUS,2024-11-29,59.2,NBM
KAUS,2024-11-30,64.3,NBM
KAUS,2024-12-01,68.4,NBM
KAUS,2024-12-02,67.9,NBM
KAUS,2024-12-03,63.3,NBM
KAUS,2024-12-04,61.7,NBM
KAUS,2024-12-05,61.7,NBM
KAUS,2024-12-06,58.1,NBM
KAUS,2024-12-07,51.7,NBM
KAUS,2024-12-08,61.2,NBM
KAUS,2024-12-09,78.9,NBM
KAUS,2024-12-10,68.2,NBM
KAUS,2024-12-11,63.3,NBM
KAUS,2024-12-12,65.4,NBM
KAUS,2024-12-13,66.9,NBM
KAUS,2024-12-14,76.7,NBM
KAUS,2024-12-15,77.4,NBM
KAUS,2024-12-16,77.8,NBM
KAUS,2024-12-17,78.6,NBM
KAUS,2024-12-18,72.3,NBM
KAUS,2024-12-19,66.4,NBM
KAUS,2024-12-20,66.0,NBM
KAUS,2024-12-21,61.9,NBM
KAUS,2024-12-22,69.7,NBM
KAUS,2024-12-23,76.1,NBM
KAUS,2024-12-24,76.2,NBM
KAUS,2024-12-25,71.5,NBM
KAUS,2024-12-26,73.8,NBM
KAUS,2024-12-27,77.5,NBM
KAUS,2024-12-28,78.5,NBM
KAUS,2024-12-29,74.5,NBM
KAUS,2024-12-30,84.7,NBM
KAUS,2024-12-31,73.1,NBM
KAUS,2025-01-01,59.8,NBM
KAUS,2025-01-02,63.3,NBM
KAUS,2025-01-03,66.8,NBM
KAUS,2025-01-04,71.5,NBM
KAUS,2025-01-05,70.8,NBM
KAUS,2025-01-06,53.5,NBM
KAUS,2025-01-07,47.1,NBM
KAUS,2025-01-08,43.4,NBM
KAUS,2025-01-09,41.6,NBM
KAUS,2025-01-10,44.9,NBM
KAUS,2025-01-11,56.7,NBM
KAUS,2025-01-12,61.0,NBM
KAUS,2025-01-13,55.6,NBM
KAUS,2025-01-14,57.0,NBM
KAUS,2025-01-15,60.4,NBM
KAUS,2025-01-16,64.2,NBM
KAUS,2025-01-17,64.2,NBM
KAUS,2025-01-18,61.3,NBM
KAUS,2025-01-19,54.0,NBM
KAUS,2025-01-20,37.6,NBM
KAUS,2025-01-21,37.6,NBM
KAUS,2025-01-22,49.2,NBM
KAUS,2025-01-23,55.0,NBM
KAUS,2025-01-24,58.5,NBM
KAUS,2025-01-25,54.7,NBM
KAUS,2025-01-26,54.8,NBM
KAUS,2025-01-27,52.7,NBM
KAUS,2025-01-28,55.4,NBM
KAUS,2025-01-29,67.0,NBM
KAUS,2025-01-30,67.9,NBM
KAUS,2025-01-31,69.7,NBM
KAUS,2025-02-01,73.2,NBM
KAUS,2025-02-02,78.1,NBM
KAUS,2025-02-03,80.7,NBM
KAUS,2025-02-04,81.4,NBM
KAUS,2025-02-05,77.7,NBM
KAUS,2025-02-06,80.3,NBM
KAUS,2025-02-07,80.2,NBM
KAUS,2025-02-08,87.4,NBM
KAUS,2025-02-09,83.1,NBM
KAUS,2025-02-10,60.3,NBM
KAUS,2025-02-11,56.2,NBM
KAUS,2025-02-12,60.6,NBM
KAUS,2025-02-13,53.4,NBM
KAUS,2025-02-14,51.1,NBM
KAUS,2025-02-15,72.1,NBM
KAUS,2025-02-16,68.9,NBM
KAUS,2025-02-17,60.3,NBM
KAUS,2025-02-18,63.4,NBM
KAUS,2025-02-19,50.1,NBM
KAUS,2025-02-20,37.3,NBM
KAUS,2025-02-21,37.2,NBM
KAUS,2025-02-22,40.5,NBM
KAUS,2025-02-23,60.8,NBM
KAUS,2025-02-24,73.4,NBM
KAUS,2025-02-25,75.0,NBM
KAUS,2025-02-26,80.0,NBM
KAUS,2025-02-27,76.3,NBM
KAUS,2025-02-28,76.1,NBM
KAUS,2025-03-01,82.7,NBM
KAUS,2025-03-02,79.5,NBM
KAUS,2025-03-03,78.6,NBM
KAUS,2025-03-04,76.4,NBM
KAUS,2025-03-05,71.4,NBM
KAUS,2025-03-06,73.8,NBM
KAUS,2025-03-07,82.7,NBM
KAUS,2025-03-08,79.7,NBM
KAUS,2025-03-09,62.6,NBM
KAUS,2025-03-10,76.7,NBM
KAUS,2025-03-11,81.2,NBM
KAUS,2025-03-12,88.4,NBM
KAUS,2025-03-13,90.7,NBM
KAUS,2025-03-14,92.4,NBM
KAUS,2025-03-15,87.1,NBM
KAUS,2025-03-16,79.3,NBM
KAUS,2025-03-17,83.2,NBM
KAUS,2025-03-18,85.2,NBM
KAUS,2025-03-19,79.3,NBM
KAUS,2025-03-20,71.8,NBM
KAUS,2025-03-21,78.7,NBM
KAUS,2025-03-22,84.5,NBM
KAUS,2025-03-23,86.7,NBM
KAUS,2025-03-24,84.5,NBM
KAUS,2025-03-25,90.4,NBM
KAUS,2025-03-26,86.8,NBM
KAUS,2025-03-27,74.1,NBM
KAUS,2025-03-28,72.3,NBM
KAUS,2025-03-29,84.9,NBM
KAUS,2025-03-30,82.0,NBM
KAUS,2025-03-31,80.0,NBM
KAUS,2025-04-01,83.8,NBM
KAUS,2025-04-02,84.9,NBM
KAUS,2025-04-03,89.7,NBM
KAUS,2025-04-04,86.7,NBM
KAUS,2025-04-05,76.0,NBM
KAUS,2025-04-06,59.4,NBM
KAUS,2025-04-07,70.1,NBM
KAUS,2025-04-08,77.9,NBM
KAUS,2025-04-09,85.5,NBM
KAUS,2025-04-10,89.3,NBM
KAUS,2025-04-11,88.5,NBM
KAUS,2025-04-12,88.7,NBM
KAUS,2025-04-13,91.0,NBM
KAUS,2025-04-14,90.8,NBM
KAUS,2025-04-15,87.6,NBM
KAUS,2025-04-16,85.1,NBM
KAUS,2025-04-17,88.1,NBM
KAUS,2025-04-18,90.8,NBM
KAUS,2025-04-19,84.9,NBM
KAUS,2025-04-20,85.1,NBM
KAUS,2025-04-21,87.7,NBM
KAUS,2025-04-22,88.2,NBM
KAUS,2025-04-23,84.2,NBM
KAUS,2025-04-24,85.1,NBM
KAUS,2025-04-25,84.5,NBM
KAUS,2025-04-26,85.2,NBM
KAUS,2025-04-27,87.9,NBM
KAUS,2025-04-28,87.6,NBM
KAUS,2025-04-29,88.6,NBM
KAUS,2025-04-30,84.9,NBM
KAUS,2025-05-01,89.3,NBM
KAUS,2025-05-02,82.2,NBM
KAUS,2025-05-03,79.2,NBM
KAUS,2025-05-04,82.9,NBM
KAUS,2025-05-05,79.2,NBM
KAUS,2025-05-06,85.0,NBM
KAUS,2025-05-07,83.2,NBM
KAUS,2025-05-08,83.8,NBM
KAUS,2025-05-09,81.5,NBM
KAUS,2025-05-10,79.5,NBM
KAUS,2025-05-11,83.1,NBM
KAUS,2025-05-12,90.3,NBM
KAUS,2025-05-13,99.9,NBM
KAUS,2025-05-14,100.3,NBM
KAUS,2025-05-15,98.4,NBM
KAUS,2025-05-16,98.6,NBM
KAUS,2025-05-17,97.1,NBM
KAUS,2025-05-18,93.2,NBM
KAUS,2025-05-19,90.0,NBM
KAUS,2025-05-20,93.8,NBM
KAUS,2025-05-21,94.8,NBM
KAUS,2025-05-22,96.7,NBM
KAUS,2025-05-23,96.3,NBM
KAUS,2025-05-24,98.0,NBM
KAUS,2025-05-25,94.8,NBM
KAUS,2025-05-26,92.1,NBM
KAUS,2025-05-27,89.0,NBM
KAUS,2025-05-28,85.8,NBM
KAUS,2025-05-29,89.7,NBM
KAUS,2025-05-30,88.2,NBM
KAUS,2025-05-31,88.0,NBM
KAUS,2025-06-01,94.9,NBM
KAUS,2025-06-02,94.7,NBM
KAUS,2025-06-03,91.2,NBM
KAUS,2025-06-04,88.2,NBM
KAUS,2025-06-05,93.3,NBM
KAUS,2025-06-06,95.8,NBM
KAUS,2025-06-07,96.7,NBM
KAUS,2025-06-08,98.2,NBM
KAUS,2025-06-09,97.2,NBM
KAUS,2025-06-10,90.8,NBM
KAUS,2025-06-11,88.5,NBM
KAUS,2025-06-12,83.8,NBM
KAUS,2025-06-13,91.9,NBM
KAUS,2025-06-14,91.5,NBM
KAUS,2025-06-15,91.4,NBM
KAUS,2025-06-16,92.0,NBM
KAUS,2025-06-17,93.9,NBM
KAUS,2025-06-18,93.4,NBM
KAUS,2025-06-19,93.9,NBM
KAUS,2025-06-20,93.8,NBM
KAUS,2025-06-21,93.6,NBM
KAUS,2025-06-22,93.8,NBM
KAUS,2025-06-23,94.7,NBM
KAUS,2025-06-24,92.2,NBM
KAUS,2025-06-25,90.7,NBM
KAUS,2025-06-26,89.8,NBM
KAUS,2025-06-27,92.6,NBM
KAUS,2025-06-28,93.9,NBM
KAUS,2025-06-29,93.5,NBM
KAUS,2025-06-30,92.6,NBM
KAUS,2025-07-01,93.9,NBM
KAUS,2025-07-02,92.0,NBM
KAUS,2025-07-03,84.4,NBM
KAUS,2025-07-04,83.1,NBM
KAUS,2025-07-05,81.3,NBM
KAUS,2025-07-06,86.6,NBM
KAUS,2025-07-07,87.8,NBM
KAUS,2025-07-08,88.8,NBM
KAUS,2025-07-09,88.1,NBM
KAUS,2025-07-10,91.2,NBM
KAUS,2025-07-11,89.7,NBM
KAUS,2025-07-12,90.4,NBM
KAUS,2025-07-13,86.5,NBM
KAUS,2025-07-14,88.1,NBM
KAUS,2025-07-15,91.1,NBM
KAUS,2025-07-16,94.1,NBM
KAUS,2025-07-17,94.1,NBM
KAUS,2025-07-18,93.9,NBM
KAUS,2025-07-19,93.5,NBM
KAUS,2025-07-20,92.1,NBM
KAUS,2025-07-21,94.7,NBM
KAUS,2025-07-22,95.4,NBM
KAUS,2025-07-23,96.4,NBM
KAUS,2025-07-24,97.5,NBM
KAUS,2025-07-25,96.3,NBM
KAUS,2025-07-26,91.2,NBM
KAUS,2025-07-27,92.8,NBM
KAUS,2025-07-28,94.2,NBM
KAUS,2025-07-29,97.6,NBM
KAUS,2025-07-30,99.0,NBM
KAUS,2025-07-31,99.7,NBM
KAUS,2025-08-01,98.5,NBM
KAUS,2025-08-02,96.4,NBM
KAUS,2025-08-03,97.2,NBM
KAUS,2025-08-04,95.8,NBM
KAUS,2025-08-05,94.1,NBM
KAUS,2025-08-06,95.9,NBM
KAUS,2025-08-07,97.6,NBM
KAUS,2025-08-08,98.5,NBM
KAUS,2025-08-09,98.1,NBM
KAUS,2025-08-10,96.4,NBM
KAUS,2025-08-11,96.1,NBM
KAUS,2025-08-12,95.9,NBM
KAUS,2025-08-13,95.0,NBM
KAUS,2025-08-14,97.9,NBM
KAUS,2025-08-15,95.3,NBM
KAUS,2025-08-16,96.0,NBM
KAUS,2025-08-17,98.6,NBM
KAUS,2025-08-18,99.4,NBM
KAUS,2025-08-19,97.1,NBM
KAUS,2025-08-20,98.0,NBM
KAUS,2025-08-21,92.7,NBM
KAUS,2025-08-22,91.2,NBM
KAUS,2025-08-23,93.0,NBM
KAUS,2025-08-24,96.2,NBM
KAUS,2025-08-25,95.6,NBM
KAUS,2025-08-26,93.9,NBM
KAUS,2025-08-27,92.7,NBM
KAUS,2025-08-28,98.5,NBM
KAUS,2025-08-29,98.6,NBM
KAUS,2025-08-30,96.9,NBM
KAUS,2025-09-06,85.4,NBM
KAUS,2025-09-07,82.2,NBM
KAUS,2025-09-08,88.4,NBM
KAUS,2025-09-09,90.6,NBM
KAUS,2025-09-10,93.4,NBM
KAUS,2025-09-11,94.2,NBM
KAUS,2025-09-12,94.8,NBM
KAUS,2025-09-13,93.7,NBM
KAUS,2025-09-14,94.2,NBM
KAUS,2025-09-15,92.6,NBM
KAUS,2025-09-16,93.3,NBM
KAUS,2025-09-17,93.8,NBM
KAUS,2025-09-18,93.4,NBM
KAUS,2025-09-19,93.8,NBM
KAUS,2025-09-20,93.9,NBM
KAUS,2025-09-21,94.8,NBM
KAUS,2025-09-22,96.1,NBM
KAUS,2025-09-23,97.4,NBM
KAUS,2025-09-24,94.2,NBM
KAUS,2025-09-25,89.5,NBM
KAUS,2025-09-26,90.6,NBM
KAUS,2025-09-27,91.6,NBM
KAUS,2025-09-28,90.4,NBM
KAUS,2025-09-29,89.3,NBM
KAUS,2025-09-30,93.0,NBM
KAUS,2025-10-01,94.8,NBM
KAUS,2025-10-02,94.8,NBM
KAUS,2025-10-03,93.5,NBM
KAUS,2025-10-04,91.2,NBM
KAUS,2025-10-05,92.2,NBM
KAUS,2025-10-06,92.6,NBM
KAUS,2025-10-07,91.2,NBM
KAUS,2025-10-08,92.5,NBM
KAUS,2025-10-09,92.0,NBM
KAUS,2025-10-10,90.8,NBM
KAUS,2025-10-11,91.1,NBM
KAUS,2025-10-12,90.4,NBM
KAUS,2025-10-13,89.6,NBM
KAUS,2025-10-14,90.1,NBM
KAUS,2025-10-15,90.6,NBM
KAUS,2025-10-16,85.9,NBM
KAUS,2025-10-17,91.3,NBM
KAUS,2025-10-18,93.6,NBM
KAUS,2025-10-19,88.7,NBM
KAUS,2025-10-20,93.0,NBM
KAUS,2025-10-21,87.4,NBM
KAUS,2025-10-22,85.8,NBM
KAUS,2025-10-23,89.6,NBM
KAUS,2025-10-24,87.7,NBM
KAUS,2025-10-25,82.7,NBM
KAUS,2025-10-26,79.5,NBM
KAUS,2025-10-27,86.6,NBM
KAUS,2025-10-28,86.1,NBM
KAUS,2025-10-29,72.5,NBM
KAUS,2025-10-30,70.9,NBM
KAUS,2025-10-31,74.5,NBM
KAUS,2025-11-01,72.0,NBM
KAUS,2025-11-02,73.3,NBM
KAUS,2025-11-03,77.4,NBM
KAUS,2025-11-04,79.4,NBM
KAUS,2025-11-05,83.1,NBM
KAUS,2025-11-06,83.8,NBM
KAUS,2025-11-07,90.4,NBM
KAUS,2025-11-08,85.7,NBM
KAUS,2025-11-09,78.0,NBM
KAUS,2025-11-10,61.1,NBM
KAUS,2025-11-11,72.4,NBM
KAUS,2025-11-12,82.2,NBM
KAUS,2025-11-13,84.1,NBM
KAUS,2025-11-14,84.9,NBM
KAUS,2025-11-15,84.9,NBM
KAUS,2025-11-16,86.0,NBM
KAUS,2025-11-17,86.4,NBM
KAUS,2025-11-18,84.1,NBM
KAUS,2025-11-19,85.0,NBM
KAUS,2025-11-20,80.6,NBM
KAUS,2025-11-21,77.8,NBM
KAUS,2025-11-22,73.7,NBM
KAUS,2025-11-23,70.2,NBM
KAUS,2025-11-24,78.3,NBM
KAUS,2025-11-25,78.4,NBM
KAUS,2025-11-26,69.9,NBM
KAUS,2025-11-27,63.6,NBM
KAUS,2025-11-28,66.8,NBM
KAUS,2025-11-29,77.3,NBM
KAUS,2025-11-30,71.2,NBM
KAUS,2025-12-01,48.6,NBM
KAUS,2025-12-02,54.6,NBM
KAUS,2025-12-03,58.4,NBM
KAUS,2025-12-04,55.5,NBM
KAUS,2025-12-05,54.8,NBM
KAUS,2025-12-06,73.5,NBM
KAUS,2025-12-07,67.9,NBM
KAUS,2025-12-08,58.2,NBM
KAUS,2025-12-09,66.2,NBM
KAUS,2025-12-10,69.5,NBM
KAUS,2025-12-11,68.8,NBM
KAUS,2025-12-12,73.8,NBM
KAUS,2025-12-13,76.7,NBM
KAUS,2025-12-14,70.4,NBM
KAUS,2025-12-15,54.3,NBM
KAUS,2025-12-16,61.1,NBM
KAUS,2025-12-17,65.2,NBM
KAUS,2025-12-18,74.7,NBM
KAUS,2025-12-19,67.1,NBM
KAUS,2025-12-20,74.6,NBM
KAUS,2025-12-21,70.7,NBM
KAUS,2025-12-22,75.3,NBM
KAUS,2025-12-23,79.8,NBM
KAUS,2025-12-24,78.2,NBM
KAUS,2025-12-25,77.8,NBM
KAUS,2025-12-26,82.2,NBM
KAUS,2025-12-27,80.8,NBM
KAUS,2025-12-28,79.6,NBM
KAUS,2025-12-29,75.0,NBM
KAUS,2025-12-30,57.0,NBM
KAUS,2025-12-31,68.7,NBM
KAUS,2026-01-01,72.9,NBM
KAUS,2026-01-02,86.7,NBM
KAUS,2026-01-03,77.9,NBM
KAUS,2026-01-04,69.4,NBM
KAUS,2026-01-05,74.4,NBM
KAUS,2026-01-06,83.1,NBM
KAUS,2026-01-07,80.0,NBM
KAUS,2026-01-08,80.3,NBM
KAUS,2026-01-09,75.0,NBM
KAUS,2026-01-10,66.9,NBM
KAUS,2026-01-11,63.3,NBM
KAUS,2026-01-12,63.4,NBM
KAUS,2026-01-13,60.1,NBM
KAUS,2026-01-14,67.8,NBM
KAUS,2026-01-15,64.7,NBM
KAUS,2026-01-16,72.2,NBM
KAUS,2026-01-17,60.0,NBM
KAUS,2026-01-18,62.7,NBM
KAUS,2026-01-19,66.6,NBM
KAUS,2026-01-20,60.0,NBM
KAUS,2026-01-21,73.1,NBM
KAUS,2026-01-22,68.0,NBM
KAUS,2026-01-23,69.1,NBM
KAUS,2026-01-24,66.4,NBM
KAUS,2026-01-25,30.7,NBM
KAUS,2026-01-26,35.1,NBM
KAUS,2026-01-27,47.0,NBM
KAUS,2026-01-28,55.1,NBM
KAUS,2026-01-29,69.2,NBM
KAUS,2026-01-30,62.9,NBM
KAUS,2026-01-31,51.3,NBM
KAUS,2026-02-01,55.6,NBM
KAUS,2026-02-02,68.4,NBM
KAUS,2026-02-03,71.2,NBM
KAUS,2026-02-04,67.7,NBM
KAUS,2026-02-05,68.4,NBM
KAUS,2026-02-06,81.0,NBM
KAUS,2026-02-07,81.9,NBM
KAUS,2026-02-08,79.5,NBM
KAUS,2026-02-09,83.9,NBM
KAUS,2026-02-10,78.3,NBM
KAUS,2026-02-11,74.2,NBM
KAUS,2026-02-12,80.0,NBM
KAUS,2026-02-13,81.2,NBM
KAUS,2026-02-14,77.8,NBM
KAUS,2026-02-15,71.4,NBM
KAUS,2026-02-16,76.2,NBM
KAUS,2026-02-17,83.1,NBM
KAUS,2026-02-18,81.0,NBM
KAUS,2026-02-19,84.4,NBM
KAUS,2026-02-20,80.5,NBM
KAUS,2026-02-21,72.1,NBM
KAUS,2026-02-22,65.1,NBM
KAUS,2026-02-23,65.0,NBM
KAUS,2026-02-24,74.4,NBM
KAUS,2026-02-25,86.4,NBM
KBOS,2026-02-06,29.3,OBS
KBOS,2026-02-07,27.1,OBS
KBOS,2026-02-08,15.5,OBS
KBOS,2026-02-09,27.7,OBS
KBOS,2026-02-10,32.2,OBS
KBOS,2026-02-11,38.4,OBS
KBOS,2026-02-12,33.6,OBS
KBOS,2026-02-13,34.5,OBS
KBOS,2026-02-14,36.3,OBS
KBOS,2026-02-15,31.6,OBS
KBOS,2026-02-16,35.2,OBS
KBOS,2026-02-17,36.4,OBS
KBOS,2026-02-18,37.3,OBS
KBOS,2026-02-19,37.1,OBS
KBOS,2026-02-20,36.0,OBS
KBOS,2026-02-21,34.0,OBS
KBOS,2026-02-22,34.5,OBS
KBOS,2026-02-23,34.3,OBS
KBOS,2026-02-24,30.2,OBS
KBOS,2026-02-25,37.3,OBS
KBOS,2026-02-06,29.6,GFS
KBOS,2026-02-07,25.8,GFS
KBOS,2026-02-08,17.2,GFS
KBOS,2026-02-09,29.9,GFS
KBOS,2026-02-10,33.5,GFS
KBOS,2026-02-11,39.2,GFS
KBOS,2026-02-12,34.8,GFS
KBOS,2026-02-13,35.3,GFS
KBOS,2026-02-14,34.8,GFS
KBOS,2026-02-15,32.6,GFS
KBOS,2026-02-16,35.2,GFS
KBOS,2026-02-17,36.2,GFS
KBOS,2026-02-18,40.3,GFS
KBOS,2026-02-19,38.2,GFS
KBOS,2026-02-20,37.6,GFS
KBOS,2026-02-21,32.7,GFS
KBOS,2026-02-22,33.2,GFS
KBOS,2026-02-23,33.0,GFS
KBOS,2026-02-24,31.9,GFS
KBOS,2026-02-25,37.2,GFS
KBOS,2026-02-06,29.3,ECMWF
KBOS,2026-02-07,26.9,ECMWF
KBOS,2026-02-08,15.1,ECMWF
KBOS,2026-02-09,27.4,ECMWF
KBOS,2026-02-10,32.6,ECMWF
KBOS,2026-02-11,38.3,ECMWF
KBOS,2026-02-12,33.1,ECMWF
KBOS,2026-02-13,34.2,ECMWF
KBOS,2026-02-14,36.3,ECMWF
KBOS,2026-02-15,31.7,ECMWF
KBOS,2026-02-16,35.5,ECMWF
KBOS,2026-02-17,37.0,ECMWF
KBOS,2026-02-18,38.0,ECMWF
KBOS,2026-02-19,37.0,ECMWF
KBOS,2026-02-20,36.4,ECMWF
KBOS,2026-02-21,33.7,ECMWF
KBOS,2026-02-22,34.5,ECMWF
KBOS,2026-02-23,34.0,ECMWF
KBOS,2026-02-24,30.3,ECMWF
KBOS,2026-02-25,37.3,ECMWF
KBOS,2026-02-06,30.2,NBM
KBOS,2026-02-07,27.4,NBM
KBOS,2026-02-08,17.3,NBM
KBOS,2026-02-09,28.1,NBM
KBOS,2026-02-10,33.4,NBM
KBOS,2026-02-11,38.9,NBM
KBOS,2026-02-12,34.4,NBM
KBOS,2026-02-13,34.9,NBM
KBOS,2026-02-14,37.2,NBM
KBOS,2026-02-15,32.9,NBM
KBOS,2026-02-16,37.0,NBM
KBOS,2026-02-17,38.2,NBM
KBOS,2026-02-18,39.9,NBM
KBOS,2026-02-19,37.7,NBM
KBOS,2026-02-20,37.4,NBM
KBOS,2026-02-21,34.7,NBM
KBOS,2026-02-22,35.8,NBM
KBOS,2026-02-23,34.5,NBM
KBOS,2026-02-24,31.5,NBM
KBOS,2026-02-25,37.3,NBM
KDCA,2026-01-15,44.6,OBS
KDCA,2026-01-16,34.6,OBS
KDCA,2026-01-17,43.6,OBS
KDCA,2026-01-18,37.0,OBS
KDCA,2026-01-19,41.1,OBS
KDCA,2026-01-20,32.5,OBS
KDCA,2026-01-21,41.1,OBS
KDCA,2026-01-22,54.1,OBS
KDCA,2026-01-23,45.5,OBS
KDCA,2026-01-24,37.1,OBS
KDCA,2026-01-25,24.8,OBS
KDCA,2026-01-26,24.7,OBS
KDCA,2026-01-27,25.6,OBS
KDCA,2026-01-28,23.4,OBS
KDCA,2026-01-29,19.1,OBS
KDCA,2026-01-30,18.7,OBS
KDCA,2026-01-31,19.9,OBS
KDCA,2026-02-01,23.2,OBS
KDCA,2026-02-02,30.6,OBS
KDCA,2026-02-03,37.2,OBS
KDCA,2026-02-04,35.1,OBS
KDCA,2026-02-05,31.2,OBS
KDCA,2026-02-06,30.8,OBS
KDCA,2026-02-07,30.6,OBS
KDCA,2026-02-08,23.0,OBS
KDCA,2026-02-12,36.4,OBS
KDCA,2026-02-13,36.1,OBS
KDCA,2026-02-14,55.0,OBS
KDCA,2026-02-15,43.3,OBS
KDCA,2026-02-16,45.9,OBS
KDCA,2026-02-17,53.0,OBS
KDCA,2026-02-18,57.3,OBS
KDCA,2026-02-19,54.6,OBS
KDCA,2026-02-20,59.6,OBS
KDCA,2026-02-21,52.5,OBS
KDCA,2026-02-22,43.8,OBS
KDCA,2026-02-23,38.4,OBS
KDCA,2026-02-24,38.0,OBS
KDCA,2026-01-15,46.9,GFS
KDCA,2026-01-16,35.3,GFS
KDCA,2026-01-17,43.6,GFS
KDCA,2026-01-18,37.8,GFS
KDCA,2026-01-19,42.5,GFS
KDCA,2026-01-20,35.0,GFS
KDCA,2026-01-21,43.0,GFS
KDCA,2026-01-22,56.4,GFS
KDCA,2026-01-23,46.6,GFS
KDCA,2026-01-24,39.5,GFS
KDCA,2026-01-25,25.7,GFS
KDCA,2026-01-26,27.9,GFS
KDCA,2026-01-27,29.4,GFS
KDCA,2026-01-28,25.9,GFS
KDCA,2026-01-29,25.0,GFS
KDCA,2026-01-30,21.6,GFS
KDCA,2026-01-31,22.2,GFS
KDCA,2026-02-01,26.8,GFS
KDCA,2026-02-02,34.0,GFS
KDCA,2026-02-03,39.7,GFS
KDCA,2026-02-04,37.5,GFS
KDCA,2026-02-05,34.2,GFS
KDCA,2026-02-06,32.4,GFS
KDCA,2026-02-07,30.9,GFS
KDCA,2026-02-08,25.2,GFS
KDCA,2026-02-12,43.5,GFS
KDCA,2026-02-13,39.2,GFS
KDCA,2026-02-14,57.0,GFS
KDCA,2026-02-15,47.7,GFS
KDCA,2026-02-16,42.6,GFS
KDCA,2026-02-17,48.3,GFS
KDCA,2026-02-18,50.0,GFS
KDCA,2026-02-19,48.7,GFS
KDCA,2026-02-20,54.7,GFS
KDCA,2026-02-21,55.9,GFS
KDCA,2026-02-22,46.4,GFS
KDCA,2026-02-23,40.7,GFS
KDCA,2026-02-24,39.6,GFS
KDCA,2026-01-15,46.0,ECMWF
KDCA,2026-01-16,35.6,ECMWF
KDCA,2026-01-17,45.6,ECMWF
KDCA,2026-01-18,37.5,ECMWF
KDCA,2026-01-19,42.4,ECMWF
KDCA,2026-01-20,32.4,ECMWF
KDCA,2026-01-21,42.2,ECMWF
KDCA,2026-01-22,54.5,ECMWF
KDCA,2026-01-23,46.7,ECMWF
KDCA,2026-01-24,38.2,ECMWF
KDCA,2026-01-25,24.7,ECMWF
KDCA,2026-01-26,25.6,ECMWF
KDCA,2026-01-27,28.3,ECMWF
KDCA,2026-01-28,25.1,ECMWF
KDCA,2026-01-29,23.6,ECMWF
KDCA,2026-01-30,20.2,ECMWF
KDCA,2026-01-31,21.0,ECMWF
KDCA,2026-02-01,23.6,ECMWF
KDCA,2026-02-02,31.9,ECMWF
KDCA,2026-02-03,39.5,ECMWF
KDCA,2026-02-04,36.0,ECMWF
KDCA,2026-02-05,32.3,ECMWF
KDCA,2026-02-06,32.3,ECMWF
KDCA,2026-02-07,29.8,ECMWF
KDCA,2026-02-08,24.1,ECMWF
KDCA,2026-02-12,36.2,ECMWF
KDCA,2026-02-13,36.0,ECMWF
KDCA,2026-02-14,56.0,ECMWF
KDCA,2026-02-15,43.8,ECMWF
KDCA,2026-02-16,45.2,ECMWF
KDCA,2026-02-17,53.9,ECMWF
KDCA,2026-02-18,57.9,ECMWF
KDCA,2026-02-19,56.0,ECMWF
KDCA,2026-02-20,60.3,ECMWF
KDCA,2026-02-21,54.5,ECMWF
KDCA,2026-02-22,42.2,ECMWF
KDCA,2026-02-23,39.5,ECMWF
KDCA,2026-02-24,37.1,ECMWF
KDCA,2026-01-15,48.8,NBM
KDCA,2026-01-16,36.4,NBM
KDCA,2026-01-17,45.9,NBM
KDCA,2026-01-18,40.4,NBM
KDCA,2026-01-19,41.5,NBM
KDCA,2026-01-20,35.3,NBM
KDCA,2026-01-21,41.0,NBM
KDCA,2026-01-22,52.3,NBM
KDCA,2026-01-23,44.7,NBM
KDCA,2026-01-24,36.2,NBM
KDCA,2026-01-25,25.4,NBM
KDCA,2026-01-26,26.2,NBM
KDCA,2026-01-27,28.0,NBM
KDCA,2026-01-28,24.4,NBM
KDCA,2026-01-29,23.8,NBM
KDCA,2026-01-30,21.0,NBM
KDCA,2026-01-31,22.6,NBM
KDCA,2026-02-01,25.3,NBM
KDCA,2026-02-02,32.7,NBM
KDCA,2026-02-03,38.4,NBM
KDCA,2026-02-04,35.5,NBM
KDCA,2026-02-05,33.2,NBM
KDCA,2026-02-06,33.4,NBM
KDCA,2026-02-07,29.8,NBM
KDCA,2026-02-08,24.2,NBM
KDCA,2026-02-12,41.0,NBM
KDCA,2026-02-13,38.3,NBM
KDCA,2026-02-14,53.1,NBM
KDCA,2026-02-15,46.4,NBM
KDCA,2026-02-16,44.8,NBM
KDCA,2026-02-17,49.1,NBM
KDCA,2026-02-18,55.3,NBM
KDCA,2026-02-19,52.7,NBM
KDCA,2026-02-20,56.6,NBM
KDCA,2026-02-21,55.0,NBM
KDCA,2026-02-22,47.1,NBM
KDCA,2026-02-23,40.8,NBM
KDCA,2026-02-24,39.2,NBM
KDEN,2024-11-21,52.0,OBS
KDEN,2024-11-22,63.5,OBS
KDEN,2024-11-23,67.6,OBS
KDEN,2024-11-24,59.1,OBS
KDEN,2024-11-25,47.0,OBS
KDEN,2024-11-26,53.3,OBS
KDEN,2024-11-27,45.6,OBS
KDEN,2024-11-28,30.3,OBS
KDEN,2024-11-29,39.1,OBS
KDEN,2024-11-30,41.1,OBS
KDEN,2024-12-01,48.0,OBS
KDEN,2024-12-02,48.2,OBS
KDEN,2024-12-03,57.9,OBS
KDEN,2024-12-04,53.4,OBS
KDEN,2024-12-05,44.1,OBS
KDEN,2024-12-06,55.2,OBS
KDEN,2024-12-07,57.3,OBS
KDEN,2024-12-08,54.5,OBS
KDEN,2024-12-09,42.4,OBS
KDEN,2024-12-10,36.2,OBS
KDEN,2024-12-11,50.5,OBS
KDEN,2024-12-12,49.3,OBS
KDEN,2024-12-13,46.9,OBS
KDEN,2024-12-14,56.4,OBS
KDEN,2024-12-15,51.6,OBS
KDEN,2024-12-16,45.9,OBS
KDEN,2024-12-17,51.9,OBS
KDEN,2024-12-18,51.5,OBS
KDEN,2024-12-19,59.0,OBS
KDEN,2024-12-20,60.5,OBS
KDEN,2024-12-21,60.7,OBS
KDEN,2024-12-22,62.0,OBS
KDEN,2024-12-23,52.7,OBS
KDEN,2024-12-24,52.5,OBS
KDEN,2024-12-25,46.7,OBS
KDEN,2024-12-26,50.4,OBS
KDEN,2024-12-27,46.2,OBS
KDEN,2024-12-28,53.1,OBS
KDEN,2024-12-29,59.1,OBS
KDEN,2024-12-30,48.0,OBS
KDEN,2024-12-31,36.1,OBS
KDEN,2025-01-01,41.6,OBS
KDEN,2025-01-02,47.2,OBS
KDEN,2025-01-03,50.2,OBS
KDEN,2025-01-04,32.6,OBS
KDEN,2025-01-05,26.0,OBS
KDEN,2025-01-06,36.0,OBS
KDEN,2025-01-07,27.0,OBS
KDEN,2025-01-08,33.3,OBS
KDEN,2025-01-09,27.0,OBS
KDEN,2025-01-10,32.6,OBS
KDEN,2025-01-11,36.8,OBS
KDEN,2025-01-12,35.9,OBS
KDEN,2025-01-13,35.5,OBS
KDEN,2025-01-14,36.9,OBS
KDEN,2025-01-15,46.6,OBS
KDEN,2025-01-16,56.7,OBS
KDEN,2025-01-17,47.9,OBS
KDEN,2025-01-18,29.8,OBS
KDEN,2025-01-19,21.0,OBS
KDEN,2025-01-20,15.8,OBS
KDEN,2025-01-21,34.9,OBS
KDEN,2025-01-22,29.6,OBS
KDEN,2025-01-23,30.6,OBS
KDEN,2025-01-24,47.1,OBS
KDEN,2025-01-25,31.2,OBS
KDEN,2025-01-26,25.5,OBS
KDEN,2025-01-27,49.8,OBS
KDEN,2025-01-28,46.8,OBS
KDEN,2025-01-29,47.2,OBS
KDEN,2025-01-30,44.5,OBS
KDEN,2025-01-31,56.8,OBS
KDEN,2025-02-01,56.4,OBS
KDEN,2025-02-02,66.4,OBS
KDEN,2025-02-03,71.2,OBS
KDEN,2025-02-04,51.7,OBS
KDEN,2025-02-05,62.0,OBS
KDEN,2025-02-06,50.5,OBS
KDEN,2025-02-07,65.8,OBS
KDEN,2025-02-08,55.3,OBS
KDEN,2025-02-09,36.1,OBS
KDEN,2025-02-10,33.7,OBS
KDEN,2025-02-11,29.8,OBS
KDEN,2025-02-12,21.6,OBS
KDEN,2025-02-13,33.5,OBS
KDEN,2025-02-14,47.0,OBS
KDEN,2025-02-15,35.9,OBS
KDEN,2025-02-16,36.4,OBS
KDEN,2025-02-17,30.8,OBS
KDEN,2025-02-18,21.5,OBS
KDEN,2025-02-19,21.0,OBS
KDEN,2025-02-20,25.6,OBS
KDEN,2025-02-21,35.1,OBS
KDEN,2025-02-22,46.8,OBS
KDEN,2025-02-23,59.7,OBS
KDEN,2025-02-24,63.7,OBS
KDEN,2025-02-25,65.7,OBS
KDEN,2025-02-26,57.5,OBS
KDEN,2025-02-27,61.8,OBS
KDEN,2025-02-28,62.9,OBS
KDEN,2025-03-01,62.8,OBS
KDEN,2025-03-02,64.0,OBS
KDEN,2025-03-03,62.4,OBS
KDEN,2025-03-04,47.8,OBS
KDEN,2025-03-05,50.6,OBS
KDEN,2025-03-06,57.2,OBS
KDEN,2025-03-07,47.0,OBS
KDEN,2025-03-08,48.1,OBS
KDEN,2025-03-09,65.8,OBS
KDEN,2025-03-10,69.8,OBS
KDEN,2025-03-11,67.1,OBS
KDEN,2025-03-12,65.5,OBS
KDEN,2025-03-13,65.6,OBS
KDEN,2025-03-14,63.0,OBS
KDEN,2025-03-15,44.5,OBS
KDEN,2025-03-16,61.2,OBS
KDEN,2025-03-17,70.9,OBS
KDEN,2025-03-18,64.2,OBS
KDEN,2025-03-19,42.6,OBS
KDEN,2025-03-20,58.2,OBS
KDEN,2025-03-21,54.9,OBS
KDEN,2025-03-22,62.1,OBS
KDEN,2025-03-23,57.5,OBS
KDEN,2025-03-24,70.2,OBS
KDEN,2025-03-25,67.4,OBS
KDEN,2025-03-26,74.3,OBS
KDEN,2025-03-27,76.6,OBS
KDEN,2025-03-28,76.5,OBS
KDEN,2025-03-29,71.9,OBS
KDEN,2025-03-30,53.5,OBS
KDEN,2025-03-31,63.7,OBS
KDEN,2025-04-01,59.5,OBS
KDEN,2025-04-02,48.0,OBS
KDEN,2025-04-03,46.7,OBS
KDEN,2025-04-04,43.3,OBS
KDEN,2025-04-05,40.9,OBS
KDEN,2025-04-06,56.1,OBS
KDEN,2025-04-07,63.8,OBS
KDEN,2025-04-08,72.3,OBS
KDEN,2025-04-09,70.7,OBS
KDEN,2025-04-10,67.4,OBS
KDEN,2025-04-11,79.6,OBS
KDEN,2025-04-12,85.5,OBS
KDEN,2025-04-13,81.3,OBS
KDEN,2025-04-14,56.1,OBS
KDEN,2025-04-15,70.4,OBS
KDEN,2025-04-16,75.6,OBS
KDEN,2025-04-17,76.0,OBS
KDEN,2025-04-18,58.7,OBS
KDEN,2025-04-19,49.0,OBS
KDEN,2025-04-20,61.0,OBS
KDEN,2025-04-21,70.2,OBS
KDEN,2025-04-22,71.6,OBS
KDEN,2025-04-23,66.5,OBS
KDEN,2025-04-24,66.3,OBS
KDEN,2025-04-25,56.2,OBS
KDEN,2025-04-26,74.3,OBS
KDEN,2025-04-27,78.3,OBS
KDEN,2025-04-28,75.2,OBS
KDEN,2025-04-29,64.8,OBS
KDEN,2025-04-30,69.3,OBS
KDEN,2025-05-01,61.5,OBS
KDEN,2025-05-02,62.5,OBS
KDEN,2025-05-03,73.8,OBS
KDEN,2025-05-04,76.8,OBS
KDEN,2025-05-05,71.9,OBS
KDEN,2025-05-06,56.4,OBS
KDEN,2025-05-07,54.3,OBS
KDEN,2025-05-08,66.0,OBS
KDEN,2025-05-09,71.6,OBS
KDEN,2025-05-10,77.0,OBS
KDEN,2025-05-11,82.0,OBS
KDEN,2025-05-12,85.3,OBS
KDEN,2025-05-13,86.3,OBS
KDEN,2025-05-14,85.8,OBS
KDEN,2025-05-15,67.6,OBS
KDEN,2025-05-16,70.1,OBS
KDEN,2025-05-17,72.3,OBS
KDEN,2025-05-18,71.2,OBS
KDEN,2025-05-19,63.0,OBS
KDEN,2025-05-20,69.7,OBS
KDEN,2025-05-21,74.4,OBS
KDEN,2025-05-22,77.3,OBS
KDEN,2025-05-23,78.0,OBS
KDEN,2025-05-24,75.9,OBS
KDEN,2025-05-25,64.2,OBS
KDEN,2025-05-26,59.4,OBS
KDEN,2025-05-27,70.8,OBS
KDEN,2025-05-28,65.8,OBS
KDEN,2025-05-29,64.8,OBS
KDEN,2025-05-30,78.4,OBS
KDEN,2025-05-31,74.8,OBS
KDEN,2025-06-01,84.7,OBS
KDEN,2025-06-02,81.5,OBS
KDEN,2025-06-03,73.5,OBS
KDEN,2025-06-04,68.5,OBS
KDEN,2025-06-05,69.6,OBS
KDEN,2025-06-06,67.8,OBS
KDEN,2025-06-07,79.4,OBS
KDEN,2025-06-08,76.7,OBS
KDEN,2025-06-09,76.2,OBS
KDEN,2025-06-10,87.3,OBS
KDEN,2025-06-11,85.9,OBS
KDEN,2025-06-12,86.8,OBS
KDEN,2025-06-13,89.2,OBS
KDEN,2025-06-14,89.7,OBS
KDEN,2025-06-15,91.4,OBS
KDEN,2025-06-16,88.9,OBS
KDEN,2025-06-17,86.7,OBS
KDEN,2025-06-18,80.3,OBS
KDEN,2025-06-19,92.2,OBS
KDEN,2025-06-20,97.5,OBS
KDEN,2025-06-21,98.1,OBS
KDEN,2025-06-22,95.4,OBS
KDEN,2025-06-23,93.2,OBS
KDEN,2025-06-24,81.1,OBS
KDEN,2025-06-25,75.8,OBS
KDEN,2025-06-26,84.2,OBS
KDEN,2025-06-27,91.6,OBS
KDEN,2025-06-28,93.4,OBS
KDEN,2025-06-29,91.7,OBS
KDEN,2025-06-30,79.6,OBS
KDEN,2025-07-01,90.2,OBS
KDEN,2025-07-02,91.6,OBS
KDEN,2025-07-03,91.8,OBS
KDEN,2025-07-04,89.2,OBS
KDEN,2025-07-05,90.1,OBS
KDEN,2025-07-06,88.8,OBS
KDEN,2025-07-07,89.2,OBS
KDEN,2025-07-08,93.8,OBS
KDEN,2025-07-09,99.1,OBS
KDEN,2025-07-10,97.2,OBS
KDEN,2025-07-11,86.7,OBS
KDEN,2025-07-12,81.2,OBS
KDEN,2025-07-13,90.3,OBS
KDEN,2025-07-14,90.8,OBS
KDEN,2025-07-15,96.0,OBS
KDEN,2025-07-16,91.8,OBS
KDEN,2025-07-17,86.6,OBS
KDEN,2025-07-18,92.6,OBS
KDEN,2025-07-19,91.5,OBS
KDEN,2025-07-20,92.3,OBS
KDEN,2025-07-21,95.4,OBS
KDEN,2025-07-22,93.0,OBS
KDEN,2025-07-23,81.9,OBS
KDEN,2025-07-24,81.0,OBS
KDEN,2025-07-25,89.2,OBS
KDEN,2025-07-26,92.8,OBS
KDEN,2025-07-27,95.6,OBS
KDEN,2025-07-28,96.1,OBS
KDEN,2025-07-29,94.6,OBS
KDEN,2025-07-30,79.4,OBS
KDEN,2025-07-31,83.7,OBS
KDEN,2025-08-01,83.1,OBS
KDEN,2025-08-02,86.5,OBS
KDEN,2025-08-03,85.3,OBS
KDEN,2025-08-04,92.5,OBS
KDEN,2025-08-05,97.4,OBS
KDEN,2025-08-06,96.5,OBS
KDEN,2025-08-07,98.2,OBS
KDEN,2025-08-08,97.0,OBS
KDEN,2025-08-09,93.5,OBS
KDEN,2025-08-10,78.8,OBS
KDEN,2025-08-11,83.6,OBS
KDEN,2025-08-12,86.4,OBS
KDEN,2025-08-13,94.9,OBS
KDEN,2025-08-14,96.3,OBS
KDEN,2025-08-15,94.7,OBS
KDEN,2025-08-16,91.1,OBS
KDEN,2025-08-17,89.2,OBS
KDEN,2025-08-18,87.5,OBS
KDEN,2025-08-19,88.2,OBS
KDEN,2025-08-20,91.7,OBS
KDEN,2025-08-21,94.4,OBS
KDEN,2025-08-22,91.8,OBS
KDEN,2025-08-23,80.7,OBS
KDEN,2025-08-24,79.6,OBS
KDEN,2025-08-25,72.5,OBS
KDEN,2025-08-26,76.7,OBS
KDEN,2025-08-27,77.7,OBS
KDEN,2025-08-28,78.3,OBS
KDEN,2025-08-29,80.7,OBS
KDEN,2025-08-30,74.6,OBS
KDEN,2025-08-31,79.1,OBS
KDEN,2025-09-01,82.2,OBS
KDEN,2025-09-02,84.7,OBS
KDEN,2025-09-03,86.9,OBS
KDEN,2025-09-04,86.8,OBS
KDEN,2025-09-05,83.9,OBS
KDEN,2025-09-06,80.3,OBS
KDEN,2025-09-07,82.3,OBS
KDEN,2025-09-08,86.3,OBS
KDEN,2025-09-09,86.5,OBS
KDEN,2025-09-10,90.5,OBS
KDEN,2025-09-11,88.6,OBS
KDEN,2025-09-12,85.0,OBS
KDEN,2025-09-13,78.2,OBS
KDEN,2025-09-14,70.7,OBS
KDEN,2025-09-15,82.8,OBS
KDEN,2025-09-16,79.0,OBS
KDEN,2025-09-17,69.4,OBS
KDEN,2025-09-18,71.2,OBS
KDEN,2025-09-19,78.0,OBS
KDEN,2025-09-20,80.1,OBS
KDEN,2025-09-21,79.9,OBS
KDEN,2025-09-22,79.0,OBS
KDEN,2025-09-23,60.3,OBS
KDEN,2025-09-24,67.8,OBS
KDEN,2025-09-25,77.1,OBS
KDEN,2025-09-26,81.1,OBS
KDEN,2025-09-27,78.5,OBS
KDEN,2025-09-28,79.9,OBS
KDEN,2025-09-29,76.8,OBS
KDEN,2025-09-30,78.2,OBS
KDEN,2025-10-01,78.6,OBS
KDEN,2025-10-02,82.2,OBS
KDEN,2025-10-03,86.8,OBS
KDEN,2025-10-04,81.2,OBS
KDEN,2025-10-05,73.8,OBS
KDEN,2025-10-06,54.4,OBS
KDEN,2025-10-07,62.0,OBS
KDEN,2025-10-08,76.9,OBS
KDEN,2025-10-09,81.9,OBS
KDEN,2025-10-10,71.8,OBS
KDEN,2025-10-11,65.3,OBS
KDEN,2025-10-12,68.2,OBS
KDEN,2025-10-13,61.0,OBS
KDEN,2025-10-14,77.3,OBS
KDEN,2025-10-15,78.4,OBS
KDEN,2025-10-16,73.3,OBS
KDEN,2025-10-17,64.7,OBS
KDEN,2025-10-18,58.2,OBS
KDEN,2025-10-19,77.0,OBS
KDEN,2025-10-20,65.3,OBS
KDEN,2025-10-21,70.2,OBS
KDEN,2025-10-22,70.4,OBS
KDEN,2025-10-23,69.3,OBS
KDEN,2025-10-24,62.9,OBS
KDEN,2025-10-25,71.2,OBS
KDEN,2025-10-26,72.2,OBS
KDEN,2025-10-27,66.7,OBS
KDEN,2025-10-28,47.8,OBS
KDEN,2025-10-29,58.8,OBS
KDEN,2025-10-30,53.4,OBS
KDEN,2025-10-31,47.8,OBS
KDEN,2025-11-01,61.4,OBS
KDEN,2025-11-02,79.6,OBS
KDEN,2025-11-03,70.2,OBS
KDEN,2025-11-04,73.6,OBS
KDEN,2025-11-05,71.4,OBS
KDEN,2025-11-06,68.0,OBS
KDEN,2025-11-07,63.6,OBS
KDEN,2025-11-08,53.0,OBS
KDEN,2025-11-09,47.8,OBS
KDEN,2025-11-10,72.3,OBS
KDEN,2025-11-11,70.1,OBS
KDEN,2025-11-12,69.6,OBS
KDEN,2025-11-13,72.2,OBS
KDEN,2025-11-14,73.5,OBS
KDEN,2025-11-15,71.5,OBS
KDEN,2025-11-16,69.3,OBS
KDEN,2025-11-17,61.2,OBS
KDEN,2025-11-18,62.7,OBS
KDEN,2025-11-19,63.3,OBS
KDEN,2025-11-20,55.0,OBS
KDEN,2025-11-21,47.7,OBS
KDEN,2025-11-22,56.8,OBS
KDEN,2025-11-23,54.7,OBS
KDEN,2025-11-24,55.0,OBS
KDEN,2025-11-25,48.9,OBS
KDEN,2025-11-26,40.9,OBS
KDEN,2025-11-27,53.0,OBS
KDEN,2025-11-28,57.6,OBS
KDEN,2025-11-29,42.3,OBS
KDEN,2025-11-30,27.2,OBS
KDEN,2025-12-01,38.0,OBS
KDEN,2025-12-02,48.9,OBS
KDEN,2025-12-03,37.3,OBS
KDEN,2025-12-04,31.5,OBS
KDEN,2025-12-05,35.8,OBS
KDEN,2025-12-06,44.0,OBS
KDEN,2025-12-07,41.7,OBS
KDEN,2025-12-08,50.5,OBS
KDEN,2025-12-09,59.5,OBS
KDEN,2025-12-10,56.7,OBS
KDEN,2025-12-11,66.5,OBS
KDEN,2025-12-12,63.1,OBS
KDEN,2025-12-13,60.8,OBS
KDEN,2025-12-14,62.2,OBS
KDEN,2025-12-15,63.9,OBS
KDEN,2025-12-16,64.2,OBS
KDEN,2025-12-17,67.6,OBS
KDEN,2025-12-18,56.5,OBS
KDEN,2025-12-19,68.9,OBS
KDEN,2025-12-20,57.8,OBS
KDEN,2025-12-21,62.7,OBS
KDEN,2025-12-22,73.3,OBS
KDEN,2025-12-23,69.7,OBS
KDEN,2025-12-24,70.6,OBS
KDEN,2025-12-25,69.6,OBS
KDEN,2025-12-26,65.8,OBS
KDEN,2025-12-27,61.0,OBS
KDEN,2025-12-28,47.9,OBS
KDEN,2025-12-29,39.7,OBS
KDEN,2025-12-30,47.6,OBS
KDEN,2025-12-31,59.5,OBS
KDEN,2026-01-01,59.8,OBS
KDEN,2026-01-02,58.5,OBS
KDEN,2026-01-03,62.8,OBS
KDEN,2026-01-04,66.8,OBS
KDEN,2026-01-05,58.7,OBS
KDEN,2026-01-06,56.2,OBS
KDEN,2026-01-07,57.7,OBS
KDEN,2026-01-08,49.3,OBS
KDEN,2026-01-09,31.8,OBS
KDEN,2026-01-10,41.2,OBS
KDEN,2026-01-11,53.6,OBS
KDEN,2026-01-12,58.8,OBS
KDEN,2026-01-13,60.9,OBS
KDEN,2026-01-14,53.2,OBS
KDEN,2026-01-15,58.5,OBS
KDEN,2026-01-16,51.6,OBS
KDEN,2026-01-17,35.6,OBS
KDEN,2026-01-18,49.5,OBS
KDEN,2026-01-19,41.0,OBS
KDEN,2026-01-20,53.9,OBS
KDEN,2026-01-21,48.6,OBS
KDEN,2026-01-22,40.1,OBS
KDEN,2026-01-23,29.8,OBS
KDEN,2026-01-24,17.5,OBS
KDEN,2026-01-25,27.5,OBS
KDEN,2026-01-26,45.2,OBS
KDEN,2026-01-27,47.3,OBS
KDEN,2026-01-28,47.8,OBS
KDEN,2026-01-29,43.4,OBS
KDEN,2026-01-30,47.3,OBS
KDEN,2026-01-31,54.8,OBS
KDEN,2026-02-01,61.3,OBS
KDEN,2026-02-02,54.0,OBS
KDEN,2026-02-03,46.9,OBS
KDEN,2026-02-04,51.0,OBS
KDEN,2026-02-05,64.0,OBS
KDEN,2026-02-06,65.3,OBS
KDEN,2026-02-07,62.4,OBS
KDEN,2026-02-08,64.6,OBS
KDEN,2026-02-09,70.1,OBS
KDEN,2026-02-10,62.7,OBS
KDEN,2026-02-11,57.3,OBS
KDEN,2026-02-12,60.2,OBS
KDEN,2026-02-13,57.3,OBS
KDEN,2026-02-14,56.7,OBS
KDEN,2026-02-15,66.7,OBS
KDEN,2026-02-16,68.2,OBS
KDEN,2026-02-17,58.4,OBS
KDEN,2026-02-18,53.4,OBS
KDEN,2026-02-19,47.5,OBS
KDEN,2026-02-20,33.3,OBS
KDEN,2026-02-21,44.2,OBS
KDEN,2026-02-22,47.7,OBS
KDEN,2026-02-23,65.1,OBS
KDEN,2026-02-24,70.3,OBS
KDEN,2026-02-25,66.0,OBS
KDEN,2024-11-21,50.0,GFS
KDEN,2024-11-22,60.2,GFS
KDEN,2024-11-23,68.6,GFS
KDEN,2024-11-24,60.9,GFS
KDEN,2024-11-25,47.0,GFS
KDEN,2024-11-26,51.9,GFS
KDEN,2024-11-27,46.3,GFS
KDEN,2024-11-28,33.3,GFS
KDEN,2024-11-29,48.1,GFS
KDEN,2024-11-30,49.9,GFS
KDEN,2024-12-01,50.6,GFS
KDEN,2024-12-02,51.9,GFS
KDEN,2024-12-03,62.5,GFS
KDEN,2024-12-04,57.3,GFS
KDEN,2024-12-05,49.0,GFS
KDEN,2024-12-06,57.3,GFS
KDEN,2024-12-07,60.4,GFS
KDEN,2024-12-08,55.5,GFS
KDEN,2024-12-09,42.9,GFS
KDEN,2024-12-10,34.8,GFS
KDEN,2024-12-11,50.4,GFS
KDEN,2024-12-12,52.9,GFS
KDEN,2024-12-13,49.6,GFS
KDEN,2024-12-14,58.6,GFS
KDEN,2024-12-15,53.4,GFS
KDEN,2024-12-16,46.4,GFS
KDEN,2024-12-17,50.9,GFS
KDEN,2024-12-18,51.9,GFS
KDEN,2024-12-19,58.2,GFS
KDEN,2024-12-20,66.1,GFS
KDEN,2024-12-21,63.4,GFS
KDEN,2024-12-22,61.3,GFS
KDEN,2024-12-23,51.5,GFS
KDEN,2024-12-24,52.1,GFS
KDEN,2024-12-25,46.5,GFS
KDEN,2024-12-26,47.7,GFS
KDEN,2024-12-27,46.7,GFS
KDEN,2024-12-28,50.6,GFS
KDEN,2024-12-29,57.3,GFS
KDEN,2024-12-30,47.6,GFS
KDEN,2024-12-31,37.0,GFS
KDEN,2025-01-01,40.2,GFS
KDEN,2025-01-02,48.1,GFS
KDEN,2025-01-03,48.5,GFS
KDEN,2025-01-04,39.3,GFS
KDEN,2025-01-05,25.8,GFS
KDEN,2025-01-06,36.1,GFS
KDEN,2025-01-07,26.6,GFS
KDEN,2025-01-08,40.3,GFS
KDEN,2025-01-09,31.3,GFS
KDEN,2025-01-10,39.7,GFS
KDEN,2025-01-11,41.5,GFS
KDEN,2025-01-12,36.5,GFS
KDEN,2025-01-13,35.5,GFS
KDEN,2025-01-14,36.6,GFS
KDEN,2025-01-15,47.4,GFS
KDEN,2025-01-16,61.0,GFS
KDEN,2025-01-17,49.4,GFS
KDEN,2025-01-18,27.2,GFS
KDEN,2025-01-19,18.7,GFS
KDEN,2025-01-20,12.6,GFS
KDEN,2025-01-21,40.1,GFS
KDEN,2025-01-22,36.2,GFS
KDEN,2025-01-23,29.6,GFS
KDEN,2025-01-24,47.5,GFS
KDEN,2025-01-25,32.7,GFS
KDEN,2025-01-26,23.0,GFS
KDEN,2025-01-27,48.8,GFS
KDEN,2025-01-28,46.2,GFS
KDEN,2025-01-29,47.7,GFS
KDEN,2025-01-30,45.6,GFS
KDEN,2025-01-31,57.5,GFS
KDEN,2025-02-01,54.0,GFS
KDEN,2025-02-02,65.3,GFS
KDEN,2025-02-03,65.1,GFS
KDEN,2025-02-04,35.8,GFS
KDEN,2025-02-05,61.8,GFS
KDEN,2025-02-06,58.3,GFS
KDEN,2025-02-07,62.0,GFS
KDEN,2025-02-08,54.6,GFS
KDEN,2025-02-09,37.9,GFS
KDEN,2025-02-10,33.9,GFS
KDEN,2025-02-11,28.5,GFS
KDEN,2025-02-12,10.4,GFS
KDEN,2025-02-13,44.2,GFS
KDEN,2025-02-14,54.2,GFS
KDEN,2025-02-15,40.1,GFS
KDEN,2025-02-16,35.6,GFS
KDEN,2025-02-17,26.3,GFS
KDEN,2025-02-18,18.4,GFS
KDEN,2025-02-19,19.9,GFS
KDEN,2025-02-20,23.5,GFS
KDEN,2025-02-21,38.9,GFS
KDEN,2025-02-22,57.3,GFS
KDEN,2025-02-23,64.7,GFS
KDEN,2025-02-24,66.2,GFS
KDEN,2025-02-25,66.6,GFS
KDEN,2025-02-26,59.1,GFS
KDEN,2025-02-27,61.8,GFS
KDEN,2025-02-28,62.4,GFS
KDEN,2025-03-01,63.2,GFS
KDEN,2025-03-02,63.3,GFS
KDEN,2025-03-03,61.9,GFS
KDEN,2025-03-04,48.4,GFS
KDEN,2025-03-05,50.8,GFS
KDEN,2025-03-06,50.3,GFS
KDEN,2025-03-07,46.0,GFS
KDEN,2025-03-08,50.0,GFS
KDEN,2025-03-09,66.6,GFS
KDEN,2025-03-10,69.7,GFS
KDEN,2025-03-11,66.8,GFS
KDEN,2025-03-12,63.4,GFS
KDEN,2025-03-13,64.7,GFS
KDEN,2025-03-14,61.7,GFS
KDEN,2025-03-15,45.9,GFS
KDEN,2025-03-16,60.0,GFS
KDEN,2025-03-17,71.3,GFS
KDEN,2025-03-18,64.5,GFS
KDEN,2025-03-19,41.2,GFS
KDEN,2025-03-20,55.5,GFS
KDEN,2025-03-21,54.0,GFS
KDEN,2025-03-22,60.9,GFS
KDEN,2025-03-23,59.5,GFS
KDEN,2025-03-24,68.2,GFS
KDEN,2025-03-25,68.2,GFS
KDEN,2025-03-26,73.6,GFS
KDEN,2025-03-27,74.4,GFS
KDEN,2025-03-28,73.7,GFS
KDEN,2025-03-29,69.0,GFS
KDEN,2025-03-30,46.5,GFS
KDEN,2025-03-31,59.8,GFS
KDEN,2025-04-01,54.7,GFS
KDEN,2025-04-02,48.6,GFS
KDEN,2025-04-03,45.8,GFS
KDEN,2025-04-04,36.6,GFS
KDEN,2025-04-05,39.4,GFS
KDEN,2025-04-06,56.5,GFS
KDEN,2025-04-07,65.5,GFS
KDEN,2025-04-08,72.1,GFS
KDEN,2025-04-09,70.8,GFS
KDEN,2025-04-10,69.5,GFS
KDEN,2025-04-11,79.5,GFS
KDEN,2025-04-12,84.2,GFS
KDEN,2025-04-13,78.9,GFS
KDEN,2025-04-14,56.4,GFS
KDEN,2025-04-15,69.5,GFS
KDEN,2025-04-16,74.5,GFS
KDEN,2025-04-17,73.6,GFS
KDEN,2025-04-18,56.8,GFS
KDEN,2025-04-19,45.6,GFS
KDEN,2025-04-20,60.4,GFS
KDEN,2025-04-21,71.6,GFS
KDEN,2025-04-22,71.2,GFS
KDEN,2025-04-23,68.4,GFS
KDEN,2025-04-24,67.9,GFS
KDEN,2025-04-25,62.7,GFS
KDEN,2025-04-26,73.4,GFS
KDEN,2025-04-27,79.1,GFS
KDEN,2025-04-28,77.3,GFS
KDEN,2025-04-29,65.4,GFS
KDEN,2025-04-30,66.6,GFS
KDEN,2025-05-01,59.4,GFS
KDEN,2025-05-02,62.1,GFS
KDEN,2025-05-03,75.5,GFS
KDEN,2025-05-04,76.2,GFS
KDEN,2025-05-05,73.5,GFS
KDEN,2025-05-06,53.4,GFS
KDEN,2025-05-07,52.7,GFS
KDEN,2025-05-08,67.2,GFS
KDEN,2025-05-09,70.8,GFS
KDEN,2025-05-10,76.3,GFS
KDEN,2025-05-11,81.2,GFS
KDEN,2025-05-12,84.0,GFS
KDEN,2025-05-13,82.9,GFS
KDEN,2025-05-14,81.6,GFS
KDEN,2025-05-15,65.7,GFS
KDEN,2025-05-16,67.4,GFS
KDEN,2025-05-17,70.8,GFS
KDEN,2025-05-18,67.1,GFS
KDEN,2025-05-19,58.2,GFS
KDEN,2025-05-20,68.2,GFS
KDEN,2025-05-21,72.7,GFS
KDEN,2025-05-22,78.3,GFS
KDEN,2025-05-23,81.2,GFS
KDEN,2025-05-24,81.1,GFS
KDEN,2025-05-25,58.8,GFS
KDEN,2025-05-26,60.0,GFS
KDEN,2025-05-27,70.1,GFS
KDEN,2025-05-28,66.1,GFS
KDEN,2025-05-29,65.4,GFS
KDEN,2025-05-30,80.9,GFS
KDEN,2025-05-31,75.9,GFS
KDEN,2025-06-01,86.0,GFS
KDEN,2025-06-02,77.1,GFS
KDEN,2025-06-03,80.0,GFS
KDEN,2025-06-04,70.2,GFS
KDEN,2025-06-05,70.3,GFS
KDEN,2025-06-06,66.4,GFS
KDEN,2025-06-07,81.2,GFS
KDEN,2025-06-08,79.9,GFS
KDEN,2025-06-09,78.5,GFS
KDEN,2025-06-10,87.7,GFS
KDEN,2025-06-11,87.0,GFS
KDEN,2025-06-12,87.2,GFS
KDEN,2025-06-13,86.1,GFS
KDEN,2025-06-14,92.3,GFS
KDEN,2025-06-15,93.9,GFS
KDEN,2025-06-16,91.2,GFS
KDEN,2025-06-17,87.4,GFS
KDEN,2025-06-18,80.6,GFS
KDEN,2025-06-19,93.3,GFS
KDEN,2025-06-20,97.2,GFS
KDEN,2025-06-21,97.1,GFS
KDEN,2025-06-22,96.0,GFS
KDEN,2025-06-23,89.7,GFS
KDEN,2025-06-24,77.3,GFS
KDEN,2025-06-25,77.1,GFS
KDEN,2025-06-26,86.2,GFS
KDEN,2025-06-27,90.9,GFS
KDEN,2025-06-28,94.1,GFS
KDEN,2025-06-29,91.8,GFS
KDEN,2025-06-30,82.8,GFS
KDEN,2025-07-01,91.8,GFS
KDEN,2025-07-02,92.1,GFS
KDEN,2025-07-03,91.7,GFS
KDEN,2025-07-04,89.7,GFS
KDEN,2025-07-05,90.3,GFS
KDEN,2025-07-06,89.7,GFS
KDEN,2025-07-07,90.6,GFS
KDEN,2025-07-08,94.5,GFS
KDEN,2025-07-09,99.2,GFS
KDEN,2025-07-10,97.1,GFS
KDEN,2025-07-11,86.4,GFS
KDEN,2025-07-12,83.7,GFS
KDEN,2025-07-13,89.3,GFS
KDEN,2025-07-14,92.4,GFS
KDEN,2025-07-15,93.2,GFS
KDEN,2025-07-16,87.4,GFS
KDEN,2025-07-17,87.4,GFS
KDEN,2025-07-18,91.0,GFS
KDEN,2025-07-19,90.2,GFS
KDEN,2025-07-20,91.0,GFS
KDEN,2025-07-21,94.3,GFS
KDEN,2025-07-22,90.8,GFS
KDEN,2025-07-23,81.7,GFS
KDEN,2025-07-24,85.5,GFS
KDEN,2025-07-25,89.8,GFS
KDEN,2025-07-26,94.2,GFS
KDEN,2025-07-27,95.5,GFS
KDEN,2025-07-28,96.4,GFS
KDEN,2025-07-29,95.7,GFS
KDEN,2025-07-30,79.1,GFS
KDEN,2025-07-31,85.0,GFS
KDEN,2025-08-01,85.1,GFS
KDEN,2025-08-02,88.8,GFS
KDEN,2025-08-03,87.0,GFS
KDEN,2025-08-04,95.2,GFS
KDEN,2025-08-05,97.3,GFS
KDEN,2025-08-06,96.0,GFS
KDEN,2025-08-07,99.9,GFS
KDEN,2025-08-08,95.1,GFS
KDEN,2025-08-09,89.7,GFS
KDEN,2025-08-10,83.9,GFS
KDEN,2025-08-11,81.8,GFS
KDEN,2025-08-12,88.8,GFS
KDEN,2025-08-13,96.9,GFS
KDEN,2025-08-14,96.7,GFS
KDEN,2025-08-15,93.7,GFS
KDEN,2025-08-16,88.0,GFS
KDEN,2025-08-17,90.3,GFS
KDEN,2025-08-18,89.2,GFS
KDEN,2025-08-19,90.2,GFS
KDEN,2025-08-20,93.2,GFS
KDEN,2025-08-21,94.4,GFS
KDEN,2025-08-22,91.9,GFS
KDEN,2025-08-23,83.4,GFS
KDEN,2025-08-24,79.8,GFS
KDEN,2025-08-25,72.4,GFS
KDEN,2025-08-26,77.1,GFS
KDEN,2025-08-27,78.1,GFS
KDEN,2025-08-28,80.8,GFS
KDEN,2025-08-29,80.1,GFS
KDEN,2025-08-30,76.8,GFS
KDEN,2025-08-31,80.4,GFS
KDEN,2025-09-01,81.6,GFS
KDEN,2025-09-02,84.2,GFS
KDEN,2025-09-03,84.4,GFS
KDEN,2025-09-04,85.6,GFS
KDEN,2025-09-05,82.4,GFS
KDEN,2025-09-06,81.0,GFS
KDEN,2025-09-07,83.2,GFS
KDEN,2025-09-08,85.8,GFS
KDEN,2025-09-09,84.8,GFS
KDEN,2025-09-10,90.1,GFS
KDEN,2025-09-11,87.6,GFS
KDEN,2025-09-12,82.2,GFS
KDEN,2025-09-13,75.5,GFS
KDEN,2025-09-14,71.7,GFS
KDEN,2025-09-15,83.3,GFS
KDEN,2025-09-16,80.9,GFS
KDEN,2025-09-17,69.9,GFS
KDEN,2025-09-18,71.2,GFS
KDEN,2025-09-19,78.9,GFS
KDEN,2025-09-20,79.2,GFS
KDEN,2025-09-21,79.1,GFS
KDEN,2025-09-22,76.2,GFS
KDEN,2025-09-23,67.1,GFS
KDEN,2025-09-24,68.1,GFS
KDEN,2025-09-25,77.3,GFS
KDEN,2025-09-26,81.7,GFS
KDEN,2025-09-27,80.1,GFS
KDEN,2025-09-28,78.8,GFS
KDEN,2025-09-29,74.7,GFS
KDEN,2025-09-30,77.4,GFS
KDEN,2025-10-01,77.1,GFS
KDEN,2025-10-02,82.6,GFS
KDEN,2025-10-03,86.0,GFS
KDEN,2025-10-04,80.0,GFS
KDEN,2025-10-05,69.8,GFS
KDEN,2025-10-06,56.0,GFS
KDEN,2025-10-07,58.8,GFS
KDEN,2025-10-08,78.9,GFS
KDEN,2025-10-09,82.3,GFS
KDEN,2025-10-10,75.5,GFS
KDEN,2025-10-11,63.6,GFS
KDEN,2025-10-12,67.7,GFS
KDEN,2025-10-13,61.0,GFS
KDEN,2025-10-14,77.8,GFS
KDEN,2025-10-15,75.1,GFS
KDEN,2025-10-16,72.9,GFS
KDEN,2025-10-17,64.3,GFS
KDEN,2025-10-18,61.0,GFS
KDEN,2025-10-19,76.4,GFS
KDEN,2025-10-20,70.8,GFS
KDEN,2025-10-21,70.7,GFS
KDEN,2025-10-22,70.8,GFS
KDEN,2025-10-23,69.2,GFS
KDEN,2025-10-24,62.7,GFS
KDEN,2025-10-25,71.0,GFS
KDEN,2025-10-26,69.4,GFS
KDEN,2025-10-27,60.7,GFS
KDEN,2025-10-28,46.6,GFS
KDEN,2025-10-29,60.9,GFS
KDEN,2025-10-30,52.9,GFS
KDEN,2025-10-31,47.3,GFS
KDEN,2025-11-01,62.3,GFS
KDEN,2025-11-02,81.3,GFS
KDEN,2025-11-03,69.8,GFS
KDEN,2025-11-04,73.2,GFS
KDEN,2025-11-05,71.2,GFS
KDEN,2025-11-06,68.3,GFS
KDEN,2025-11-07,62.2,GFS
KDEN,2025-11-08,51.9,GFS
KDEN,2025-11-09,47.1,GFS
KDEN,2025-11-10,72.5,GFS
KDEN,2025-11-11,68.1,GFS
KDEN,2025-11-12,66.3,GFS
KDEN,2025-11-13,72.1,GFS
KDEN,2025-11-14,74.9,GFS
KDEN,2025-11-15,71.1,GFS
KDEN,2025-11-16,69.7,GFS
KDEN,2025-11-17,58.9,GFS
KDEN,2025-11-18,62.6,GFS
KDEN,2025-11-19,63.4,GFS
KDEN,2025-11-20,53.0,GFS
KDEN,2025-11-21,45.7,GFS
KDEN,2025-11-22,55.2,GFS
KDEN,2025-11-23,52.6,GFS
KDEN,2025-11-24,54.9,GFS
KDEN,2025-11-25,47.0,GFS
KDEN,2025-11-26,40.1,GFS
KDEN,2025-11-27,54.6,GFS
KDEN,2025-11-28,58.9,GFS
KDEN,2025-11-29,50.5,GFS
KDEN,2025-11-30,24.7,GFS
KDEN,2025-12-01,37.8,GFS
KDEN,2025-12-02,47.9,GFS
KDEN,2025-12-03,38.8,GFS
KDEN,2025-12-04,38.4,GFS
KDEN,2025-12-05,36.6,GFS
KDEN,2025-12-06,47.5,GFS
KDEN,2025-12-07,44.9,GFS
KDEN,2025-12-08,53.5,GFS
KDEN,2025-12-09,60.8,GFS
KDEN,2025-12-10,58.8,GFS
KDEN,2025-12-11,66.9,GFS
KDEN,2025-12-12,60.9,GFS
KDEN,2025-12-13,63.1,GFS
KDEN,2025-12-14,65.5,GFS
KDEN,2025-12-15,66.8,GFS
KDEN,2025-12-16,66.0,GFS
KDEN,2025-12-17,68.5,GFS
KDEN,2025-12-18,59.4,GFS
KDEN,2025-12-19,68.6,GFS
KDEN,2025-12-20,57.4,GFS
KDEN,2025-12-21,65.4,GFS
KDEN,2025-12-22,75.1,GFS
KDEN,2025-12-23,65.9,GFS
KDEN,2025-12-24,70.4,GFS
KDEN,2025-12-25,69.0,GFS
KDEN,2025-12-26,64.8,GFS
KDEN,2025-12-27,58.8,GFS
KDEN,2025-12-28,45.6,GFS
KDEN,2025-12-29,37.4,GFS
KDEN,2025-12-30,50.7,GFS
KDEN,2025-12-31,63.6,GFS
KDEN,2026-01-01,62.0,GFS
KDEN,2026-01-02,58.1,GFS
KDEN,2026-01-03,63.4,GFS
KDEN,2026-01-04,65.7,GFS
KDEN,2026-01-05,59.1,GFS
KDEN,2026-01-06,56.2,GFS
KDEN,2026-01-07,57.3,GFS
KDEN,2026-01-08,46.0,GFS
KDEN,2026-01-09,32.4,GFS
KDEN,2026-01-10,43.3,GFS
KDEN,2026-01-11,56.3,GFS
KDEN,2026-01-12,62.2,GFS
KDEN,2026-01-13,61.3,GFS
KDEN,2026-01-14,53.5,GFS
KDEN,2026-01-15,60.0,GFS
KDEN,2026-01-16,51.4,GFS
KDEN,2026-01-17,34.7,GFS
KDEN,2026-01-18,49.6,GFS
KDEN,2026-01-19,39.5,GFS
KDEN,2026-01-20,52.1,GFS
KDEN,2026-01-21,48.4,GFS
KDEN,2026-01-22,38.4,GFS
KDEN,2026-01-23,29.7,GFS
KDEN,2026-01-24,16.2,GFS
KDEN,2026-01-25,26.2,GFS
KDEN,2026-01-26,44.9,GFS
KDEN,2026-01-27,48.2,GFS
KDEN,2026-01-28,49.0,GFS
KDEN,2026-01-29,45.6,GFS
KDEN,2026-01-30,47.0,GFS
KDEN,2026-01-31,56.1,GFS
KDEN,2026-02-01,61.9,GFS
KDEN,2026-02-02,54.8,GFS
KDEN,2026-02-03,47.8,GFS
KDEN,2026-02-04,51.0,GFS
KDEN,2026-02-05,63.8,GFS
KDEN,2026-02-06,65.3,GFS
KDEN,2026-02-07,63.2,GFS
KDEN,2026-02-08,64.0,GFS
KDEN,2026-02-09,69.2,GFS
KDEN,2026-02-10,59.1,GFS
KDEN,2026-02-11,57.2,GFS
KDEN,2026-02-12,58.8,GFS
KDEN,2026-02-13,55.4,GFS
KDEN,2026-02-14,55.5,GFS
KDEN,2026-02-15,66.6,GFS
KDEN,2026-02-16,66.1,GFS
KDEN,2026-02-17,58.2,GFS
KDEN,2026-02-18,52.6,GFS
KDEN,2026-02-19,48.6,GFS
KDEN,2026-02-20,31.7,GFS
KDEN,2026-02-21,44.3,GFS
KDEN,2026-02-22,51.7,GFS
KDEN,2026-02-23,64.9,GFS
KDEN,2026-02-24,69.4,GFS
KDEN,2026-02-25,65.7,GFS
KDEN,2024-11-21,52.1,ECMWF
KDEN,2024-11-22,63.5,ECMWF
KDEN,2024-11-23,65.4,ECMWF
KDEN,2024-11-24,60.3,ECMWF
KDEN,2024-11-25,45.7,ECMWF
KDEN,2024-11-26,52.5,ECMWF
KDEN,2024-11-27,46.7,ECMWF
KDEN,2024-11-28,31.9,ECMWF
KDEN,2024-11-29,39.9,ECMWF
KDEN,2024-11-30,42.7,ECMWF
KDEN,2024-12-01,46.2,ECMWF
KDEN,2024-12-02,47.2,ECMWF
KDEN,2024-12-03,58.2,ECMWF
KDEN,2024-12-04,55.3,ECMWF
KDEN,2024-12-05,45.7,ECMWF
KDEN,2024-12-06,55.3,ECMWF
KDEN,2024-12-07,57.1,ECMWF
KDEN,2024-12-08,54.0,ECMWF
KDEN,2024-12-09,43.0,ECMWF
KDEN,2024-12-10,35.5,ECMWF
KDEN,2024-12-11,48.8,ECMWF
KDEN,2024-12-12,50.7,ECMWF
KDEN,2024-12-13,46.9,ECMWF
KDEN,2024-12-14,54.7,ECMWF
KDEN,2024-12-15,52.5,ECMWF
KDEN,2024-12-16,45.1,ECMWF
KDEN,2024-12-17,49.5,ECMWF
KDEN,2024-12-18,51.6,ECMWF
KDEN,2024-12-19,57.8,ECMWF
KDEN,2024-12-20,61.0,ECMWF
KDEN,2024-12-21,61.5,ECMWF
KDEN,2024-12-22,60.3,ECMWF
KDEN,2024-12-23,53.9,ECMWF
KDEN,2024-12-24,52.6,ECMWF
KDEN,2024-12-25,48.5,ECMWF
KDEN,2024-12-26,48.1,ECMWF
KDEN,2024-12-27,46.3,ECMWF
KDEN,2024-12-28,51.8,ECMWF
KDEN,2024-12-29,59.4,ECMWF
KDEN,2024-12-30,50.0,ECMWF
KDEN,2024-12-31,37.2,ECMWF
KDEN,2025-01-01,42.0,ECMWF
KDEN,2025-01-02,49.0,ECMWF
KDEN,2025-01-03,47.8,ECMWF
KDEN,2025-01-04,35.5,ECMWF
KDEN,2025-01-05,27.0,ECMWF
KDEN,2025-01-06,37.4,ECMWF
KDEN,2025-01-07,28.4,ECMWF
KDEN,2025-01-08,34.2,ECMWF
KDEN,2025-01-09,28.3,ECMWF
KDEN,2025-01-10,33.8,ECMWF
KDEN,2025-01-11,39.1,ECMWF
KDEN,2025-01-12,32.8,ECMWF
KDEN,2025-01-13,35.1,ECMWF
KDEN,2025-01-14,36.6,ECMWF
KDEN,2025-01-15,46.1,ECMWF
KDEN,2025-01-16,57.7,ECMWF
KDEN,2025-01-17,48.2,ECMWF
KDEN,2025-01-18,28.8,ECMWF
KDEN,2025-01-19,17.7,ECMWF
KDEN,2025-01-20,11.7,ECMWF
KDEN,2025-01-21,33.7,ECMWF
KDEN,2025-01-22,28.1,ECMWF
KDEN,2025-01-23,26.7,ECMWF
KDEN,2025-01-24,42.4,ECMWF
KDEN,2025-01-25,32.4,ECMWF
KDEN,2025-01-26,21.4,ECMWF
KDEN,2025-01-27,44.1,ECMWF
KDEN,2025-01-28,44.7,ECMWF
KDEN,2025-01-29,46.0,ECMWF
KDEN,2025-01-30,42.7,ECMWF
KDEN,2025-01-31,55.3,ECMWF
KDEN,2025-02-01,56.7,ECMWF
KDEN,2025-02-02,64.4,ECMWF
KDEN,2025-02-03,68.1,ECMWF
KDEN,2025-02-04,45.7,ECMWF
KDEN,2025-02-05,61.6,ECMWF
KDEN,2025-02-06,55.2,ECMWF
KDEN,2025-02-07,63.1,ECMWF
KDEN,2025-02-08,54.4,ECMWF
KDEN,2025-02-09,36.9,ECMWF
KDEN,2025-02-10,35.3,ECMWF
KDEN,2025-02-11,28.7,ECMWF
KDEN,2025-02-12,14.4,ECMWF
KDEN,2025-02-13,33.4,ECMWF
KDEN,2025-02-14,48.9,ECMWF
KDEN,2025-02-15,38.0,ECMWF
KDEN,2025-02-16,42.1,ECMWF
KDEN,2025-02-17,30.6,ECMWF
KDEN,2025-02-18,23.2,ECMWF
KDEN,2025-02-19,26.4,ECMWF
KDEN,2025-02-20,27.0,ECMWF
KDEN,2025-02-21,34.6,ECMWF
KDEN,2025-02-22,46.3,ECMWF
KDEN,2025-02-23,59.3,ECMWF
KDEN,2025-02-24,63.6,ECMWF
KDEN,2025-02-25,66.5,ECMWF
KDEN,2025-02-26,57.2,ECMWF
KDEN,2025-02-27,62.1,ECMWF
KDEN,2025-02-28,63.8,ECMWF
KDEN,2025-03-01,64.3,ECMWF
KDEN,2025-03-02,65.3,ECMWF
KDEN,2025-03-03,63.3,ECMWF
KDEN,2025-03-04,46.2,ECMWF
KDEN,2025-03-05,51.1,ECMWF
KDEN,2025-03-06,55.1,ECMWF
KDEN,2025-03-07,45.7,ECMWF
KDEN,2025-03-08,48.5,ECMWF
KDEN,2025-03-09,66.1,ECMWF
KDEN,2025-03-10,69.8,ECMWF
KDEN,2025-03-11,67.4,ECMWF
KDEN,2025-03-12,65.0,ECMWF
KDEN,2025-03-13,65.6,ECMWF
KDEN,2025-03-14,63.8,ECMWF
KDEN,2025-03-15,45.8,ECMWF
KDEN,2025-03-16,60.4,ECMWF
KDEN,2025-03-17,70.9,ECMWF
KDEN,2025-03-18,66.5,ECMWF
KDEN,2025-03-19,41.7,ECMWF
KDEN,2025-03-20,57.7,ECMWF
KDEN,2025-03-21,55.5,ECMWF
KDEN,2025-03-22,61.6,ECMWF
KDEN,2025-03-23,59.4,ECMWF
KDEN,2025-03-24,70.6,ECMWF
KDEN,2025-03-25,69.1,ECMWF
KDEN,2025-03-26,74.6,ECMWF
KDEN,2025-03-27,75.2,ECMWF
KDEN,2025-03-28,75.3,ECMWF
KDEN,2025-03-29,70.6,ECMWF
KDEN,2025-03-30,52.0,ECMWF
KDEN,2025-03-31,61.6,ECMWF
KDEN,2025-04-01,54.4,ECMWF
KDEN,2025-04-02,46.6,ECMWF
KDEN,2025-04-03,44.8,ECMWF
KDEN,2025-04-04,38.5,ECMWF
KDEN,2025-04-05,40.0,ECMWF
KDEN,2025-04-06,55.3,ECMWF
KDEN,2025-04-07,65.0,ECMWF
KDEN,2025-04-08,71.4,ECMWF
KDEN,2025-04-09,70.4,ECMWF
KDEN,2025-04-10,68.6,ECMWF
KDEN,2025-04-11,80.3,ECMWF
KDEN,2025-04-12,84.9,ECMWF
KDEN,2025-04-13,82.1,ECMWF
KDEN,2025-04-14,56.9,ECMWF
KDEN,2025-04-15,70.7,ECMWF
KDEN,2025-04-16,75.7,ECMWF
KDEN,2025-04-17,73.2,ECMWF
KDEN,2025-04-18,56.1,ECMWF
KDEN,2025-04-19,46.3,ECMWF
KDEN,2025-04-20,60.2,ECMWF
KDEN,2025-04-21,68.3,ECMWF
KDEN,2025-04-22,70.6,ECMWF
KDEN,2025-04-23,68.1,ECMWF
KDEN,2025-04-24,66.2,ECMWF
KDEN,2025-04-25,63.0,ECMWF
KDEN,2025-04-26,72.2,ECMWF
KDEN,2025-04-27,75.4,ECMWF
KDEN,2025-04-28,74.2,ECMWF
KDEN,2025-04-29,64.0,ECMWF
KDEN,2025-04-30,68.8,ECMWF
KDEN,2025-05-01,58.6,ECMWF
KDEN,2025-05-02,61.7,ECMWF
KDEN,2025-05-03,73.8,ECMWF
KDEN,2025-05-04,75.8,ECMWF
KDEN,2025-05-05,71.5,ECMWF
KDEN,2025-05-06,53.4,ECMWF
KDEN,2025-05-07,55.3,ECMWF
KDEN,2025-05-08,65.7,ECMWF
KDEN,2025-05-09,70.3,ECMWF
KDEN,2025-05-10,76.0,ECMWF
KDEN,2025-05-11,81.3,ECMWF
KDEN,2025-05-12,84.3,ECMWF
KDEN,2025-05-13,84.7,ECMWF
KDEN,2025-05-14,83.0,ECMWF
KDEN,2025-05-15,65.2,ECMWF
KDEN,2025-05-16,68.6,ECMWF
KDEN,2025-05-17,72.8,ECMWF
KDEN,2025-05-18,68.2,ECMWF
KDEN,2025-05-19,57.4,ECMWF
KDEN,2025-05-20,68.5,ECMWF
KDEN,2025-05-21,71.7,ECMWF
KDEN,2025-05-22,76.9,ECMWF
KDEN,2025-05-23,79.0,ECMWF
KDEN,2025-05-24,78.0,ECMWF
KDEN,2025-05-25,60.3,ECMWF
KDEN,2025-05-26,57.8,ECMWF
KDEN,2025-05-27,70.0,ECMWF
KDEN,2025-05-28,65.2,ECMWF
KDEN,2025-05-29,65.1,ECMWF
KDEN,2025-05-30,79.6,ECMWF
KDEN,2025-05-31,75.7,ECMWF
KDEN,2025-06-01,85.1,ECMWF
KDEN,2025-06-02,79.2,ECMWF
KDEN,2025-06-03,77.2,ECMWF
KDEN,2025-06-04,67.9,ECMWF
KDEN,2025-06-05,70.1,ECMWF
KDEN,2025-06-06,63.7,ECMWF
KDEN,2025-06-07,79.3,ECMWF
KDEN,2025-06-08,77.6,ECMWF
KDEN,2025-06-09,76.9,ECMWF
KDEN,2025-06-10,86.1,ECMWF
KDEN,2025-06-11,85.2,ECMWF
KDEN,2025-06-12,88.6,ECMWF
KDEN,2025-06-13,86.7,ECMWF
KDEN,2025-06-14,92.3,ECMWF
KDEN,2025-06-15,91.5,ECMWF
KDEN,2025-06-16,92.5,ECMWF
KDEN,2025-06-17,89.5,ECMWF
KDEN,2025-06-18,79.3,ECMWF
KDEN,2025-06-19,89.9,ECMWF
KDEN,2025-06-20,95.6,ECMWF
KDEN,2025-06-21,98.8,ECMWF
KDEN,2025-06-22,96.6,ECMWF
KDEN,2025-06-23,84.9,ECMWF
KDEN,2025-06-24,77.4,ECMWF
KDEN,2025-06-25,74.6,ECMWF
KDEN,2025-06-26,83.2,ECMWF
KDEN,2025-06-27,88.6,ECMWF
KDEN,2025-06-28,92.2,ECMWF
KDEN,2025-06-29,89.4,ECMWF
KDEN,2025-06-30,81.4,ECMWF
KDEN,2025-07-01,88.5,ECMWF
KDEN,2025-07-02,91.1,ECMWF
KDEN,2025-07-03,92.5,ECMWF
KDEN,2025-07-04,89.5,ECMWF
KDEN,2025-07-05,88.6,ECMWF
KDEN,2025-07-06,90.1,ECMWF
KDEN,2025-07-07,90.2,ECMWF
KDEN,2025-07-08,95.4,ECMWF
KDEN,2025-07-09,97.7,ECMWF
KDEN,2025-07-10,95.6,ECMWF
KDEN,2025-07-11,85.0,ECMWF
KDEN,2025-07-12,80.9,ECMWF
KDEN,2025-07-13,88.6,ECMWF
KDEN,2025-07-14,92.2,ECMWF
KDEN,2025-07-15,91.8,ECMWF
KDEN,2025-07-16,82.8,ECMWF
KDEN,2025-07-17,88.0,ECMWF
KDEN,2025-07-18,94.3,ECMWF
KDEN,2025-07-19,88.6,ECMWF
KDEN,2025-07-20,92.1,ECMWF
KDEN,2025-07-21,94.7,ECMWF
KDEN,2025-07-22,89.9,ECMWF
KDEN,2025-07-23,88.8,ECMWF
KDEN,2025-07-24,81.9,ECMWF
KDEN,2025-07-25,89.2,ECMWF
KDEN,2025-07-26,94.0,ECMWF
KDEN,2025-07-27,95.4,ECMWF
KDEN,2025-07-28,98.0,ECMWF
KDEN,2025-07-29,94.7,ECMWF
KDEN,2025-07-30,76.0,ECMWF
KDEN,2025-07-31,83.6,ECMWF
KDEN,2025-08-01,82.6,ECMWF
KDEN,2025-08-02,88.7,ECMWF
KDEN,2025-08-03,85.7,ECMWF
KDEN,2025-08-04,92.9,ECMWF
KDEN,2025-08-05,96.7,ECMWF
KDEN,2025-08-06,96.0,ECMWF
KDEN,2025-08-07,98.5,ECMWF
KDEN,2025-08-08,97.6,ECMWF
KDEN,2025-08-09,92.7,ECMWF
KDEN,2025-08-10,80.5,ECMWF
KDEN,2025-08-11,82.1,ECMWF
KDEN,2025-08-12,86.3,ECMWF
KDEN,2025-08-13,96.7,ECMWF
KDEN,2025-08-14,97.6,ECMWF
KDEN,2025-08-15,92.9,ECMWF
KDEN,2025-08-16,88.9,ECMWF
KDEN,2025-08-17,89.7,ECMWF
KDEN,2025-08-18,91.4,ECMWF
KDEN,2025-08-19,90.4,ECMWF
KDEN,2025-08-20,92.5,ECMWF
KDEN,2025-08-21,95.3,ECMWF
KDEN,2025-08-22,93.2,ECMWF
KDEN,2025-08-23,80.4,ECMWF
KDEN,2025-08-24,77.5,ECMWF
KDEN,2025-08-25,71.5,ECMWF
KDEN,2025-08-26,73.7,ECMWF
KDEN,2025-08-27,75.1,ECMWF
KDEN,2025-08-28,77.3,ECMWF
KDEN,2025-08-29,77.9,ECMWF
KDEN,2025-08-30,71.9,ECMWF
KDEN,2025-08-31,78.4,ECMWF
KDEN,2025-09-01,80.8,ECMWF
KDEN,2025-09-02,84.2,ECMWF
KDEN,2025-09-03,87.0,ECMWF
KDEN,2025-09-04,87.1,ECMWF
KDEN,2025-09-05,84.4,ECMWF
KDEN,2025-09-06,81.6,ECMWF
KDEN,2025-09-07,82.8,ECMWF
KDEN,2025-09-08,86.2,ECMWF
KDEN,2025-09-09,85.5,ECMWF
KDEN,2025-09-10,90.6,ECMWF
KDEN,2025-09-11,87.7,ECMWF
KDEN,2025-09-12,82.0,ECMWF
KDEN,2025-09-13,75.3,ECMWF
KDEN,2025-09-14,70.8,ECMWF
KDEN,2025-09-15,81.0,ECMWF
KDEN,2025-09-16,78.9,ECMWF
KDEN,2025-09-17,68.8,ECMWF
KDEN,2025-09-18,71.1,ECMWF
KDEN,2025-09-19,78.8,ECMWF
KDEN,2025-09-20,80.5,ECMWF
KDEN,2025-09-21,79.0,ECMWF
KDEN,2025-09-22,76.0,ECMWF
KDEN,2025-09-23,58.3,ECMWF
KDEN,2025-09-24,66.6,ECMWF
KDEN,2025-09-25,76.2,ECMWF
KDEN,2025-09-26,80.0,ECMWF
KDEN,2025-09-27,80.3,ECMWF
KDEN,2025-09-28,78.3,ECMWF
KDEN,2025-09-29,76.0,ECMWF
KDEN,2025-09-30,77.5,ECMWF
KDEN,2025-10-01,78.0,ECMWF
KDEN,2025-10-02,81.1,ECMWF
KDEN,2025-10-03,86.7,ECMWF
KDEN,2025-10-04,81.7,ECMWF
KDEN,2025-10-05,73.0,ECMWF
KDEN,2025-10-06,55.1,ECMWF
KDEN,2025-10-07,60.7,ECMWF
KDEN,2025-10-08,76.7,ECMWF
KDEN,2025-10-09,81.4,ECMWF
KDEN,2025-10-10,73.3,ECMWF
KDEN,2025-10-11,66.3,ECMWF
KDEN,2025-10-12,67.9,ECMWF
KDEN,2025-10-13,62.4,ECMWF
KDEN,2025-10-14,76.9,ECMWF
KDEN,2025-10-15,78.0,ECMWF
KDEN,2025-10-16,72.3,ECMWF
KDEN,2025-10-17,63.9,ECMWF
KDEN,2025-10-18,57.0,ECMWF
KDEN,2025-10-19,76.9,ECMWF
KDEN,2025-10-20,67.3,ECMWF
KDEN,2025-10-21,70.7,ECMWF
KDEN,2025-10-22,70.9,ECMWF
KDEN,2025-10-23,69.7,ECMWF
KDEN,2025-10-24,63.5,ECMWF
KDEN,2025-10-25,70.8,ECMWF
KDEN,2025-10-26,70.5,ECMWF
KDEN,2025-10-27,65.3,ECMWF
KDEN,2025-10-28,48.1,ECMWF
KDEN,2025-10-29,58.9,ECMWF
KDEN,2025-10-30,53.1,ECMWF
KDEN,2025-10-31,47.8,ECMWF
KDEN,2025-11-01,62.5,ECMWF
KDEN,2025-11-02,80.1,ECMWF
KDEN,2025-11-03,71.8,ECMWF
KDEN,2025-11-04,72.4,ECMWF
KDEN,2025-11-05,70.4,ECMWF
KDEN,2025-11-06,67.6,ECMWF
KDEN,2025-11-07,62.1,ECMWF
KDEN,2025-11-08,53.4,ECMWF
KDEN,2025-11-09,47.3,ECMWF
KDEN,2025-11-10,72.7,ECMWF
KDEN,2025-11-11,70.0,ECMWF
KDEN,2025-11-12,70.0,ECMWF
KDEN,2025-11-13,72.0,ECMWF
KDEN,2025-11-14,73.9,ECMWF
KDEN,2025-11-15,71.6,ECMWF
KDEN,2025-11-16,69.7,ECMWF
KDEN,2025-11-17,62.2,ECMWF
KDEN,2025-11-18,63.0,ECMWF
KDEN,2025-11-19,62.5,ECMWF
KDEN,2025-11-20,55.6,ECMWF
KDEN,2025-11-21,47.6,ECMWF
KDEN,2025-11-22,57.1,ECMWF
KDEN,2025-11-23,53.4,ECMWF
KDEN,2025-11-24,55.3,ECMWF
KDEN,2025-11-25,49.9,ECMWF
KDEN,2025-11-26,42.5,ECMWF
KDEN,2025-11-27,52.9,ECMWF
KDEN,2025-11-28,59.8,ECMWF
KDEN,2025-11-29,46.8,ECMWF
KDEN,2025-11-30,27.6,ECMWF
KDEN,2025-12-01,39.5,ECMWF
KDEN,2025-12-02,49.0,ECMWF
KDEN,2025-12-03,38.0,ECMWF
KDEN,2025-12-04,33.0,ECMWF
KDEN,2025-12-05,35.9,ECMWF
KDEN,2025-12-06,43.3,ECMWF
KDEN,2025-12-07,41.6,ECMWF
KDEN,2025-12-08,47.9,ECMWF
KDEN,2025-12-09,59.0,ECMWF
KDEN,2025-12-10,57.0,ECMWF
KDEN,2025-12-11,64.6,ECMWF
KDEN,2025-12-12,62.9,ECMWF
KDEN,2025-12-13,59.8,ECMWF
KDEN,2025-12-14,63.3,ECMWF
KDEN,2025-12-15,64.3,ECMWF
KDEN,2025-12-16,64.0,ECMWF
KDEN,2025-12-17,66.9,ECMWF
KDEN,2025-12-18,58.1,ECMWF
KDEN,2025-12-19,69.2,ECMWF
KDEN,2025-12-20,60.8,ECMWF
KDEN,2025-12-21,63.8,ECMWF
KDEN,2025-12-22,74.1,ECMWF
KDEN,2025-12-23,70.0,ECMWF
KDEN,2025-12-24,69.4,ECMWF
KDEN,2025-12-25,69.5,ECMWF
KDEN,2025-12-26,65.9,ECMWF
KDEN,2025-12-27,60.8,ECMWF
KDEN,2025-12-28,50.5,ECMWF
KDEN,2025-12-29,35.5,ECMWF
KDEN,2025-12-30,46.5,ECMWF
KDEN,2025-12-31,58.0,ECMWF
KDEN,2026-01-01,58.0,ECMWF
KDEN,2026-01-02,57.1,ECMWF
KDEN,2026-01-03,62.8,ECMWF
KDEN,2026-01-04,67.3,ECMWF
KDEN,2026-01-05,59.0,ECMWF
KDEN,2026-01-06,56.5,ECMWF
KDEN,2026-01-07,57.4,ECMWF
KDEN,2026-01-08,50.9,ECMWF
KDEN,2026-01-09,31.8,ECMWF
KDEN,2026-01-10,37.2,ECMWF
KDEN,2026-01-11,51.8,ECMWF
KDEN,2026-01-12,58.0,ECMWF
KDEN,2026-01-13,61.1,ECMWF
KDEN,2026-01-14,53.6,ECMWF
KDEN,2026-01-15,59.5,ECMWF
KDEN,2026-01-16,52.8,ECMWF
KDEN,2026-01-17,32.8,ECMWF
KDEN,2026-01-18,48.8,ECMWF
KDEN,2026-01-19,40.1,ECMWF
KDEN,2026-01-20,53.6,ECMWF
KDEN,2026-01-21,47.6,ECMWF
KDEN,2026-01-22,41.0,ECMWF
KDEN,2026-01-23,30.3,ECMWF
KDEN,2026-01-24,17.7,ECMWF
KDEN,2026-01-25,27.8,ECMWF
KDEN,2026-01-26,44.2,ECMWF
KDEN,2026-01-27,46.0,ECMWF
KDEN,2026-01-28,48.1,ECMWF
KDEN,2026-01-29,43.2,ECMWF
KDEN,2026-01-30,46.8,ECMWF
KDEN,2026-01-31,54.6,ECMWF
KDEN,2026-02-01,61.8,ECMWF
KDEN,2026-02-02,54.4,ECMWF
KDEN,2026-02-03,48.1,ECMWF
KDEN,2026-02-04,50.6,ECMWF
KDEN,2026-02-05,63.4,ECMWF
KDEN,2026-02-06,65.5,ECMWF
KDEN,2026-02-07,62.7,ECMWF
KDEN,2026-02-08,64.4,ECMWF
KDEN,2026-02-09,69.7,ECMWF
KDEN,2026-02-10,62.7,ECMWF
KDEN,2026-02-11,58.8,ECMWF
KDEN,2026-02-12,59.8,ECMWF
KDEN,2026-02-13,57.2,ECMWF
KDEN,2026-02-14,55.9,ECMWF
KDEN,2026-02-15,66.5,ECMWF
KDEN,2026-02-16,67.8,ECMWF
KDEN,2026-02-17,59.3,ECMWF
KDEN,2026-02-18,53.1,ECMWF
KDEN,2026-02-19,49.0,ECMWF
KDEN,2026-02-20,32.8,ECMWF
KDEN,2026-02-21,44.5,ECMWF
KDEN,2026-02-22,49.0,ECMWF
KDEN,2026-02-23,64.9,ECMWF
KDEN,2026-02-24,68.8,ECMWF
KDEN,2026-02-25,66.3,ECMWF
KDEN,2024-11-21,51.8,NBM
KDEN,2024-11-22,60.9,NBM
KDEN,2024-11-23,64.1,NBM
KDEN,2024-11-24,58.7,NBM
KDEN,2024-11-25,45.3,NBM
KDEN,2024-11-26,51.2,NBM
KDEN,2024-11-27,45.7,NBM
KDEN,2024-11-28,34.5,NBM
KDEN,2024-11-29,42.8,NBM
KDEN,2024-11-30,47.1,NBM
KDEN,2024-12-01,48.4,NBM
KDEN,2024-12-02,48.3,NBM
KDEN,2024-12-03,58.0,NBM
KDEN,2024-12-04,55.5,NBM
KDEN,2024-12-05,47.2,NBM
KDEN,2024-12-06,55.4,NBM
KDEN,2024-12-07,57.1,NBM
KDEN,2024-12-08,54.8,NBM
KDEN,2024-12-09,47.3,NBM
KDEN,2024-12-10,36.4,NBM
KDEN,2024-12-11,50.1,NBM
KDEN,2024-12-12,51.4,NBM
KDEN,2024-12-13,47.9,NBM
KDEN,2024-12-14,55.6,NBM
KDEN,2024-12-15,52.5,NBM
KDEN,2024-12-16,47.7,NBM
KDEN,2024-12-17,51.8,NBM
KDEN,2024-12-18,53.1,NBM
KDEN,2024-12-19,57.0,NBM
KDEN,2024-12-20,60.0,NBM
KDEN,2024-12-21,61.0,NBM
KDEN,2024-12-22,62.7,NBM
KDEN,2024-12-23,54.2,NBM
KDEN,2024-12-24,52.8,NBM
KDEN,2024-12-25,47.0,NBM
KDEN,2024-12-26,50.5,NBM
KDEN,2024-12-27,47.4,NBM
KDEN,2024-12-28,51.6,NBM
KDEN,2024-12-29,57.6,NBM
KDEN,2024-12-30,49.0,NBM
KDEN,2024-12-31,37.6,NBM
KDEN,2025-01-01,39.1,NBM
KDEN,2025-01-02,47.3,NBM
KDEN,2025-01-03,47.4,NBM
KDEN,2025-01-04,39.8,NBM
KDEN,2025-01-05,26.7,NBM
KDEN,2025-01-06,36.7,NBM
KDEN,2025-01-07,30.6,NBM
KDEN,2025-01-08,38.9,NBM
KDEN,2025-01-09,31.3,NBM
KDEN,2025-01-10,38.8,NBM
KDEN,2025-01-11,39.8,NBM
KDEN,2025-01-12,36.3,NBM
KDEN,2025-01-13,36.0,NBM
KDEN,2025-01-14,36.7,NBM
KDEN,2025-01-15,45.1,NBM
KDEN,2025-01-16,55.0,NBM
KDEN,2025-01-17,46.7,NBM
KDEN,2025-01-18,30.8,NBM
KDEN,2025-01-19,20.8,NBM
KDEN,2025-01-20,16.4,NBM
KDEN,2025-01-21,38.6,NBM
KDEN,2025-01-22,32.2,NBM
KDEN,2025-01-23,30.3,NBM
KDEN,2025-01-24,45.3,NBM
KDEN,2025-01-25,36.3,NBM
KDEN,2025-01-26,24.1,NBM
KDEN,2025-01-27,45.6,NBM
KDEN,2025-01-28,45.1,NBM
KDEN,2025-01-29,46.4,NBM
KDEN,2025-01-30,43.9,NBM
KDEN,2025-01-31,56.6,NBM
KDEN,2025-02-01,55.4,NBM
KDEN,2025-02-02,65.0,NBM
KDEN,2025-02-03,67.4,NBM
KDEN,2025-02-04,49.7,NBM
KDEN,2025-02-05,61.0,NBM
KDEN,2025-02-06,55.7,NBM
KDEN,2025-02-07,61.7,NBM
KDEN,2025-02-08,55.9,NBM
KDEN,2025-02-09,37.5,NBM
KDEN,2025-02-10,35.6,NBM
KDEN,2025-02-11,31.2,NBM
KDEN,2025-02-12,17.6,NBM
KDEN,2025-02-13,39.1,NBM
KDEN,2025-02-14,51.0,NBM
KDEN,2025-02-15,42.4,NBM
KDEN,2025-02-16,38.1,NBM
KDEN,2025-02-17,33.5,NBM
KDEN,2025-02-18,23.8,NBM
KDEN,2025-02-19,21.3,NBM
KDEN,2025-02-20,24.2,NBM
KDEN,2025-02-21,39.1,NBM
KDEN,2025-02-22,53.3,NBM
KDEN,2025-02-23,61.2,NBM
KDEN,2025-02-24,63.2,NBM
KDEN,2025-02-25,64.7,NBM
KDEN,2025-02-26,59.0,NBM
KDEN,2025-02-27,60.5,NBM
KDEN,2025-02-28,61.5,NBM
KDEN,2025-03-01,63.1,NBM
KDEN,2025-03-02,62.6,NBM
KDEN,2025-03-03,60.9,NBM
KDEN,2025-03-04,51.0,NBM
KDEN,2025-03-05,50.6,NBM
KDEN,2025-03-06,52.0,NBM
KDEN,2025-03-07,49.2,NBM
KDEN,2025-03-08,48.0,NBM
KDEN,2025-03-09,64.4,NBM
KDEN,2025-03-10,67.9,NBM
KDEN,2025-03-11,65.4,NBM
KDEN,2025-03-12,63.0,NBM
KDEN,2025-03-13,64.2,NBM
KDEN,2025-03-14,62.5,NBM
KDEN,2025-03-15,45.9,NBM
KDEN,2025-03-16,58.9,NBM
KDEN,2025-03-17,70.4,NBM
KDEN,2025-03-18,65.5,NBM
KDEN,2025-03-19,45.2,NBM
KDEN,2025-03-20,55.5,NBM
KDEN,2025-03-21,54.1,NBM
KDEN,2025-03-22,60.5,NBM
KDEN,2025-03-23,58.0,NBM
KDEN,2025-03-24,68.1,NBM
KDEN,2025-03-25,67.4,NBM
KDEN,2025-03-26,73.3,NBM
KDEN,2025-03-27,75.9,NBM
KDEN,2025-03-28,74.0,NBM
KDEN,2025-03-29,69.5,NBM
KDEN,2025-03-30,48.2,NBM
KDEN,2025-03-31,59.1,NBM
KDEN,2025-04-01,58.4,NBM
KDEN,2025-04-02,47.5,NBM
KDEN,2025-04-03,45.9,NBM
KDEN,2025-04-04,38.9,NBM
KDEN,2025-04-05,40.9,NBM
KDEN,2025-04-06,56.7,NBM
KDEN,2025-04-07,64.9,NBM
KDEN,2025-04-08,71.3,NBM
KDEN,2025-04-09,69.5,NBM
KDEN,2025-04-10,67.6,NBM
KDEN,2025-04-11,79.0,NBM
KDEN,2025-04-12,83.5,NBM
KDEN,2025-04-13,79.9,NBM
KDEN,2025-04-14,57.0,NBM
KDEN,2025-04-15,69.7,NBM
KDEN,2025-04-16,74.8,NBM
KDEN,2025-04-17,72.7,NBM
KDEN,2025-04-18,62.5,NBM
KDEN,2025-04-19,46.1,NBM
KDEN,2025-04-20,60.5,NBM
KDEN,2025-04-21,70.2,NBM
KDEN,2025-04-22,70.7,NBM
KDEN,2025-04-23,67.7,NBM
KDEN,2025-04-24,66.9,NBM
KDEN,2025-04-25,58.6,NBM
KDEN,2025-04-26,71.7,NBM
KDEN,2025-04-27,78.4,NBM
KDEN,2025-04-28,75.4,NBM
KDEN,2025-04-29,64.7,NBM
KDEN,2025-04-30,67.5,NBM
KDEN,2025-05-01,59.0,NBM
KDEN,2025-05-02,62.0,NBM
KDEN,2025-05-03,74.7,NBM
KDEN,2025-05-04,74.6,NBM
KDEN,2025-05-05,71.8,NBM
KDEN,2025-05-06,54.9,NBM
KDEN,2025-05-07,52.4,NBM
KDEN,2025-05-08,66.1,NBM
KDEN,2025-05-09,71.4,NBM
KDEN,2025-05-10,76.2,NBM
KDEN,2025-05-11,81.3,NBM
KDEN,2025-05-12,83.7,NBM
KDEN,2025-05-13,83.9,NBM
KDEN,2025-05-14,82.2,NBM
KDEN,2025-05-15,65.1,NBM
KDEN,2025-05-16,68.2,NBM
KDEN,2025-05-17,70.2,NBM
KDEN,2025-05-18,67.2,NBM
KDEN,2025-05-19,60.6,NBM
KDEN,2025-05-20,67.9,NBM
KDEN,2025-05-21,73.0,NBM
KDEN,2025-05-22,74.9,NBM
KDEN,2025-05-23,80.3,NBM
KDEN,2025-05-24,79.2,NBM
KDEN,2025-05-25,60.8,NBM
KDEN,2025-05-26,60.2,NBM
KDEN,2025-05-27,68.2,NBM
KDEN,2025-05-28,66.5,NBM
KDEN,2025-05-29,64.3,NBM
KDEN,2025-05-30,80.3,NBM
KDEN,2025-05-31,76.3,NBM
KDEN,2025-06-01,85.4,NBM
KDEN,2025-06-02,79.3,NBM
KDEN,2025-06-03,73.1,NBM
KDEN,2025-06-04,68.7,NBM
KDEN,2025-06-05,69.8,NBM
KDEN,2025-06-06,65.2,NBM
KDEN,2025-06-07,80.0,NBM
KDEN,2025-06-08,79.3,NBM
KDEN,2025-06-09,78.1,NBM
KDEN,2025-06-10,87.1,NBM
KDEN,2025-06-11,85.4,NBM
KDEN,2025-06-12,86.9,NBM
KDEN,2025-06-13,86.3,NBM
KDEN,2025-06-14,90.6,NBM
KDEN,2025-06-15,90.8,NBM
KDEN,2025-06-16,88.6,NBM
KDEN,2025-06-17,84.7,NBM
KDEN,2025-06-18,81.0,NBM
KDEN,2025-06-19,93.0,NBM
KDEN,2025-06-20,96.5,NBM
KDEN,2025-06-21,96.4,NBM
KDEN,2025-06-22,95.7,NBM
KDEN,2025-06-23,90.2,NBM
KDEN,2025-06-24,79.1,NBM
KDEN,2025-06-25,75.7,NBM
KDEN,2025-06-26,85.4,NBM
KDEN,2025-06-27,90.2,NBM
KDEN,2025-06-28,93.7,NBM
KDEN,2025-06-29,90.2,NBM
KDEN,2025-06-30,78.5,NBM
KDEN,2025-07-01,90.8,NBM
KDEN,2025-07-02,91.6,NBM
KDEN,2025-07-03,91.9,NBM
KDEN,2025-07-04,90.2,NBM
KDEN,2025-07-05,88.4,NBM
KDEN,2025-07-06,88.3,NBM
KDEN,2025-07-07,91.2,NBM
KDEN,2025-07-08,94.5,NBM
KDEN,2025-07-09,98.7,NBM
KDEN,2025-07-10,97.7,NBM
KDEN,2025-07-11,85.2,NBM
KDEN,2025-07-12,83.6,NBM
KDEN,2025-07-13,90.6,NBM
KDEN,2025-07-14,93.7,NBM
KDEN,2025-07-15,93.7,NBM
KDEN,2025-07-16,87.8,NBM
KDEN,2025-07-17,86.2,NBM
KDEN,2025-07-18,90.5,NBM
KDEN,2025-07-19,89.2,NBM
KDEN,2025-07-20,91.1,NBM
KDEN,2025-07-21,93.8,NBM
KDEN,2025-07-22,91.1,NBM
KDEN,2025-07-23,83.2,NBM
KDEN,2025-07-24,84.8,NBM
KDEN,2025-07-25,89.3,NBM
KDEN,2025-07-26,92.3,NBM
KDEN,2025-07-27,96.3,NBM
KDEN,2025-07-28,96.8,NBM
KDEN,2025-07-29,94.6,NBM
KDEN,2025-07-30,79.1,NBM
KDEN,2025-07-31,85.1,NBM
KDEN,2025-08-01,84.2,NBM
KDEN,2025-08-02,88.3,NBM
KDEN,2025-08-03,86.8,NBM
KDEN,2025-08-04,94.1,NBM
KDEN,2025-08-05,96.8,NBM
KDEN,2025-08-06,95.9,NBM
KDEN,2025-08-07,97.8,NBM
KDEN,2025-08-08,95.5,NBM
KDEN,2025-08-09,92.2,NBM
KDEN,2025-08-10,83.6,NBM
KDEN,2025-08-11,82.3,NBM
KDEN,2025-08-12,87.5,NBM
KDEN,2025-08-13,95.7,NBM
KDEN,2025-08-14,97.0,NBM
KDEN,2025-08-15,93.8,NBM
KDEN,2025-08-16,87.7,NBM
KDEN,2025-08-17,89.8,NBM
KDEN,2025-08-18,89.6,NBM
KDEN,2025-08-19,89.4,NBM
KDEN,2025-08-20,93.0,NBM
KDEN,2025-08-21,94.9,NBM
KDEN,2025-08-22,92.8,NBM
KDEN,2025-08-23,80.6,NBM
KDEN,2025-08-24,77.3,NBM
KDEN,2025-08-25,73.1,NBM
KDEN,2025-08-26,75.7,NBM
KDEN,2025-08-27,76.0,NBM
KDEN,2025-08-28,77.5,NBM
KDEN,2025-08-29,80.0,NBM
KDEN,2025-08-30,74.9,NBM
KDEN,2025-09-06,80.2,NBM
KDEN,2025-09-07,81.5,NBM
KDEN,2025-09-08,86.0,NBM
KDEN,2025-09-09,85.2,NBM
KDEN,2025-09-10,88.9,NBM
KDEN,2025-09-11,87.0,NBM
KDEN,2025-09-12,82.9,NBM
KDEN,2025-09-13,76.1,NBM
KDEN,2025-09-14,71.3,NBM
KDEN,2025-09-15,83.0,NBM
KDEN,2025-09-16,79.5,NBM
KDEN,2025-09-17,68.4,NBM
KDEN,2025-09-18,71.7,NBM
KDEN,2025-09-19,79.1,NBM
KDEN,2025-09-20,78.7,NBM
KDEN,2025-09-21,79.4,NBM
KDEN,2025-09-22,76.0,NBM
KDEN,2025-09-23,64.3,NBM
KDEN,2025-09-24,67.2,NBM
KDEN,2025-09-25,77.1,NBM
KDEN,2025-09-26,81.0,NBM
KDEN,2025-09-27,78.5,NBM
KDEN,2025-09-28,78.7,NBM
KDEN,2025-09-29,76.2,NBM
KDEN,2025-09-30,77.7,NBM
KDEN,2025-10-01,78.1,NBM
KDEN,2025-10-02,81.2,NBM
KDEN,2025-10-03,85.3,NBM
KDEN,2025-10-04,81.1,NBM
KDEN,2025-10-05,73.2,NBM
KDEN,2025-10-06,59.5,NBM
KDEN,2025-10-07,61.2,NBM
KDEN,2025-10-08,76.7,NBM
KDEN,2025-10-09,81.7,NBM
KDEN,2025-10-10,76.0,NBM
KDEN,2025-10-11,69.3,NBM
KDEN,2025-10-12,67.7,NBM
KDEN,2025-10-13,62.5,NBM
KDEN,2025-10-14,74.9,NBM
KDEN,2025-10-15,76.7,NBM
KDEN,2025-10-16,71.9,NBM
KDEN,2025-10-17,64.5,NBM
KDEN,2025-10-18,60.9,NBM
KDEN,2025-10-19,75.6,NBM
KDEN,2025-10-20,68.4,NBM
KDEN,2025-10-21,67.4,NBM
KDEN,2025-10-22,68.3,NBM
KDEN,2025-10-23,66.7,NBM
KDEN,2025-10-24,61.9,NBM
KDEN,2025-10-25,69.5,NBM
KDEN,2025-10-26,69.9,NBM
KDEN,2025-10-27,62.9,NBM
KDEN,2025-10-28,51.6,NBM
KDEN,2025-10-29,57.4,NBM
KDEN,2025-10-30,52.7,NBM
KDEN,2025-10-31,48.1,NBM
KDEN,2025-11-01,61.0,NBM
KDEN,2025-11-02,76.7,NBM
KDEN,2025-11-03,68.1,NBM
KDEN,2025-11-04,72.0,NBM
KDEN,2025-11-05,68.5,NBM
KDEN,2025-11-06,66.0,NBM
KDEN,2025-11-07,61.7,NBM
KDEN,2025-11-08,54.2,NBM
KDEN,2025-11-09,47.2,NBM
KDEN,2025-11-10,69.6,NBM
KDEN,2025-11-11,70.0,NBM
KDEN,2025-11-12,67.3,NBM
KDEN,2025-11-13,70.4,NBM
KDEN,2025-11-14,72.4,NBM
KDEN,2025-11-15,70.5,NBM
KDEN,2025-11-16,67.8,NBM
KDEN,2025-11-17,59.8,NBM
KDEN,2025-11-18,60.9,NBM
KDEN,2025-11-19,62.8,NBM
KDEN,2025-11-20,55.1,NBM
KDEN,2025-11-21,47.2,NBM
KDEN,2025-11-22,56.2,NBM
KDEN,2025-11-23,52.7,NBM
KDEN,2025-11-24,55.0,NBM
KDEN,2025-11-25,48.5,NBM
KDEN,2025-11-26,43.4,NBM
KDEN,2025-11-27,50.8,NBM
KDEN,2025-11-28,56.5,NBM
KDEN,2025-11-29,48.1,NBM
KDEN,2025-11-30,25.9,NBM
KDEN,2025-12-01,38.3,NBM
KDEN,2025-12-02,46.6,NBM
KDEN,2025-12-03,39.6,NBM
KDEN,2025-12-04,36.9,NBM
KDEN,2025-12-05,39.5,NBM
KDEN,2025-12-06,46.8,NBM
KDEN,2025-12-07,43.9,NBM
KDEN,2025-12-08,51.2,NBM
KDEN,2025-12-09,60.3,NBM
KDEN,2025-12-10,57.5,NBM
KDEN,2025-12-11,64.8,NBM
KDEN,2025-12-12,60.6,NBM
KDEN,2025-12-13,58.0,NBM
KDEN,2025-12-14,61.0,NBM
KDEN,2025-12-15,63.4,NBM
KDEN,2025-12-16,63.1,NBM
KDEN,2025-12-17,65.2,NBM
KDEN,2025-12-18,57.5,NBM
KDEN,2025-12-19,66.9,NBM
KDEN,2025-12-20,58.8,NBM
KDEN,2025-12-21,61.9,NBM
KDEN,2025-12-22,70.6,NBM
KDEN,2025-12-23,65.9,NBM
KDEN,2025-12-24,68.4,NBM
KDEN,2025-12-25,67.6,NBM
KDEN,2025-12-26,63.3,NBM
KDEN,2025-12-27,58.3,NBM
KDEN,2025-12-28,49.1,NBM
KDEN,2025-12-29,40.7,NBM
KDEN,2025-12-30,48.2,NBM
KDEN,2025-12-31,58.4,NBM
KDEN,2026-01-01,60.5,NBM
KDEN,2026-01-02,57.8,NBM
KDEN,2026-01-03,61.4,NBM
KDEN,2026-01-04,65.6,NBM
KDEN,2026-01-05,58.7,NBM
KDEN,2026-01-06,56.5,NBM
KDEN,2026-01-07,57.5,NBM
KDEN,2026-01-08,49.7,NBM
KDEN,2026-01-09,33.8,NBM
KDEN,2026-01-10,41.9,NBM
KDEN,2026-01-11,53.4,NBM
KDEN,2026-01-12,60.5,NBM
KDEN,2026-01-13,60.6,NBM
KDEN,2026-01-14,55.3,NBM
KDEN,2026-01-15,59.4,NBM
KDEN,2026-01-16,52.1,NBM
KDEN,2026-01-17,36.4,NBM
KDEN,2026-01-18,50.5,NBM
KDEN,2026-01-19,43.0,NBM
KDEN,2026-01-20,51.8,NBM
KDEN,2026-01-21,47.9,NBM
KDEN,2026-01-22,40.5,NBM
KDEN,2026-01-23,32.0,NBM
KDEN,2026-01-24,17.1,NBM
KDEN,2026-01-25,25.6,NBM
KDEN,2026-01-26,42.8,NBM
KDEN,2026-01-27,46.8,NBM
KDEN,2026-01-28,48.9,NBM
KDEN,2026-01-29,45.2,NBM
KDEN,2026-01-30,47.4,NBM
KDEN,2026-01-31,55.9,NBM
KDEN,2026-02-01,60.5,NBM
KDEN,2026-02-02,55.5,NBM
KDEN,2026-02-03,50.5,NBM
KDEN,2026-02-04,51.2,NBM
KDEN,2026-02-05,63.2,NBM
KDEN,2026-02-06,63.5,NBM
KDEN,2026-02-07,63.0,NBM
KDEN,2026-02-08,64.1,NBM
KDEN,2026-02-09,67.8,NBM
KDEN,2026-02-10,62.3,NBM
KDEN,2026-02-11,57.5,NBM
KDEN,2026-02-12,58.2,NBM
KDEN,2026-02-13,56.0,NBM
KDEN,2026-02-14,56.0,NBM
KDEN,2026-02-15,65.2,NBM
KDEN,2026-02-16,66.7,NBM
KDEN,2026-02-17,61.9,NBM
KDEN,2026-02-18,53.4,NBM
KDEN,2026-02-19,49.6,NBM
KDEN,2026-02-20,34.3,NBM
KDEN,2026-02-21,43.6,NBM
KDEN,2026-02-22,49.4,NBM
KDEN,2026-02-23,63.8,NBM
KDEN,2026-02-24,69.5,NBM
KDEN,2026-02-25,65.9,NBM
KDFW,2026-02-12,73.2,OBS
KDFW,2026-02-13,78.5,OBS
KDFW,2026-02-14,73.8,OBS
KDFW,2026-02-15,65.9,OBS
KDFW,2026-02-16,69.3,OBS
KDFW,2026-02-17,75.4,OBS
KDFW,2026-02-18,73.8,OBS
KDFW,2026-02-19,74.8,OBS
KDFW,2026-02-20,68.9,OBS
KDFW,2026-02-21,59.2,OBS
KDFW,2026-02-22,55.4,OBS
KDFW,2026-02-23,57.3,OBS
KDFW,2026-02-24,72.8,OBS
KDFW,2026-02-25,79.8,OBS
KDFW,2026-02-12,73.9,GFS
KDFW,2026-02-13,77.5,GFS
KDFW,2026-02-14,73.9,GFS
KDFW,2026-02-15,67.1,GFS
KDFW,2026-02-16,69.5,GFS
KDFW,2026-02-17,77.2,GFS
KDFW,2026-02-18,77.2,GFS
KDFW,2026-02-19,76.4,GFS
KDFW,2026-02-20,72.4,GFS
KDFW,2026-02-21,61.1,GFS
KDFW,2026-02-22,56.4,GFS
KDFW,2026-02-23,59.2,GFS
KDFW,2026-02-24,72.4,GFS
KDFW,2026-02-25,80.1,GFS
KDFW,2026-02-12,70.7,ECMWF
KDFW,2026-02-13,77.0,ECMWF
KDFW,2026-02-14,72.2,ECMWF
KDFW,2026-02-15,65.0,ECMWF
KDFW,2026-02-16,67.3,ECMWF
KDFW,2026-02-17,73.4,ECMWF
KDFW,2026-02-18,73.2,ECMWF
KDFW,2026-02-19,74.1,ECMWF
KDFW,2026-02-20,67.1,ECMWF
KDFW,2026-02-21,58.5,ECMWF
KDFW,2026-02-22,54.0,ECMWF
KDFW,2026-02-23,55.8,ECMWF
KDFW,2026-02-24,71.2,ECMWF
KDFW,2026-02-25,77.2,ECMWF
KDFW,2026-02-12,74.2,NBM
KDFW,2026-02-13,79.2,NBM
KDFW,2026-02-14,74.9,NBM
KDFW,2026-02-15,66.8,NBM
KDFW,2026-02-16,70.4,NBM
KDFW,2026-02-17,76.9,NBM
KDFW,2026-02-18,77.6,NBM
KDFW,2026-02-19,77.1,NBM
KDFW,2026-02-20,71.8,NBM
KDFW,2026-02-21,59.9,NBM
KDFW,2026-02-22,56.8,NBM
KDFW,2026-02-23,58.9,NBM
KDFW,2026-02-24,72.9,NBM
KDFW,2026-02-25,82.3,NBM
KHOU,2026-02-12,77.1,OBS
KHOU,2026-02-13,74.7,OBS
KHOU,2026-02-14,73.8,OBS
KHOU,2026-02-15,69.2,OBS
KHOU,2026-02-16,70.0,OBS
KHOU,2026-02-17,76.6,OBS
KHOU,2026-02-18,78.6,OBS
KHOU,2026-02-19,80.6,OBS
KHOU,2026-02-20,78.8,OBS
KHOU,2026-02-21,77.6,OBS
KHOU,2026-02-22,72.1,OBS
KHOU,2026-02-23,62.2,OBS
KHOU,2026-02-24,67.8,OBS
KHOU,2026-02-25,77.7,OBS
KHOU,2026-02-12,81.2,GFS
KHOU,2026-02-13,77.6,GFS
KHOU,2026-02-14,75.2,GFS
KHOU,2026-02-15,71.3,GFS
KHOU,2026-02-16,71.1,GFS
KHOU,2026-02-17,79.0,GFS
KHOU,2026-02-18,80.4,GFS
KHOU,2026-02-19,82.5,GFS
KHOU,2026-02-20,80.9,GFS
KHOU,2026-02-21,80.5,GFS
KHOU,2026-02-22,77.0,GFS
KHOU,2026-02-23,65.6,GFS
KHOU,2026-02-24,70.6,GFS
KHOU,2026-02-25,78.8,GFS
KHOU,2026-02-12,77.6,ECMWF
KHOU,2026-02-13,74.1,ECMWF
KHOU,2026-02-14,73.3,ECMWF
KHOU,2026-02-15,68.6,ECMWF
KHOU,2026-02-16,69.1,ECMWF
KHOU,2026-02-17,76.5,ECMWF
KHOU,2026-02-18,78.1,ECMWF
KHOU,2026-02-19,80.5,ECMWF
KHOU,2026-02-20,78.5,ECMWF
KHOU,2026-02-21,78.0,ECMWF
KHOU,2026-02-22,72.1,ECMWF
KHOU,2026-02-23,62.3,ECMWF
KHOU,2026-02-24,68.0,ECMWF
KHOU,2026-02-25,77.2,ECMWF
KHOU,2026-02-12,78.8,NBM
KHOU,2026-02-13,76.7,NBM
KHOU,2026-02-14,75.4,NBM
KHOU,2026-02-15,70.8,NBM
KHOU,2026-02-16,69.2,NBM
KHOU,2026-02-17,77.1,NBM
KHOU,2026-02-18,78.8,NBM
KHOU,2026-02-19,81.0,NBM
KHOU,2026-02-20,79.0,NBM
KHOU,2026-02-21,78.7,NBM
KHOU,2026-02-22,73.7,NBM
KHOU,2026-02-23,64.0,NBM
KHOU,2026-02-24,70.1,NBM
KHOU,2026-02-25,78.7,NBM
KJFK,2022-08-14,78.5,OBS
KJFK,2022-08-15,79.7,OBS
KJFK,2022-08-16,82.1,OBS
KJFK,2022-08-17,80.5,OBS
KJFK,2022-08-18,85.0,OBS
KJFK,2022-08-19,86.1,OBS
KJFK,2022-08-20,85.2,OBS
KJFK,2022-08-21,80.0,OBS
KJFK,2022-08-22,75.7,OBS
KJFK,2022-08-23,81.2,OBS
KJFK,2022-08-24,86.1,OBS
KJFK,2022-08-25,86.3,OBS
KJFK,2022-08-26,82.8,OBS
KJFK,2022-08-27,85.3,OBS
KJFK,2022-08-28,79.9,OBS
KJFK,2022-08-29,81.6,OBS
KJFK,2022-08-30,83.0,OBS
KJFK,2022-08-31,84.8,OBS
KJFK,2022-09-01,86.9,OBS
KJFK,2022-09-02,76.8,OBS
KJFK,2022-09-03,77.8,OBS
KJFK,2022-09-04,81.9,OBS
KJFK,2022-09-05,81.8,OBS
KJFK,2022-09-06,76.3,OBS
KJFK,2022-09-07,72.9,OBS
KJFK,2022-09-08,76.3,OBS
KJFK,2022-09-09,77.0,OBS
KJFK,2022-09-10,79.7,OBS
KJFK,2022-09-11,77.3,OBS
KJFK,2022-09-12,81.3,OBS
KJFK,2022-09-13,76.7,OBS
KJFK,2022-09-14,80.3,OBS
KJFK,2022-09-15,71.4,OBS
KJFK,2022-09-16,74.8,OBS
KJFK,2022-09-17,71.4,OBS
KJFK,2022-09-18,81.6,OBS
KJFK,2022-09-19,81.3,OBS
KJFK,2022-09-20,79.1,OBS
KJFK,2022-09-21,75.8,OBS
KJFK,2022-09-22,78.0,OBS
KJFK,2022-09-23,65.1,OBS
KJFK,2022-09-24,69.3,OBS
KJFK,2022-09-25,72.3,OBS
KJFK,2022-09-26,74.8,OBS
KJFK,2022-09-27,71.3,OBS
KJFK,2022-09-28,70.4,OBS
KJFK,2022-09-29,67.6,OBS
KJFK,2022-09-30,64.0,OBS
KJFK,2022-10-01,64.7,OBS
KJFK,2022-10-02,60.3,OBS
KJFK,2022-10-03,53.0,OBS
KJFK,2022-10-04,57.0,OBS
KJFK,2022-10-05,62.3,OBS
KJFK,2022-10-06,71.2,OBS
KJFK,2022-10-07,74.5,OBS
KJFK,2022-10-08,65.8,OBS
KJFK,2022-10-09,61.3,OBS
KJFK,2022-10-10,66.6,OBS
KJFK,2022-10-11,66.8,OBS
KJFK,2022-10-12,64.9,OBS
KJFK,2022-10-13,69.4,OBS
KJFK,2022-10-14,66.1,OBS
KJFK,2022-10-15,65.3,OBS
KJFK,2022-10-16,63.4,OBS
KJFK,2022-10-17,64.4,OBS
KJFK,2022-10-18,58.5,OBS
KJFK,2022-10-19,54.0,OBS
KJFK,2022-10-20,58.3,OBS
KJFK,2022-10-21,61.0,OBS
KJFK,2022-10-22,63.1,OBS
KJFK,2022-10-23,58.7,OBS
KJFK,2022-10-24,64.4,OBS
KJFK,2022-10-25,69.1,OBS
KJFK,2022-10-26,69.7,OBS
KJFK,2022-10-27,65.1,OBS
KJFK,2022-10-28,55.7,OBS
KJFK,2022-10-29,57.1,OBS
KJFK,2022-10-30,60.7,OBS
KJFK,2022-10-31,61.7,OBS
KJFK,2022-11-01,67.4,OBS
KJFK,2022-11-02,68.2,OBS
KJFK,2022-11-03,63.2,OBS
KJFK,2022-11-04,66.3,OBS
KJFK,2022-11-05,68.7,OBS
KJFK,2022-11-06,71.8,OBS
KJFK,2022-11-07,75.0,OBS
KJFK,2022-11-08,64.5,OBS
KJFK,2022-11-09,50.9,OBS
KJFK,2022-11-10,61.2,OBS
KJFK,2022-11-11,64.8,OBS
KJFK,2022-11-12,69.2,OBS
KJFK,2022-11-13,60.0,OBS
KJFK,2022-11-14,46.5,OBS
KJFK,2022-11-15,46.8,OBS
KJFK,2022-11-16,55.0,OBS
KJFK,2022-11-17,46.3,OBS
KJFK,2022-11-18,44.1,OBS
KJFK,2022-11-19,40.9,OBS
KJFK,2022-11-20,39.1,OBS
KJFK,2022-11-21,40.1,OBS
KJFK,2022-11-22,47.4,OBS
KJFK,2022-11-23,52.5,OBS
KJFK,2022-11-24,51.4,OBS
KJFK,2022-11-25,53.0,OBS
KJFK,2022-11-26,53.4,OBS
KJFK,2022-11-27,57.9,OBS
KJFK,2022-11-28,58.0,OBS
KJFK,2022-11-29,43.4,OBS
KJFK,2022-11-30,56.8,OBS
KJFK,2022-12-01,52.4,OBS
KJFK,2022-12-02,41.5,OBS
KJFK,2022-12-03,56.6,OBS
KJFK,2022-12-04,55.7,OBS
KJFK,2022-12-05,44.2,OBS
KJFK,2022-12-06,56.4,OBS
KJFK,2022-12-07,56.5,OBS
KJFK,2022-12-08,55.2,OBS
KJFK,2022-12-09,46.6,OBS
KJFK,2022-12-10,40.0,OBS
KJFK,2022-12-11,41.0,OBS
KJFK,2022-12-12,38.9,OBS
KJFK,2022-12-13,39.7,OBS
KJFK,2022-12-14,39.2,OBS
KJFK,2022-12-15,42.6,OBS
KJFK,2022-12-16,46.5,OBS
KJFK,2022-12-17,44.8,OBS
KJFK,2022-12-18,39.3,OBS
KJFK,2022-12-19,38.7,OBS
KJFK,2022-12-20,38.8,OBS
KJFK,2022-12-21,37.3,OBS
KJFK,2022-12-22,45.1,OBS
KJFK,2022-12-23,55.7,OBS
KJFK,2022-12-24,22.4,OBS
KJFK,2022-12-25,28.7,OBS
KJFK,2022-12-26,29.6,OBS
KJFK,2022-12-27,36.5,OBS
KJFK,2022-12-28,44.5,OBS
KJFK,2022-12-29,46.7,OBS
KJFK,2022-12-30,52.3,OBS
KJFK,2022-12-31,51.2,OBS
KJFK,2023-01-01,53.5,OBS
KJFK,2023-01-02,53.2,OBS
KJFK,2023-01-03,55.2,OBS
KJFK,2023-01-04,61.3,OBS
KJFK,2023-01-05,55.8,OBS
KJFK,2023-01-06,47.0,OBS
KJFK,2023-01-07,46.8,OBS
KJFK,2023-01-08,40.0,OBS
KJFK,2023-01-09,44.6,OBS
KJFK,2023-01-10,43.2,OBS
KJFK,2023-01-11,39.9,OBS
KJFK,2023-01-12,50.5,OBS
KJFK,2023-01-13,55.5,OBS
KJFK,2023-01-14,39.8,OBS
KJFK,2023-01-15,39.7,OBS
KJFK,2023-01-16,45.3,OBS
KJFK,2023-01-17,43.6,OBS
KJFK,2023-01-18,51.8,OBS
KJFK,2023-01-19,44.2,OBS
KJFK,2023-01-20,48.0,OBS
KJFK,2023-01-21,42.2,OBS
KJFK,2023-01-22,42.8,OBS
KJFK,2023-01-23,38.9,OBS
KJFK,2023-01-24,47.1,OBS
KJFK,2023-01-25,45.0,OBS
KJFK,2023-01-26,52.9,OBS
KJFK,2023-01-27,42.6,OBS
KJFK,2023-01-28,51.3,OBS
KJFK,2023-01-29,49.3,OBS
KJFK,2023-01-30,51.0,OBS
KJFK,2023-01-31,44.0,OBS
KJFK,2023-02-01,37.6,OBS
KJFK,2023-02-02,38.5,OBS
KJFK,2023-02-03,34.9,OBS
KJFK,2023-02-04,24.4,OBS
KJFK,2023-02-05,45.4,OBS
KJFK,2023-02-06,50.5,OBS
KJFK,2023-02-07,39.8,OBS
KJFK,2023-02-08,50.2,OBS
KJFK,2023-02-09,50.1,OBS
KJFK,2023-02-10,57.9,OBS
KJFK,2023-02-11,44.3,OBS
KJFK,2023-02-12,43.9,OBS
KJFK,2023-02-13,53.0,OBS
KJFK,2023-02-14,51.8,OBS
KJFK,2023-02-15,56.0,OBS
KJFK,2023-02-16,63.3,OBS
KJFK,2023-02-17,58.8,OBS
KJFK,2023-02-18,41.0,OBS
KJFK,2023-02-19,45.6,OBS
KJFK,2023-02-20,59.4,OBS
KJFK,2023-02-21,46.5,OBS
KJFK,2023-02-22,43.1,OBS
KJFK,2023-02-23,47.1,OBS
KJFK,2023-02-24,45.6,OBS
KJFK,2023-02-25,33.5,OBS
KJFK,2023-02-26,49.3,OBS
KJFK,2023-02-27,42.3,OBS
KJFK,2023-02-28,37.3,OBS
KJFK,2023-03-01,41.4,OBS
KJFK,2023-03-02,57.1,OBS
KJFK,2023-03-03,45.3,OBS
KJFK,2023-03-04,46.9,OBS
KJFK,2023-03-05,53.9,OBS
KJFK,2023-03-06,51.2,OBS
KJFK,2023-03-07,45.5,OBS
KJFK,2023-03-08,46.8,OBS
KJFK,2023-03-09,51.7,OBS
KJFK,2023-03-10,44.7,OBS
KJFK,2023-03-11,45.0,OBS
KJFK,2023-03-12,45.6,OBS
KJFK,2023-03-13,43.6,OBS
KJFK,2023-03-14,40.5,OBS
KJFK,2023-03-15,44.6,OBS
KJFK,2023-03-16,54.8,OBS
KJFK,2023-03-17,55.3,OBS
KJFK,2023-03-18,53.2,OBS
KJFK,2023-03-19,44.3,OBS
KJFK,2023-03-20,43.7,OBS
KJFK,2023-03-21,54.2,OBS
KJFK,2023-03-22,51.4,OBS
KJFK,2023-03-23,57.9,OBS
KJFK,2023-03-24,57.1,OBS
KJFK,2023-03-25,47.9,OBS
KJFK,2023-03-26,58.5,OBS
KJFK,2023-03-27,55.8,OBS
KJFK,2023-03-28,51.0,OBS
KJFK,2023-03-29,49.2,OBS
KJFK,2023-03-30,45.0,OBS
KJFK,2023-03-31,50.1,OBS
KJFK,2023-04-01,64.1,OBS
KJFK,2023-04-02,55.4,OBS
KJFK,2023-04-03,51.3,OBS
KJFK,2023-04-04,60.0,OBS
KJFK,2023-04-05,55.4,OBS
KJFK,2023-04-06,72.0,OBS
KJFK,2023-04-07,63.6,OBS
KJFK,2023-04-08,48.7,OBS
KJFK,2023-04-09,51.2,OBS
KJFK,2023-04-10,56.5,OBS
KJFK,2023-04-11,72.1,OBS
KJFK,2023-04-12,81.0,OBS
KJFK,2023-04-13,81.1,OBS
KJFK,2023-04-14,78.1,OBS
KJFK,2023-04-15,67.4,OBS
KJFK,2023-04-16,65.6,OBS
KJFK,2023-04-17,66.3,OBS
KJFK,2023-04-18,59.9,OBS
KJFK,2023-04-19,62.4,OBS
KJFK,2023-04-20,56.9,OBS
KJFK,2023-04-21,62.5,OBS
KJFK,2023-04-22,63.2,OBS
KJFK,2023-04-23,65.8,OBS
KJFK,2023-04-24,56.7,OBS
KJFK,2023-04-25,57.4,OBS
KJFK,2023-04-26,55.6,OBS
KJFK,2023-04-27,55.0,OBS
KJFK,2023-04-28,54.2,OBS
KJFK,2023-04-29,54.2,OBS
KJFK,2023-04-30,58.5,OBS
KJFK,2023-05-01,60.2,OBS
KJFK,2023-05-02,55.8,OBS
KJFK,2023-05-03,54.3,OBS
KJFK,2023-05-04,55.9,OBS
KJFK,2023-05-05,59.4,OBS
KJFK,2023-05-06,69.0,OBS
KJFK,2023-05-07,69.6,OBS
KJFK,2023-05-08,73.8,OBS
KJFK,2023-05-09,63.6,OBS
KJFK,2023-05-10,66.2,OBS
KJFK,2023-05-11,72.3,OBS
KJFK,2023-05-12,79.7,OBS
KJFK,2023-05-13,77.9,OBS
KJFK,2023-05-14,70.6,OBS
KJFK,2023-05-15,69.5,OBS
KJFK,2023-05-16,74.5,OBS
KJFK,2023-05-17,70.5,OBS
KJFK,2023-05-18,56.9,OBS
KJFK,2023-05-19,64.3,OBS
KJFK,2023-05-20,62.2,OBS
KJFK,2023-05-21,69.9,OBS
KJFK,2023-05-22,71.8,OBS
KJFK,2023-05-23,64.7,OBS
KJFK,2023-05-24,67.4,OBS
KJFK,2023-05-25,65.8,OBS
KJFK,2023-05-26,69.5,OBS
KJFK,2023-05-27,71.6,OBS
KJFK,2023-05-28,70.1,OBS
KJFK,2023-05-29,73.1,OBS
KJFK,2023-05-30,65.9,OBS
KJFK,2023-05-31,68.5,OBS
KJFK,2023-06-01,74.8,OBS
KJFK,2023-06-02,78.5,OBS
KJFK,2023-06-03,67.8,OBS
KJFK,2023-06-04,69.1,OBS
KJFK,2023-06-05,74.9,OBS
KJFK,2023-06-06,77.4,OBS
KJFK,2023-06-07,74.0,OBS
KJFK,2023-06-08,71.0,OBS
KJFK,2023-06-09,70.9,OBS
KJFK,2023-06-10,74.2,OBS
KJFK,2023-06-11,77.0,OBS
KJFK,2023-06-12,72.9,OBS
KJFK,2023-06-13,79.2,OBS
KJFK,2023-06-14,73.1,OBS
KJFK,2023-06-15,78.3,OBS
KJFK,2023-06-16,74.9,OBS
KJFK,2023-06-17,77.5,OBS
KJFK,2023-06-18,79.0,OBS
KJFK,2023-06-19,74.4,OBS
KJFK,2023-06-20,71.6,OBS
KJFK,2023-06-21,70.7,OBS
KJFK,2023-06-22,70.1,OBS
KJFK,2023-06-23,71.8,OBS
KJFK,2023-06-24,75.1,OBS
KJFK,2023-06-25,79.4,OBS
KJFK,2023-06-26,75.7,OBS
KJFK,2023-06-27,75.2,OBS
KJFK,2023-06-28,78.8,OBS
KJFK,2023-06-29,80.0,OBS
KJFK,2023-06-30,80.2,OBS
KJFK,2023-07-01,76.3,OBS
KJFK,2023-07-02,79.1,OBS
KJFK,2023-07-03,82.8,OBS
KJFK,2023-07-04,80.7,OBS
KJFK,2023-07-05,84.1,OBS
KJFK,2023-07-06,81.7,OBS
KJFK,2023-07-07,81.0,OBS
KJFK,2023-07-08,81.1,OBS
KJFK,2023-07-09,78.0,OBS
KJFK,2023-07-10,82.7,OBS
KJFK,2023-07-11,83.4,OBS
KJFK,2023-07-12,87.3,OBS
KJFK,2023-07-13,82.6,OBS
KJFK,2023-07-14,81.3,OBS
KJFK,2023-07-15,82.1,OBS
KJFK,2023-07-16,78.0,OBS
KJFK,2023-07-17,84.2,OBS
KJFK,2023-07-18,80.4,OBS
KJFK,2023-07-19,79.7,OBS
KJFK,2023-07-20,81.7,OBS
KJFK,2023-07-21,79.2,OBS
KJFK,2023-07-22,82.2,OBS
KJFK,2023-07-23,82.2,OBS
KJFK,2023-07-24,79.6,OBS
KJFK,2023-07-25,81.2,OBS
KJFK,2023-07-26,81.8,OBS
KJFK,2023-07-27,87.7,OBS
KJFK,2023-07-28,87.1,OBS
KJFK,2023-07-29,88.3,OBS
KJFK,2023-07-30,78.8,OBS
KJFK,2023-07-31,80.5,OBS
KJFK,2023-08-01,79.5,OBS
KJFK,2023-08-02,76.6,OBS
KJFK,2023-08-03,75.7,OBS
KJFK,2023-08-04,75.7,OBS
KJFK,2023-08-05,81.9,OBS
KJFK,2023-08-06,80.0,OBS
KJFK,2023-08-07,78.3,OBS
KJFK,2023-08-08,80.2,OBS
KJFK,2023-08-09,83.8,OBS
KJFK,2023-08-10,77.2,OBS
KJFK,2023-08-11,83.4,OBS
KJFK,2023-08-12,78.5,OBS
KJFK,2023-08-13,82.8,OBS
KJFK,2023-08-14,82.3,OBS
KJFK,2023-08-15,81.4,OBS
KJFK,2023-08-16,77.3,OBS
KJFK,2023-08-17,76.4,OBS
KJFK,2023-08-18,80.3,OBS
KJFK,2023-08-19,78.9,OBS
KJFK,2023-08-20,80.6,OBS
KJFK,2023-08-21,86.4,OBS
KJFK,2023-08-22,78.9,OBS
KJFK,2023-08-23,75.6,OBS
KJFK,2023-08-24,74.4,OBS
KJFK,2023-08-25,78.3,OBS
KJFK,2023-08-26,80.8,OBS
KJFK,2023-08-27,82.0,OBS
KJFK,2023-08-28,74.8,OBS
KJFK,2023-08-29,79.1,OBS
KJFK,2023-08-30,84.7,OBS
KJFK,2023-08-31,76.4,OBS
KJFK,2023-09-01,73.9,OBS
KJFK,2023-09-02,73.7,OBS
KJFK,2023-09-03,87.3,OBS
KJFK,2023-09-04,87.5,OBS
KJFK,2023-09-05,90.6,OBS
KJFK,2023-09-06,89.8,OBS
KJFK,2023-09-07,90.8,OBS
KJFK,2023-09-08,84.5,OBS
KJFK,2023-09-09,80.7,OBS
KJFK,2023-09-10,76.4,OBS
KJFK,2023-09-11,78.8,OBS
KJFK,2023-09-12,80.6,OBS
KJFK,2023-09-13,77.4,OBS
KJFK,2023-09-14,76.4,OBS
KJFK,2023-09-15,70.8,OBS
KJFK,2023-09-16,75.3,OBS
KJFK,2023-09-17,72.3,OBS
KJFK,2023-09-18,69.9,OBS
KJFK,2023-09-19,73.3,OBS
KJFK,2023-09-20,73.7,OBS
KJFK,2023-09-21,71.4,OBS
KJFK,2023-09-22,71.0,OBS
KJFK,2023-09-23,62.9,OBS
KJFK,2023-09-24,68.7,OBS
KJFK,2023-09-25,64.8,OBS
KJFK,2023-09-26,62.6,OBS
KJFK,2023-09-27,64.6,OBS
KJFK,2023-09-28,68.1,OBS
KJFK,2023-09-29,63.4,OBS
KJFK,2023-09-30,68.9,OBS
KJFK,2023-10-01,76.0,OBS
KJFK,2023-10-02,75.6,OBS
KJFK,2023-10-03,75.9,OBS
KJFK,2023-10-04,76.8,OBS
KJFK,2023-10-05,71.4,OBS
KJFK,2023-10-06,70.5,OBS
KJFK,2023-10-07,68.0,OBS
KJFK,2023-10-08,61.6,OBS
KJFK,2023-10-09,59.6,OBS
KJFK,2023-10-10,63.7,OBS
KJFK,2023-10-11,67.6,OBS
KJFK,2023-10-12,66.7,OBS
KJFK,2023-10-13,62.7,OBS
KJFK,2023-10-14,54.7,OBS
KJFK,2023-10-15,60.7,OBS
KJFK,2023-10-16,62.9,OBS
KJFK,2023-10-17,62.0,OBS
KJFK,2023-10-18,62.4,OBS
KJFK,2023-10-19,62.4,OBS
KJFK,2023-10-20,62.5,OBS
KJFK,2023-10-21,62.7,OBS
KJFK,2023-10-22,57.3,OBS
KJFK,2023-10-23,60.0,OBS
KJFK,2023-10-24,61.5,OBS
KJFK,2023-10-25,67.9,OBS
KJFK,2023-10-26,71.2,OBS
KJFK,2023-10-27,72.8,OBS
KJFK,2023-10-28,78.9,OBS
KJFK,2023-10-29,70.2,OBS
KJFK,2023-10-30,67.0,OBS
KJFK,2023-10-31,54.0,OBS
KJFK,2023-11-01,48.6,OBS
KJFK,2023-11-02,48.8,OBS
KJFK,2023-11-03,53.3,OBS
KJFK,2023-11-04,56.5,OBS
KJFK,2023-11-05,60.3,OBS
KJFK,2023-11-06,53.3,OBS
KJFK,2023-11-07,67.0,OBS
KJFK,2023-11-08,59.3,OBS
KJFK,2023-11-09,60.9,OBS
KJFK,2023-11-10,52.9,OBS
KJFK,2023-11-11,53.3,OBS
KJFK,2023-11-12,44.6,OBS
KJFK,2023-11-13,46.8,OBS
KJFK,2023-11-14,51.6,OBS
KJFK,2023-11-15,49.5,OBS
KJFK,2023-11-16,60.5,OBS
KJFK,2023-11-17,61.9,OBS
KJFK,2023-11-18,59.2,OBS
KJFK,2023-11-19,53.4,OBS
KJFK,2023-11-20,46.4,OBS
KJFK,2023-11-21,47.3,OBS
KJFK,2023-11-22,57.2,OBS
KJFK,2023-11-23,51.3,OBS
KJFK,2023-11-24,49.5,OBS
KJFK,2023-11-25,38.6,OBS
KJFK,2023-11-26,50.7,OBS
KJFK,2023-11-27,56.2,OBS
KJFK,2023-11-28,40.9,OBS
KJFK,2023-11-29,36.1,OBS
KJFK,2023-11-30,49.1,OBS
KJFK,2023-12-01,48.3,OBS
KJFK,2023-12-02,58.6,OBS
KJFK,2023-12-03,50.6,OBS
KJFK,2023-12-04,51.4,OBS
KJFK,2023-12-05,45.0,OBS
KJFK,2023-12-06,40.5,OBS
KJFK,2023-12-07,38.8,OBS
KJFK,2023-12-08,46.6,OBS
KJFK,2023-12-09,54.5,OBS
KJFK,2023-12-10,57.9,OBS
KJFK,2023-12-11,58.3,OBS
KJFK,2023-12-12,42.3,OBS
KJFK,2023-12-13,45.0,OBS
KJFK,2023-12-14,39.7,OBS
KJFK,2023-12-15,52.7,OBS
KJFK,2023-12-16,52.4,OBS
KJFK,2023-12-17,53.9,OBS
KJFK,2023-12-18,60.4,OBS
KJFK,2023-12-19,46.2,OBS
KJFK,2023-12-20,44.0,OBS
KJFK,2023-12-21,39.2,OBS
KJFK,2023-12-22,36.1,OBS
KJFK,2023-12-23,42.5,OBS
KJFK,2023-12-24,48.0,OBS
KJFK,2023-12-26,46.2,OBS
KJFK,2023-12-27,48.9,OBS
KJFK,2023-12-28,52.3,OBS
KJFK,2023-12-29,54.0,OBS
KJFK,2023-12-30,47.5,OBS
KJFK,2023-12-31,43.3,OBS
KJFK,2024-01-01,45.1,OBS
KJFK,2024-01-02,41.3,OBS
KJFK,2024-01-03,44.8,OBS
KJFK,2024-01-04,44.0,OBS
KJFK,2024-01-05,36.6,OBS
KJFK,2024-01-06,38.7,OBS
KJFK,2024-01-07,39.7,OBS
KJFK,2024-01-08,43.4,OBS
KJFK,2024-01-09,50.3,OBS
KJFK,2024-01-10,55.8,OBS
KJFK,2024-01-11,46.0,OBS
KJFK,2024-01-12,45.7,OBS
KJFK,2024-01-13,56.9,OBS
KJFK,2024-01-14,42.7,OBS
KJFK,2024-01-15,29.7,OBS
KJFK,2024-01-16,34.6,OBS
KJFK,2024-01-17,29.1,OBS
KJFK,2024-01-18,33.2,OBS
KJFK,2024-01-19,31.5,OBS
KJFK,2024-01-20,26.1,OBS
KJFK,2024-01-21,29.8,OBS
KJFK,2024-01-22,36.7,OBS
KJFK,2024-01-23,39.6,OBS
KJFK,2024-01-24,43.2,OBS
KJFK,2024-01-25,54.1,OBS
KJFK,2024-01-26,49.8,OBS
KJFK,2024-01-27,47.9,OBS
KJFK,2024-01-28,41.8,OBS
KJFK,2024-01-29,42.1,OBS
KJFK,2024-01-30,38.9,OBS
KJFK,2024-01-31,39.4,OBS
KJFK,2024-02-01,46.2,OBS
KJFK,2024-02-02,41.1,OBS
KJFK,2024-02-03,41.1,OBS
KJFK,2024-02-04,44.5,OBS
KJFK,2024-02-05,43.9,OBS
KJFK,2024-02-06,41.4,OBS
KJFK,2024-02-07,45.7,OBS
KJFK,2024-02-08,46.0,OBS
KJFK,2024-02-09,47.7,OBS
KJFK,2024-02-10,57.9,OBS
KJFK,2024-02-11,51.3,OBS
KJFK,2024-02-12,45.0,OBS
KJFK,2024-02-13,40.4,OBS
KJFK,2024-02-14,34.4,OBS
KJFK,2024-02-15,35.8,OBS
KJFK,2024-02-16,40.6,OBS
KJFK,2024-02-17,35.6,OBS
KJFK,2024-02-18,38.1,OBS
KJFK,2024-02-19,38.8,OBS
KJFK,2024-02-20,35.2,OBS
KJFK,2024-02-21,39.3,OBS
KJFK,2024-02-22,40.5,OBS
KJFK,2024-02-23,47.4,OBS
KJFK,2024-02-24,43.1,OBS
KJFK,2024-02-25,33.8,OBS
KJFK,2024-02-26,46.3,OBS
KJFK,2024-02-27,50.6,OBS
KJFK,2024-02-28,56.7,OBS
KJFK,2024-02-29,57.4,OBS
KJFK,2024-03-01,39.5,OBS
KJFK,2024-03-02,49.8,OBS
KJFK,2024-03-03,64.5,OBS
KJFK,2024-03-04,53.4,OBS
KJFK,2024-03-05,48.1,OBS
KJFK,2024-03-06,48.2,OBS
KJFK,2024-03-07,54.6,OBS
KJFK,2024-03-08,51.7,OBS
KJFK,2024-03-09,43.3,OBS
KJFK,2024-03-10,50.9,OBS
KJFK,2024-03-11,49.5,OBS
KJFK,2024-03-12,62.2,OBS
KJFK,2024-03-13,54.8,OBS
KJFK,2024-03-14,63.5,OBS
KJFK,2024-03-15,70.2,OBS
KJFK,2024-03-16,55.5,OBS
KJFK,2024-03-17,60.0,OBS
KJFK,2024-03-18,49.9,OBS
KJFK,2024-03-19,45.1,OBS
KJFK,2024-03-20,53.6,OBS
KJFK,2024-03-21,44.0,OBS
KJFK,2024-03-22,38.4,OBS
KJFK,2024-03-23,51.6,OBS
KJFK,2024-03-24,46.3,OBS
KJFK,2024-03-25,49.3,OBS
KJFK,2024-03-26,49.4,OBS
KJFK,2024-03-27,51.4,OBS
KJFK,2024-03-28,49.5,OBS
KJFK,2024-03-29,54.7,OBS
KJFK,2024-03-30,56.9,OBS
KJFK,2024-03-31,60.5,OBS
KJFK,2024-04-01,52.9,OBS
KJFK,2024-04-02,47.8,OBS
KJFK,2024-04-03,45.4,OBS
KJFK,2024-04-04,47.9,OBS
KJFK,2024-04-05,49.1,OBS
KJFK,2024-04-06,51.5,OBS
KJFK,2024-04-07,55.0,OBS
KJFK,2024-04-08,59.4,OBS
KJFK,2024-04-09,68.3,OBS
KJFK,2024-04-10,57.0,OBS
KJFK,2024-04-11,58.3,OBS
KJFK,2024-04-12,62.2,OBS
KJFK,2024-04-13,57.1,OBS
KJFK,2024-04-14,62.1,OBS
KJFK,2024-04-15,74.2,OBS
KJFK,2024-04-16,68.4,OBS
KJFK,2024-04-17,56.0,OBS
KJFK,2024-04-18,49.5,OBS
KJFK,2024-04-19,53.1,OBS
KJFK,2024-04-20,64.0,OBS
KJFK,2024-04-21,57.3,OBS
KJFK,2024-04-22,58.5,OBS
KJFK,2024-04-23,54.1,OBS
KJFK,2024-04-24,65.6,OBS
KJFK,2024-04-25,56.8,OBS
KJFK,2024-04-26,53.2,OBS
KJFK,2024-04-27,53.8,OBS
KJFK,2024-04-28,62.7,OBS
KJFK,2024-04-29,75.3,OBS
KJFK,2024-04-30,66.9,OBS
KJFK,2024-05-01,65.8,OBS
KJFK,2024-05-02,67.1,OBS
KJFK,2024-05-03,70.7,OBS
KJFK,2024-05-04,58.9,OBS
KJFK,2024-05-05,53.2,OBS
KJFK,2024-05-06,66.9,OBS
KJFK,2024-05-07,73.2,OBS
KJFK,2024-05-08,80.1,OBS
KJFK,2024-05-09,78.8,OBS
KJFK,2024-05-10,59.9,OBS
KJFK,2024-05-11,59.1,OBS
KJFK,2024-05-12,53.3,OBS
KJFK,2024-05-13,62.7,OBS
KJFK,2024-05-14,64.1,OBS
KJFK,2024-05-15,64.8,OBS
KJFK,2024-05-16,64.6,OBS
KJFK,2024-05-17,71.2,OBS
KJFK,2024-05-18,70.4,OBS
KJFK,2024-05-19,70.4,OBS
KJFK,2024-05-20,66.5,OBS
KJFK,2024-05-21,68.4,OBS
KJFK,2024-05-22,72.5,OBS
KJFK,2024-05-23,76.0,OBS
KJFK,2024-05-24,81.4,OBS
KJFK,2024-05-25,74.4,OBS
KJFK,2024-05-26,71.9,OBS
KJFK,2024-05-27,69.4,OBS
KJFK,2024-05-28,79.7,OBS
KJFK,2024-05-29,73.6,OBS
KJFK,2024-05-30,70.4,OBS
KJFK,2024-05-31,74.2,OBS
KJFK,2024-06-01,79.2,OBS
KJFK,2024-06-02,75.6,OBS
KJFK,2024-06-03,79.0,OBS
KJFK,2024-06-04,72.3,OBS
KJFK,2024-06-05,73.9,OBS
KJFK,2024-06-06,78.2,OBS
KJFK,2024-06-07,79.8,OBS
KJFK,2024-06-08,77.4,OBS
KJFK,2024-06-09,76.7,OBS
KJFK,2024-06-10,74.0,OBS
KJFK,2024-06-11,70.7,OBS
KJFK,2024-06-12,73.6,OBS
KJFK,2024-06-13,76.4,OBS
KJFK,2024-06-14,77.5,OBS
KJFK,2024-06-15,80.3,OBS
KJFK,2024-06-16,73.1,OBS
KJFK,2024-06-17,75.6,OBS
KJFK,2024-06-18,77.6,OBS
KJFK,2024-06-19,79.8,OBS
KJFK,2024-06-20,82.6,OBS
KJFK,2024-06-21,85.9,OBS
KJFK,2024-06-22,84.1,OBS
KJFK,2024-06-23,84.4,OBS
KJFK,2024-06-24,83.7,OBS
KJFK,2024-06-25,88.2,OBS
KJFK,2024-06-26,83.1,OBS
KJFK,2024-06-27,83.5,OBS
KJFK,2024-06-28,75.1,OBS
KJFK,2024-06-29,77.3,OBS
KJFK,2024-06-30,83.9,OBS
KJFK,2024-07-01,80.2,OBS
KJFK,2024-07-02,79.5,OBS
KJFK,2024-07-03,77.0,OBS
KJFK,2024-07-04,78.9,OBS
KJFK,2024-07-05,81.1,OBS
KJFK,2024-07-06,82.8,OBS
KJFK,2024-07-07,87.2,OBS
KJFK,2024-07-08,85.9,OBS
KJFK,2024-07-09,80.1,OBS
KJFK,2024-07-10,81.5,OBS
KJFK,2024-07-11,85.3,OBS
KJFK,2024-07-12,80.3,OBS
KJFK,2024-07-13,79.8,OBS
KJFK,2024-07-14,84.3,OBS
KJFK,2024-07-15,83.2,OBS
KJFK,2024-07-16,87.5,OBS
KJFK,2024-07-17,85.6,OBS
KJFK,2024-07-18,85.6,OBS
KJFK,2024-07-19,82.8,OBS
KJFK,2024-07-20,80.2,OBS
KJFK,2024-07-21,82.7,OBS
KJFK,2024-07-22,79.7,OBS
KJFK,2024-07-23,81.8,OBS
KJFK,2024-07-24,82.2,OBS
KJFK,2024-07-25,85.9,OBS
KJFK,2024-07-26,85.3,OBS
KJFK,2024-07-27,83.8,OBS
KJFK,2024-07-28,86.4,OBS
KJFK,2024-07-29,80.8,OBS
KJFK,2024-07-30,81.3,OBS
KJFK,2024-07-31,81.0,OBS
KJFK,2024-08-01,87.9,OBS
KJFK,2024-08-02,84.5,OBS
KJFK,2024-08-03,86.7,OBS
KJFK,2024-08-04,80.3,OBS
KJFK,2024-08-05,85.7,OBS
KJFK,2024-08-06,85.0,OBS
KJFK,2024-08-07,74.3,OBS
KJFK,2024-08-08,74.1,OBS
KJFK,2024-08-09,82.0,OBS
KJFK,2024-08-10,84.7,OBS
KJFK,2024-08-11,77.9,OBS
KJFK,2024-08-12,79.4,OBS
KJFK,2024-08-13,80.9,OBS
KJFK,2024-08-14,83.2,OBS
KJFK,2024-08-15,84.9,OBS
KJFK,2024-08-16,83.2,OBS
KJFK,2024-08-17,77.3,OBS
KJFK,2024-08-18,76.4,OBS
KJFK,2024-08-19,80.4,OBS
KJFK,2024-08-20,73.1,OBS
KJFK,2024-08-21,72.9,OBS
KJFK,2024-08-22,76.3,OBS
KJFK,2024-08-23,80.1,OBS
KJFK,2024-08-24,82.0,OBS
KJFK,2024-08-25,82.8,OBS
KJFK,2024-08-26,80.9,OBS
KJFK,2024-08-27,79.9,OBS
KJFK,2024-08-28,91.7,OBS
KJFK,2024-08-29,84.6,OBS
KJFK,2024-08-30,73.9,OBS
KJFK,2024-08-31,77.4,OBS
KJFK,2024-09-01,80.8,OBS
KJFK,2024-09-02,79.7,OBS
KJFK,2024-09-03,73.3,OBS
KJFK,2024-09-04,75.5,OBS
KJFK,2024-09-05,76.0,OBS
KJFK,2024-09-06,77.6,OBS
KJFK,2024-09-07,72.9,OBS
KJFK,2024-09-08,71.4,OBS
KJFK,2024-09-09,77.2,OBS
KJFK,2024-09-10,78.6,OBS
KJFK,2024-09-11,75.3,OBS
KJFK,2024-09-12,74.9,OBS
KJFK,2024-09-13,76.6,OBS
KJFK,2024-09-14,81.0,OBS
KJFK,2024-09-15,79.2,OBS
KJFK,2024-09-16,76.2,OBS
KJFK,2024-09-17,78.3,OBS
KJFK,2024-09-18,74.1,OBS
KJFK,2024-09-19,86.3,OBS
KJFK,2024-09-20,80.8,OBS
KJFK,2024-09-21,77.4,OBS
KJFK,2024-09-22,74.8,OBS
KJFK,2024-09-23,70.2,OBS
KJFK,2024-09-24,68.0,OBS
KJFK,2024-09-25,68.7,OBS
KJFK,2024-09-26,72.2,OBS
KJFK,2024-09-27,71.2,OBS
KJFK,2024-09-28,68.9,OBS
KJFK,2024-09-29,67.0,OBS
KJFK,2024-09-30,72.2,OBS
KJFK,2024-10-01,70.8,OBS
KJFK,2024-10-02,68.1,OBS
KJFK,2024-10-03,69.5,OBS
KJFK,2024-10-04,69.9,OBS
KJFK,2024-10-05,75.1,OBS
KJFK,2024-10-06,67.6,OBS
KJFK,2024-10-07,74.7,OBS
KJFK,2024-10-08,69.1,OBS
KJFK,2024-10-09,68.1,OBS
KJFK,2024-10-10,64.0,OBS
KJFK,2024-10-11,70.1,OBS
KJFK,2024-10-12,73.7,OBS
KJFK,2024-10-13,69.8,OBS
KJFK,2024-10-14,68.6,OBS
KJFK,2024-10-15,58.3,OBS
KJFK,2024-10-16,60.1,OBS
KJFK,2024-10-17,59.0,OBS
KJFK,2024-10-18,66.7,OBS
KJFK,2024-10-19,66.7,OBS
KJFK,2024-10-20,71.0,OBS
KJFK,2024-10-21,75.9,OBS
KJFK,2024-10-22,76.2,OBS
KJFK,2024-10-23,68.6,OBS
KJFK,2024-10-24,68.8,OBS
KJFK,2024-10-25,62.4,OBS
KJFK,2024-10-26,64.9,OBS
KJFK,2024-10-27,58.1,OBS
KJFK,2024-10-28,59.3,OBS
KJFK,2024-10-29,62.7,OBS
KJFK,2024-10-30,70.3,OBS
KJFK,2024-10-31,75.9,OBS
KJFK,2024-11-01,79.2,OBS
KJFK,2024-11-02,66.3,OBS
KJFK,2024-11-03,55.3,OBS
KJFK,2024-11-04,57.3,OBS
KJFK,2024-11-05,70.7,OBS
KJFK,2024-11-06,77.3,OBS
KJFK,2024-11-07,73.8,OBS
KJFK,2024-11-08,68.7,OBS
KJFK,2024-11-09,61.4,OBS
KJFK,2024-11-10,58.5,OBS
KJFK,2024-11-11,69.7,OBS
KJFK,2024-11-12,61.2,OBS
KJFK,2024-11-13,47.8,OBS
KJFK,2024-11-14,46.3,OBS
KJFK,2024-11-15,56.9,OBS
KJFK,2024-11-16,61.5,OBS
KJFK,2024-11-17,62.9,OBS
KJFK,2024-11-18,64.0,OBS
KJFK,2024-11-19,58.5,OBS
KJFK,2024-11-20,58.3,OBS
KJFK,2024-11-21,55.1,OBS
KJFK,2024-11-22,46.6,OBS
KJFK,2024-11-23,47.6,OBS
KJFK,2024-11-24,51.5,OBS
KJFK,2024-11-25,49.8,OBS
KJFK,2024-11-26,58.0,OBS
KJFK,2024-11-27,50.5,OBS
KJFK,2024-11-28,54.9,OBS
KJFK,2024-11-29,45.8,OBS
KJFK,2024-11-30,39.6,OBS
KJFK,2024-12-01,36.9,OBS
KJFK,2024-12-02,38.2,OBS
KJFK,2024-12-03,40.5,OBS
KJFK,2024-12-04,39.0,OBS
KJFK,2024-12-05,41.7,OBS
KJFK,2024-12-06,33.9,OBS
KJFK,2024-12-07,39.7,OBS
KJFK,2024-12-08,52.1,OBS
KJFK,2024-12-09,51.7,OBS
KJFK,2024-12-10,51.7,OBS
KJFK,2024-12-11,57.8,OBS
KJFK,2024-12-12,55.5,OBS
KJFK,2024-12-13,32.8,OBS
KJFK,2024-12-14,32.5,OBS
KJFK,2024-12-15,38.8,OBS
KJFK,2024-12-16,50.5,OBS
KJFK,2024-12-17,58.3,OBS
KJFK,2024-12-18,51.3,OBS
KJFK,2024-12-19,49.4,OBS
KJFK,2024-12-20,38.1,OBS
KJFK,2024-12-21,35.2,OBS
KJFK,2024-12-22,23.1,OBS
KJFK,2024-12-23,22.2,OBS
KJFK,2024-12-24,35.0,OBS
KJFK,2024-12-25,33.9,OBS
KJFK,2024-12-26,32.3,OBS
KJFK,2024-12-27,36.9,OBS
KJFK,2024-12-28,45.3,OBS
KJFK,2024-12-29,53.6,OBS
KJFK,2024-12-30,54.9,OBS
KJFK,2024-12-31,49.7,OBS
KJFK,2025-01-01,51.0,OBS
KJFK,2025-01-02,41.9,OBS
KJFK,2025-01-03,37.2,OBS
KJFK,2025-01-04,34.5,OBS
KJFK,2025-01-05,32.4,OBS
KJFK,2025-01-06,29.3,OBS
KJFK,2025-01-07,27.3,OBS
KJFK,2025-01-08,27.7,OBS
KJFK,2025-01-09,29.4,OBS
KJFK,2025-01-10,37.8,OBS
KJFK,2025-01-11,33.7,OBS
KJFK,2025-01-12,40.0,OBS
KJFK,2025-01-13,43.1,OBS
KJFK,2025-01-14,35.8,OBS
KJFK,2025-01-15,29.8,OBS
KJFK,2025-01-16,30.1,OBS
KJFK,2025-01-17,39.9,OBS
KJFK,2025-01-18,44.7,OBS
KJFK,2025-01-19,43.4,OBS
KJFK,2025-01-20,30.3,OBS
KJFK,2025-01-21,18.0,OBS
KJFK,2025-01-22,17.4,OBS
KJFK,2025-01-23,26.1,OBS
KJFK,2025-01-24,29.9,OBS
KJFK,2025-01-25,28.6,OBS
KJFK,2025-01-26,40.2,OBS
KJFK,2025-01-27,36.9,OBS
KJFK,2025-01-28,39.9,OBS
KJFK,2025-01-29,48.1,OBS
KJFK,2025-01-30,40.1,OBS
KJFK,2025-01-31,44.7,OBS
KJFK,2025-02-01,47.1,OBS
KJFK,2025-02-02,35.7,OBS
KJFK,2025-02-03,39.8,OBS
KJFK,2025-02-04,43.3,OBS
KJFK,2025-02-05,34.9,OBS
KJFK,2025-02-06,40.5,OBS
KJFK,2025-02-07,41.5,OBS
KJFK,2025-02-08,32.7,OBS
KJFK,2025-02-09,34.4,OBS
KJFK,2025-02-10,32.9,OBS
KJFK,2025-02-11,33.3,OBS
KJFK,2025-02-12,33.2,OBS
KJFK,2025-02-13,46.0,OBS
KJFK,2025-02-14,42.2,OBS
KJFK,2025-02-15,35.1,OBS
KJFK,2025-02-16,48.3,OBS
KJFK,2025-02-17,47.9,OBS
KJFK,2025-02-18,30.6,OBS
KJFK,2025-02-19,29.7,OBS
KJFK,2025-02-20,29.6,OBS
KJFK,2025-02-21,31.3,OBS
KJFK,2025-02-22,36.0,OBS
KJFK,2025-02-23,44.5,OBS
KJFK,2025-02-24,43.1,OBS
KJFK,2025-02-25,48.9,OBS
KJFK,2025-02-26,56.0,OBS
KJFK,2025-02-27,53.3,OBS
KJFK,2025-02-28,52.8,OBS
KJFK,2025-03-01,60.6,OBS
KJFK,2025-03-02,37.3,OBS
KJFK,2025-03-03,37.7,OBS
KJFK,2025-03-04,46.1,OBS
KJFK,2025-03-05,51.3,OBS
KJFK,2025-03-06,54.1,OBS
KJFK,2025-03-07,46.5,OBS
KJFK,2025-03-08,43.2,OBS
KJFK,2025-03-09,50.1,OBS
KJFK,2025-03-10,57.3,OBS
KJFK,2025-03-11,52.2,OBS
KJFK,2025-03-12,50.5,OBS
KJFK,2025-03-13,47.4,OBS
KJFK,2025-03-14,50.7,OBS
KJFK,2025-03-15,46.0,OBS
KJFK,2025-03-16,54.4,OBS
KJFK,2025-03-17,57.9,OBS
KJFK,2025-03-18,55.4,OBS
KJFK,2025-03-19,52.2,OBS
KJFK,2025-03-20,47.3,OBS
KJFK,2025-03-21,48.4,OBS
KJFK,2025-03-22,58.2,OBS
KJFK,2025-03-23,51.5,OBS
KJFK,2025-03-24,50.6,OBS
KJFK,2025-03-25,56.4,OBS
KJFK,2025-03-26,51.2,OBS
KJFK,2025-03-27,49.2,OBS
KJFK,2025-03-28,57.9,OBS
KJFK,2025-03-29,76.9,OBS
KJFK,2025-03-30,56.9,OBS
KJFK,2025-03-31,60.3,OBS
KJFK,2025-04-01,58.3,OBS
KJFK,2025-04-02,47.0,OBS
KJFK,2025-04-03,66.7,OBS
KJFK,2025-04-04,71.4,OBS
KJFK,2025-04-05,61.4,OBS
KJFK,2025-04-06,59.9,OBS
KJFK,2025-04-07,53.9,OBS
KJFK,2025-04-08,43.7,OBS
KJFK,2025-04-09,46.4,OBS
KJFK,2025-04-10,46.6,OBS
KJFK,2025-04-11,47.1,OBS
KJFK,2025-04-12,43.5,OBS
KJFK,2025-04-13,56.7,OBS
KJFK,2025-04-14,58.0,OBS
KJFK,2025-04-15,65.0,OBS
KJFK,2025-04-16,55.4,OBS
KJFK,2025-04-17,59.7,OBS
KJFK,2025-04-18,57.7,OBS
KJFK,2025-04-19,81.8,OBS
KJFK,2025-04-20,77.2,OBS
KJFK,2025-04-21,62.4,OBS
KJFK,2025-04-22,71.3,OBS
KJFK,2025-04-23,73.1,OBS
KJFK,2025-04-24,68.4,OBS
KJFK,2025-04-25,66.1,OBS
KJFK,2025-04-26,67.5,OBS
KJFK,2025-04-27,65.6,OBS
KJFK,2025-04-28,70.4,OBS
KJFK,2025-04-29,65.9,OBS
KJFK,2025-04-30,74.5,OBS
KJFK,2025-05-01,68.6,OBS
KJFK,2025-05-02,72.9,OBS
KJFK,2025-05-03,72.1,OBS
KJFK,2025-05-04,66.7,OBS
KJFK,2025-05-05,64.4,OBS
KJFK,2025-05-06,61.9,OBS
KJFK,2025-05-07,66.9,OBS
KJFK,2025-05-08,69.8,OBS
KJFK,2025-05-09,64.6,OBS
KJFK,2025-05-10,68.7,OBS
KJFK,2025-05-11,73.9,OBS
KJFK,2025-05-12,64.8,OBS
KJFK,2025-05-13,65.1,OBS
KJFK,2025-05-14,63.8,OBS
KJFK,2025-05-15,67.5,OBS
KJFK,2025-05-16,67.0,OBS
KJFK,2025-05-17,76.7,OBS
KJFK,2025-05-18,75.0,OBS
KJFK,2025-05-19,68.7,OBS
KJFK,2025-05-20,65.4,OBS
KJFK,2025-05-21,61.1,OBS
KJFK,2025-05-22,54.5,OBS
KJFK,2025-05-23,61.4,OBS
KJFK,2025-05-24,62.6,OBS
KJFK,2025-05-25,66.2,OBS
KJFK,2025-05-26,68.6,OBS
KJFK,2025-05-27,70.8,OBS
KJFK,2025-05-28,63.9,OBS
KJFK,2025-05-29,68.8,OBS
KJFK,2025-05-30,67.1,OBS
KJFK,2025-05-31,67.3,OBS
KJFK,2025-06-01,65.4,OBS
KJFK,2025-06-02,68.1,OBS
KJFK,2025-06-03,73.0,OBS
KJFK,2025-06-04,74.2,OBS
KJFK,2025-06-05,82.0,OBS
KJFK,2025-06-06,79.5,OBS
KJFK,2025-06-07,74.8,OBS
KJFK,2025-06-08,72.4,OBS
KJFK,2025-06-09,68.0,OBS
KJFK,2025-06-10,73.8,OBS
KJFK,2025-06-11,79.5,OBS
KJFK,2025-06-12,89.4,OBS
KJFK,2025-06-13,86.4,OBS
KJFK,2025-06-14,69.7,OBS
KJFK,2025-06-15,65.2,OBS
KJFK,2025-06-16,66.2,OBS
KJFK,2025-06-17,67.6,OBS
KJFK,2025-06-18,75.7,OBS
KJFK,2025-06-19,80.3,OBS
KJFK,2025-06-20,82.5,OBS
KJFK,2025-06-21,84.8,OBS
KJFK,2025-06-22,93.1,OBS
KJFK,2025-06-23,90.7,OBS
KJFK,2025-06-24,100.5,OBS
KJFK,2025-06-25,98.3,OBS
KJFK,2025-06-26,89.8,OBS
KJFK,2025-06-27,72.9,OBS
KJFK,2025-06-28,79.4,OBS
KJFK,2025-06-29,89.1,OBS
KJFK,2025-06-30,86.8,OBS
KJFK,2025-07-01,87.3,OBS
KJFK,2025-07-02,81.0,OBS
KJFK,2025-07-03,85.6,OBS
KJFK,2025-07-04,82.2,OBS
KJFK,2025-07-05,83.1,OBS
KJFK,2025-07-06,82.9,OBS
KJFK,2025-07-07,81.8,OBS
KJFK,2025-07-08,90.9,OBS
KJFK,2025-07-09,84.0,OBS
KJFK,2025-07-10,80.1,OBS
KJFK,2025-07-11,79.2,OBS
KJFK,2025-07-12,80.2,OBS
KJFK,2025-07-13,81.1,OBS
KJFK,2025-07-14,82.6,OBS
KJFK,2025-07-15,79.5,OBS
KJFK,2025-07-16,83.2,OBS
KJFK,2025-07-17,90.5,OBS
KJFK,2025-07-18,86.5,OBS
KJFK,2025-07-19,82.5,OBS
KJFK,2025-07-20,85.4,OBS
KJFK,2025-07-21,86.8,OBS
KJFK,2025-07-22,79.8,OBS
KJFK,2025-07-23,79.3,OBS
KJFK,2025-07-24,80.9,OBS
KJFK,2025-07-25,93.2,OBS
KJFK,2025-07-26,86.8,OBS
KJFK,2025-07-27,81.5,OBS
KJFK,2025-07-28,93.9,OBS
KJFK,2025-07-29,93.4,OBS
KJFK,2025-07-30,92.6,OBS
KJFK,2025-07-31,86.5,OBS
KJFK,2025-08-01,73.8,OBS
KJFK,2025-08-02,78.2,OBS
KJFK,2025-08-03,80.2,OBS
KJFK,2025-08-04,85.9,OBS
KJFK,2025-08-05,82.8,OBS
KJFK,2025-08-06,80.3,OBS
KJFK,2025-08-07,78.8,OBS
KJFK,2025-08-08,78.4,OBS
KJFK,2025-08-09,79.6,OBS
KJFK,2025-08-10,85.2,OBS
KJFK,2025-08-11,84.7,OBS
KJFK,2025-08-12,84.0,OBS
KJFK,2025-08-13,82.2,OBS
KJFK,2025-08-14,85.9,OBS
KJFK,2025-08-15,87.2,OBS
KJFK,2025-08-16,80.8,OBS
KJFK,2025-08-17,84.9,OBS
KJFK,2025-08-18,80.7,OBS
KJFK,2025-08-19,72.8,OBS
KJFK,2025-08-20,72.1,OBS
KJFK,2025-08-21,71.0,OBS
KJFK,2025-08-22,81.1,OBS
KJFK,2025-08-23,78.3,OBS
KJFK,2025-08-24,76.5,OBS
KJFK,2025-08-25,84.3,OBS
KJFK,2025-08-26,80.7,OBS
KJFK,2025-08-27,76.6,OBS
KJFK,2025-08-28,75.8,OBS
KJFK,2025-08-29,77.0,OBS
KJFK,2025-08-30,77.7,OBS
KJFK,2025-08-31,78.0,OBS
KJFK,2025-09-01,77.9,OBS
KJFK,2025-09-02,75.7,OBS
KJFK,2025-09-03,73.6,OBS
KJFK,2025-09-04,73.7,OBS
KJFK,2025-09-05,76.1,OBS
KJFK,2025-09-06,77.7,OBS
KJFK,2025-09-07,71.4,OBS
KJFK,2025-09-08,70.3,OBS
KJFK,2025-09-09,71.2,OBS
KJFK,2025-09-10,70.5,OBS
KJFK,2025-09-11,78.7,OBS
KJFK,2025-09-12,77.2,OBS
KJFK,2025-09-13,73.2,OBS
KJFK,2025-09-14,78.4,OBS
KJFK,2025-09-15,80.5,OBS
KJFK,2025-09-16,74.6,OBS
KJFK,2025-09-17,68.6,OBS
KJFK,2025-09-18,79.1,OBS
KJFK,2025-09-19,84.3,OBS
KJFK,2025-09-20,79.4,OBS
KJFK,2025-09-21,69.1,OBS
KJFK,2025-09-22,70.2,OBS
KJFK,2025-09-23,79.6,OBS
KJFK,2025-09-24,76.6,OBS
KJFK,2025-09-25,73.6,OBS
KJFK,2025-09-26,78.4,OBS
KJFK,2025-09-27,73.8,OBS
KJFK,2025-09-28,77.0,OBS
KJFK,2025-09-29,74.5,OBS
KJFK,2025-09-30,76.6,OBS
KJFK,2025-10-01,69.7,OBS
KJFK,2025-10-02,64.8,OBS
KJFK,2025-10-03,68.3,OBS
KJFK,2025-10-04,76.6,OBS
KJFK,2025-10-05,78.1,OBS
KJFK,2025-10-06,73.8,OBS
KJFK,2025-10-07,74.0,OBS
KJFK,2025-10-08,71.2,OBS
KJFK,2025-10-09,62.8,OBS
KJFK,2025-10-10,60.2,OBS
KJFK,2025-10-11,65.9,OBS
KJFK,2025-10-12,62.9,OBS
KJFK,2025-10-13,60.9,OBS
KJFK,2025-10-14,62.4,OBS
KJFK,2025-10-15,66.8,OBS
KJFK,2025-10-16,58.7,OBS
KJFK,2025-10-17,61.8,OBS
KJFK,2025-10-18,62.2,OBS
KJFK,2025-10-19,68.0,OBS
KJFK,2025-10-20,69.4,OBS
KJFK,2025-10-21,65.2,OBS
KJFK,2025-10-22,63.7,OBS
KJFK,2025-10-23,59.5,OBS
KJFK,2025-10-24,58.7,OBS
KJFK,2025-10-25,58.3,OBS
KJFK,2025-10-26,58.2,OBS
KJFK,2025-10-27,55.6,OBS
KJFK,2025-10-28,54.4,OBS
KJFK,2025-10-29,55.1,OBS
KJFK,2025-10-30,62.8,OBS
KJFK,2025-10-31,62.0,OBS
KJFK,2025-11-01,58.3,OBS
KJFK,2025-11-02,55.9,OBS
KJFK,2025-11-03,57.6,OBS
KJFK,2025-11-04,58.6,OBS
KJFK,2025-11-05,61.9,OBS
KJFK,2025-11-06,62.5,OBS
KJFK,2025-11-07,58.4,OBS
KJFK,2025-11-08,65.2,OBS
KJFK,2025-11-09,60.8,OBS
KJFK,2025-11-10,59.0,OBS
KJFK,2025-11-11,40.6,OBS
KJFK,2025-11-12,48.6,OBS
KJFK,2025-11-13,50.4,OBS
KJFK,2025-11-14,49.8,OBS
KJFK,2025-11-15,48.3,OBS
KJFK,2025-11-16,55.7,OBS
KJFK,2025-11-17,43.0,OBS
KJFK,2025-11-18,45.6,OBS
KJFK,2025-11-19,46.4,OBS
KJFK,2025-11-20,45.6,OBS
KJFK,2025-11-21,51.3,OBS
KJFK,2025-11-22,50.5,OBS
KJFK,2025-11-23,46.7,OBS
KJFK,2025-11-24,51.3,OBS
KJFK,2025-11-25,53.7,OBS
KJFK,2025-11-26,59.0,OBS
KJFK,2025-11-27,56.6,OBS
KJFK,2025-11-28,41.9,OBS
KJFK,2025-11-29,41.8,OBS
KJFK,2025-11-30,46.8,OBS
KJFK,2025-12-01,43.3,OBS
KJFK,2025-12-02,43.0,OBS
KJFK,2025-12-03,39.3,OBS
KJFK,2025-12-04,41.4,OBS
KJFK,2025-12-05,33.3,OBS
KJFK,2025-12-06,39.2,OBS
KJFK,2025-12-07,40.5,OBS
KJFK,2025-12-08,37.3,OBS
KJFK,2025-12-09,32.3,OBS
KJFK,2025-12-10,46.3,OBS
KJFK,2025-12-11,42.5,OBS
KJFK,2025-12-12,34.3,OBS
KJFK,2025-12-13,39.9,OBS
KJFK,2025-12-14,35.6,OBS
KJFK,2025-12-15,26.2,OBS
KJFK,2025-12-16,28.9,OBS
KJFK,2025-12-17,40.2,OBS
KJFK,2025-12-18,46.4,OBS
KJFK,2025-12-19,56.0,OBS
KJFK,2025-12-20,37.2,OBS
KJFK,2025-12-21,46.2,OBS
KJFK,2025-12-22,36.6,OBS
KJFK,2025-12-23,40.8,OBS
KJFK,2025-12-24,46.0,OBS
KJFK,2025-12-25,46.4,OBS
KJFK,2025-12-26,37.7,OBS
KJFK,2025-12-27,34.7,OBS
KJFK,2025-12-28,33.4,OBS
KJFK,2025-12-29,47.7,OBS
KJFK,2025-12-30,39.8,OBS
KJFK,2025-12-31,31.1,OBS
KJFK,2026-01-01,34.5,OBS
KJFK,2026-01-02,29.6,OBS
KJFK,2026-01-03,29.9,OBS
KJFK,2026-01-04,33.1,OBS
KJFK,2026-01-05,35.3,OBS
KJFK,2026-01-06,39.7,OBS
KJFK,2026-01-07,49.2,OBS
KJFK,2026-01-08,49.5,OBS
KJFK,2026-01-09,47.3,OBS
KJFK,2026-01-10,52.5,OBS
KJFK,2026-01-11,46.8,OBS
KJFK,2026-01-12,39.7,OBS
KJFK,2026-01-13,42.9,OBS
KJFK,2026-01-14,46.9,OBS
KJFK,2026-01-15,44.8,OBS
KJFK,2026-01-16,32.0,OBS
KJFK,2026-01-17,37.8,OBS
KJFK,2026-01-18,33.2,OBS
KJFK,2026-01-19,32.6,OBS
KJFK,2026-01-20,29.8,OBS
KJFK,2026-01-21,36.7,OBS
KJFK,2026-01-22,46.5,OBS
KJFK,2026-01-23,41.2,OBS
KJFK,2026-01-24,31.8,OBS
KJFK,2026-01-25,22.5,OBS
KJFK,2026-01-26,26.9,OBS
KJFK,2026-01-27,21.2,OBS
KJFK,2026-01-28,20.1,OBS
KJFK,2026-01-29,16.9,OBS
KJFK,2026-01-30,15.6,OBS
KJFK,2026-01-31,18.0,OBS
KJFK,2026-02-01,19.5,OBS
KJFK,2026-02-02,29.8,OBS
KJFK,2026-02-03,29.1,OBS
KJFK,2026-02-04,28.8,OBS
KJFK,2026-02-05,26.0,OBS
KJFK,2026-02-06,28.5,OBS
KJFK,2026-02-07,27.2,OBS
KJFK,2026-02-08,13.6,OBS
KJFK,2026-02-09,23.8,OBS
KJFK,2026-02-10,31.7,OBS
KJFK,2026-02-11,38.0,OBS
KJFK,2026-02-12,33.7,OBS
KJFK,2026-02-13,32.4,OBS
KJFK,2026-02-14,38.8,OBS
KJFK,2026-02-15,37.0,OBS
KJFK,2026-02-16,35.2,OBS
KJFK,2026-02-17,40.1,OBS
KJFK,2026-02-18,41.1,OBS
KJFK,2026-02-19,39.3,OBS
KJFK,2026-02-20,40.4,OBS
KJFK,2026-02-21,45.8,OBS
KJFK,2026-02-22,42.3,OBS
KJFK,2026-02-23,34.1,OBS
KJFK,2026-02-24,33.7,OBS
KJFK,2026-02-25,36.7,OBS
KJFK,2022-08-14,79.7,GFS
KJFK,2022-08-15,81.7,GFS
KJFK,2022-08-16,80.9,GFS
KJFK,2022-08-17,79.9,GFS
KJFK,2022-08-18,86.3,GFS
KJFK,2022-08-19,88.2,GFS
KJFK,2022-08-20,88.0,GFS
KJFK,2022-08-21,80.9,GFS
KJFK,2022-08-22,80.0,GFS
KJFK,2022-08-23,85.2,GFS
KJFK,2022-08-24,89.8,GFS
KJFK,2022-08-25,89.0,GFS
KJFK,2022-08-26,84.5,GFS
KJFK,2022-08-27,87.2,GFS
KJFK,2022-08-28,81.0,GFS
KJFK,2022-08-29,83.5,GFS
KJFK,2022-08-30,85.0,GFS
KJFK,2022-08-31,85.8,GFS
KJFK,2022-09-01,87.1,GFS
KJFK,2022-09-02,79.8,GFS
KJFK,2022-09-03,78.2,GFS
KJFK,2022-09-04,84.0,GFS
KJFK,2022-09-05,84.2,GFS
KJFK,2022-09-06,75.9,GFS
KJFK,2022-09-07,70.3,GFS
KJFK,2022-09-08,78.3,GFS
KJFK,2022-09-09,77.2,GFS
KJFK,2022-09-10,83.5,GFS
KJFK,2022-09-11,75.9,GFS
KJFK,2022-09-12,79.1,GFS
KJFK,2022-09-13,81.7,GFS
KJFK,2022-09-14,82.2,GFS
KJFK,2022-09-15,75.3,GFS
KJFK,2022-09-16,77.5,GFS
KJFK,2022-09-17,73.3,GFS
KJFK,2022-09-18,82.1,GFS
KJFK,2022-09-19,81.7,GFS
KJFK,2022-09-20,79.1,GFS
KJFK,2022-09-21,75.5,GFS
KJFK,2022-09-22,74.3,GFS
KJFK,2022-09-23,64.6,GFS
KJFK,2022-09-24,70.6,GFS
KJFK,2022-09-25,73.2,GFS
KJFK,2022-09-26,73.4,GFS
KJFK,2022-09-27,70.2,GFS
KJFK,2022-09-28,70.3,GFS
KJFK,2022-09-29,66.7,GFS
KJFK,2022-09-30,63.8,GFS
KJFK,2022-10-01,59.9,GFS
KJFK,2022-10-02,59.5,GFS
KJFK,2022-10-03,51.4,GFS
KJFK,2022-10-04,55.2,GFS
KJFK,2022-10-05,60.4,GFS
KJFK,2022-10-06,74.9,GFS
KJFK,2022-10-07,76.6,GFS
KJFK,2022-10-08,68.7,GFS
KJFK,2022-10-09,63.0,GFS
KJFK,2022-10-10,67.3,GFS
KJFK,2022-10-11,69.8,GFS
KJFK,2022-10-12,68.2,GFS
KJFK,2022-10-13,70.2,GFS
KJFK,2022-10-14,67.1,GFS
KJFK,2022-10-15,68.2,GFS
KJFK,2022-10-16,67.4,GFS
KJFK,2022-10-17,65.6,GFS
KJFK,2022-10-18,59.9,GFS
KJFK,2022-10-19,54.9,GFS
KJFK,2022-10-20,59.6,GFS
KJFK,2022-10-21,64.1,GFS
KJFK,2022-10-22,65.1,GFS
KJFK,2022-10-23,61.6,GFS
KJFK,2022-10-24,63.1,GFS
KJFK,2022-10-25,72.0,GFS
KJFK,2022-10-26,70.1,GFS
KJFK,2022-10-27,67.0,GFS
KJFK,2022-10-28,57.8,GFS
KJFK,2022-10-29,60.5,GFS
KJFK,2022-10-30,62.4,GFS
KJFK,2022-10-31,63.9,GFS
KJFK,2022-11-01,66.8,GFS
KJFK,2022-11-02,72.0,GFS
KJFK,2022-11-03,66.1,GFS
KJFK,2022-11-04,67.2,GFS
KJFK,2022-11-05,71.8,GFS
KJFK,2022-11-06,70.0,GFS
KJFK,2022-11-07,79.1,GFS
KJFK,2022-11-08,67.0,GFS
KJFK,2022-11-09,53.8,GFS
KJFK,2022-11-10,63.8,GFS
KJFK,2022-11-11,68.2,GFS
KJFK,2022-11-12,70.9,GFS
KJFK,2022-11-13,63.3,GFS
KJFK,2022-11-14,46.6,GFS
KJFK,2022-11-15,46.1,GFS
KJFK,2022-11-16,49.7,GFS
KJFK,2022-11-17,46.4,GFS
KJFK,2022-11-18,44.6,GFS
KJFK,2022-11-19,40.3,GFS
KJFK,2022-11-20,38.4,GFS
KJFK,2022-11-21,41.7,GFS
KJFK,2022-11-22,50.2,GFS
KJFK,2022-11-23,56.3,GFS
KJFK,2022-11-24,53.3,GFS
KJFK,2022-11-25,52.8,GFS
KJFK,2022-11-26,56.9,GFS
KJFK,2022-11-27,55.9,GFS
KJFK,2022-11-28,59.3,GFS
KJFK,2022-11-29,46.1,GFS
KJFK,2022-11-30,57.5,GFS
KJFK,2022-12-01,53.1,GFS
KJFK,2022-12-02,42.4,GFS
KJFK,2022-12-03,56.5,GFS
KJFK,2022-12-04,55.5,GFS
KJFK,2022-12-05,46.4,GFS
KJFK,2022-12-06,57.9,GFS
KJFK,2022-12-07,56.6,GFS
KJFK,2022-12-08,55.3,GFS
KJFK,2022-12-09,48.0,GFS
KJFK,2022-12-10,38.4,GFS
KJFK,2022-12-11,40.4,GFS
KJFK,2022-12-12,38.1,GFS
KJFK,2022-12-13,40.8,GFS
KJFK,2022-12-14,39.4,GFS
KJFK,2022-12-15,41.2,GFS
KJFK,2022-12-16,45.8,GFS
KJFK,2022-12-17,44.1,GFS
KJFK,2022-12-18,39.5,GFS
KJFK,2022-12-19,38.8,GFS
KJFK,2022-12-20,41.1,GFS
KJFK,2022-12-21,40.0,GFS
KJFK,2022-12-22,46.8,GFS
KJFK,2022-12-23,57.4,GFS
KJFK,2022-12-24,19.6,GFS
KJFK,2022-12-25,27.5,GFS
KJFK,2022-12-26,28.2,GFS
KJFK,2022-12-27,35.5,GFS
KJFK,2022-12-28,47.4,GFS
KJFK,2022-12-29,48.4,GFS
KJFK,2022-12-30,51.9,GFS
KJFK,2022-12-31,51.0,GFS
KJFK,2023-01-01,55.6,GFS
KJFK,2023-01-02,54.1,GFS
KJFK,2023-01-03,51.2,GFS
KJFK,2023-01-04,60.1,GFS
KJFK,2023-01-05,52.5,GFS
KJFK,2023-01-06,46.9,GFS
KJFK,2023-01-07,45.1,GFS
KJFK,2023-01-08,41.8,GFS
KJFK,2023-01-09,45.5,GFS
KJFK,2023-01-10,41.6,GFS
KJFK,2023-01-11,40.8,GFS
KJFK,2023-01-12,52.1,GFS
KJFK,2023-01-13,54.4,GFS
KJFK,2023-01-14,40.1,GFS
KJFK,2023-01-15,39.7,GFS
KJFK,2023-01-16,46.0,GFS
KJFK,2023-01-17,43.5,GFS
KJFK,2023-01-18,54.0,GFS
KJFK,2023-01-19,49.1,GFS
KJFK,2023-01-20,48.6,GFS
KJFK,2023-01-21,43.5,GFS
KJFK,2023-01-22,41.9,GFS
KJFK,2023-01-23,39.4,GFS
KJFK,2023-01-24,46.4,GFS
KJFK,2023-01-25,43.5,GFS
KJFK,2023-01-26,53.0,GFS
KJFK,2023-01-27,43.5,GFS
KJFK,2023-01-28,53.9,GFS
KJFK,2023-01-29,50.0,GFS
KJFK,2023-01-30,51.6,GFS
KJFK,2023-01-31,42.9,GFS
KJFK,2023-02-01,37.2,GFS
KJFK,2023-02-02,38.8,GFS
KJFK,2023-02-03,35.0,GFS
KJFK,2023-02-04,21.2,GFS
KJFK,2023-02-05,44.5,GFS
KJFK,2023-02-06,51.1,GFS
KJFK,2023-02-07,41.5,GFS
KJFK,2023-02-08,53.8,GFS
KJFK,2023-02-09,50.9,GFS
KJFK,2023-02-10,60.1,GFS
KJFK,2023-02-11,49.3,GFS
KJFK,2023-02-12,46.0,GFS
KJFK,2023-02-13,56.5,GFS
KJFK,2023-02-14,53.1,GFS
KJFK,2023-02-15,55.0,GFS
KJFK,2023-02-16,65.2,GFS
KJFK,2023-02-17,56.5,GFS
KJFK,2023-02-18,40.8,GFS
KJFK,2023-02-19,46.0,GFS
KJFK,2023-02-20,58.0,GFS
KJFK,2023-02-21,47.9,GFS
KJFK,2023-02-22,43.7,GFS
KJFK,2023-02-23,42.0,GFS
KJFK,2023-02-24,44.8,GFS
KJFK,2023-02-25,33.1,GFS
KJFK,2023-02-26,46.6,GFS
KJFK,2023-02-27,43.1,GFS
KJFK,2023-02-28,36.9,GFS
KJFK,2023-03-01,43.0,GFS
KJFK,2023-03-02,53.4,GFS
KJFK,2023-03-03,45.8,GFS
KJFK,2023-03-04,47.4,GFS
KJFK,2023-03-05,54.9,GFS
KJFK,2023-03-06,53.5,GFS
KJFK,2023-03-07,48.0,GFS
KJFK,2023-03-08,46.9,GFS
KJFK,2023-03-09,50.2,GFS
KJFK,2023-03-10,45.5,GFS
KJFK,2023-03-11,42.3,GFS
KJFK,2023-03-12,46.6,GFS
KJFK,2023-03-13,43.0,GFS
KJFK,2023-03-14,41.7,GFS
KJFK,2023-03-15,46.1,GFS
KJFK,2023-03-16,56.8,GFS
KJFK,2023-03-17,56.0,GFS
KJFK,2023-03-18,52.7,GFS
KJFK,2023-03-19,44.8,GFS
KJFK,2023-03-20,45.0,GFS
KJFK,2023-03-21,58.5,GFS
KJFK,2023-03-22,54.0,GFS
KJFK,2023-03-23,56.3,GFS
KJFK,2023-03-24,55.4,GFS
KJFK,2023-03-25,45.3,GFS
KJFK,2023-03-26,62.8,GFS
KJFK,2023-03-27,58.2,GFS
KJFK,2023-03-28,50.6,GFS
KJFK,2023-03-29,53.0,GFS
KJFK,2023-03-30,45.6,GFS
KJFK,2023-03-31,50.2,GFS
KJFK,2023-04-01,62.8,GFS
KJFK,2023-04-02,56.0,GFS
KJFK,2023-04-03,53.2,GFS
KJFK,2023-04-04,63.7,GFS
KJFK,2023-04-05,56.4,GFS
KJFK,2023-04-06,70.8,GFS
KJFK,2023-04-07,63.7,GFS
KJFK,2023-04-08,51.1,GFS
KJFK,2023-04-09,51.9,GFS
KJFK,2023-04-10,59.6,GFS
KJFK,2023-04-11,72.9,GFS
KJFK,2023-04-12,84.4,GFS
KJFK,2023-04-13,84.9,GFS
KJFK,2023-04-14,83.5,GFS
KJFK,2023-04-15,65.9,GFS
KJFK,2023-04-16,65.1,GFS
KJFK,2023-04-17,67.8,GFS
KJFK,2023-04-18,59.7,GFS
KJFK,2023-04-19,63.9,GFS
KJFK,2023-04-20,58.9,GFS
KJFK,2023-04-21,65.1,GFS
KJFK,2023-04-22,67.1,GFS
KJFK,2023-04-23,65.5,GFS
KJFK,2023-04-24,59.8,GFS
KJFK,2023-04-25,59.1,GFS
KJFK,2023-04-26,56.8,GFS
KJFK,2023-04-27,55.6,GFS
KJFK,2023-04-28,55.7,GFS
KJFK,2023-04-29,51.7,GFS
KJFK,2023-04-30,58.8,GFS
KJFK,2023-05-01,60.4,GFS
KJFK,2023-05-02,55.6,GFS
KJFK,2023-05-03,56.4,GFS
KJFK,2023-05-04,54.7,GFS
KJFK,2023-05-05,60.7,GFS
KJFK,2023-05-06,72.0,GFS
KJFK,2023-05-07,73.7,GFS
KJFK,2023-05-08,78.2,GFS
KJFK,2023-05-09,65.5,GFS
KJFK,2023-05-10,66.9,GFS
KJFK,2023-05-11,76.2,GFS
KJFK,2023-05-12,84.4,GFS
KJFK,2023-05-13,81.2,GFS
KJFK,2023-05-14,74.8,GFS
KJFK,2023-05-15,71.0,GFS
KJFK,2023-05-16,76.2,GFS
KJFK,2023-05-17,69.1,GFS
KJFK,2023-05-18,57.9,GFS
KJFK,2023-05-19,66.0,GFS
KJFK,2023-05-20,62.7,GFS
KJFK,2023-05-21,71.0,GFS
KJFK,2023-05-22,73.6,GFS
KJFK,2023-05-23,66.6,GFS
KJFK,2023-05-24,71.9,GFS
KJFK,2023-05-25,67.5,GFS
KJFK,2023-05-26,73.1,GFS
KJFK,2023-05-27,74.6,GFS
KJFK,2023-05-28,72.2,GFS
KJFK,2023-05-29,76.3,GFS
KJFK,2023-05-30,67.7,GFS
KJFK,2023-05-31,70.9,GFS
KJFK,2023-06-01,76.9,GFS
KJFK,2023-06-02,80.8,GFS
KJFK,2023-06-03,68.2,GFS
KJFK,2023-06-04,68.2,GFS
KJFK,2023-06-05,75.4,GFS
KJFK,2023-06-06,76.3,GFS
KJFK,2023-06-07,71.4,GFS
KJFK,2023-06-08,70.5,GFS
KJFK,2023-06-09,70.0,GFS
KJFK,2023-06-10,77.6,GFS
KJFK,2023-06-11,77.1,GFS
KJFK,2023-06-12,75.6,GFS
KJFK,2023-06-13,80.4,GFS
KJFK,2023-06-14,73.5,GFS
KJFK,2023-06-15,78.6,GFS
KJFK,2023-06-16,78.0,GFS
KJFK,2023-06-17,80.0,GFS
KJFK,2023-06-18,80.6,GFS
KJFK,2023-06-19,77.3,GFS
KJFK,2023-06-20,75.4,GFS
KJFK,2023-06-21,70.8,GFS
KJFK,2023-06-22,72.2,GFS
KJFK,2023-06-23,70.9,GFS
KJFK,2023-06-24,73.6,GFS
KJFK,2023-06-25,81.5,GFS
KJFK,2023-06-26,79.0,GFS
KJFK,2023-06-27,75.1,GFS
KJFK,2023-06-28,81.6,GFS
KJFK,2023-06-29,80.3,GFS
KJFK,2023-06-30,84.0,GFS
KJFK,2023-07-01,79.7,GFS
KJFK,2023-07-02,83.0,GFS
KJFK,2023-07-03,87.0,GFS
KJFK,2023-07-04,82.6,GFS
KJFK,2023-07-05,88.9,GFS
KJFK,2023-07-06,85.5,GFS
KJFK,2023-07-07,84.6,GFS
KJFK,2023-07-08,85.3,GFS
KJFK,2023-07-09,80.9,GFS
KJFK,2023-07-10,85.7,GFS
KJFK,2023-07-11,88.1,GFS
KJFK,2023-07-12,92.2,GFS
KJFK,2023-07-13,84.7,GFS
KJFK,2023-07-14,86.4,GFS
KJFK,2023-07-15,86.2,GFS
KJFK,2023-07-16,79.2,GFS
KJFK,2023-07-17,88.1,GFS
KJFK,2023-07-18,82.3,GFS
KJFK,2023-07-19,77.5,GFS
KJFK,2023-07-20,83.9,GFS
KJFK,2023-07-21,84.5,GFS
KJFK,2023-07-22,84.9,GFS
KJFK,2023-07-23,88.0,GFS
KJFK,2023-07-24,82.9,GFS
KJFK,2023-07-25,83.8,GFS
KJFK,2023-07-26,83.2,GFS
KJFK,2023-07-27,90.8,GFS
KJFK,2023-07-28,90.7,GFS
KJFK,2023-07-29,90.4,GFS
KJFK,2023-07-30,80.7,GFS
KJFK,2023-07-31,83.3,GFS
KJFK,2023-08-01,81.0,GFS
KJFK,2023-08-02,79.1,GFS
KJFK,2023-08-03,77.4,GFS
KJFK,2023-08-04,76.2,GFS
KJFK,2023-08-05,82.5,GFS
KJFK,2023-08-06,81.8,GFS
KJFK,2023-08-07,78.7,GFS
KJFK,2023-08-08,78.1,GFS
KJFK,2023-08-09,87.2,GFS
KJFK,2023-08-10,80.5,GFS
KJFK,2023-08-11,82.7,GFS
KJFK,2023-08-12,81.0,GFS
KJFK,2023-08-13,88.5,GFS
KJFK,2023-08-14,85.6,GFS
KJFK,2023-08-15,78.9,GFS
KJFK,2023-08-16,79.5,GFS
KJFK,2023-08-17,78.1,GFS
KJFK,2023-08-18,79.4,GFS
KJFK,2023-08-19,77.7,GFS
KJFK,2023-08-20,82.5,GFS
KJFK,2023-08-21,88.7,GFS
KJFK,2023-08-22,81.6,GFS
KJFK,2023-08-23,76.9,GFS
KJFK,2023-08-24,72.5,GFS
KJFK,2023-08-25,75.4,GFS
KJFK,2023-08-26,82.4,GFS
KJFK,2023-08-27,83.5,GFS
KJFK,2023-08-28,73.0,GFS
KJFK,2023-08-29,75.4,GFS
KJFK,2023-08-30,83.1,GFS
KJFK,2023-08-31,77.5,GFS
KJFK,2023-09-01,74.1,GFS
KJFK,2023-09-02,74.5,GFS
KJFK,2023-09-03,87.3,GFS
KJFK,2023-09-04,85.7,GFS
KJFK,2023-09-05,91.9,GFS
KJFK,2023-09-06,92.0,GFS
KJFK,2023-09-07,91.8,GFS
KJFK,2023-09-08,84.1,GFS
KJFK,2023-09-09,82.9,GFS
KJFK,2023-09-10,77.7,GFS
KJFK,2023-09-11,81.3,GFS
KJFK,2023-09-12,79.7,GFS
KJFK,2023-09-13,78.1,GFS
KJFK,2023-09-14,79.3,GFS
KJFK,2023-09-15,70.8,GFS
KJFK,2023-09-16,76.9,GFS
KJFK,2023-09-17,74.6,GFS
KJFK,2023-09-18,69.5,GFS
KJFK,2023-09-19,75.5,GFS
KJFK,2023-09-20,76.5,GFS
KJFK,2023-09-21,73.1,GFS
KJFK,2023-09-22,72.5,GFS
KJFK,2023-09-23,63.8,GFS
KJFK,2023-09-24,65.6,GFS
KJFK,2023-09-25,63.7,GFS
KJFK,2023-09-26,61.2,GFS
KJFK,2023-09-27,66.2,GFS
KJFK,2023-09-28,64.8,GFS
KJFK,2023-09-29,61.2,GFS
KJFK,2023-09-30,65.6,GFS
KJFK,2023-10-01,74.9,GFS
KJFK,2023-10-02,75.4,GFS
KJFK,2023-10-03,76.8,GFS
KJFK,2023-10-04,79.7,GFS
KJFK,2023-10-05,74.0,GFS
KJFK,2023-10-06,71.0,GFS
KJFK,2023-10-07,69.1,GFS
KJFK,2023-10-08,60.8,GFS
KJFK,2023-10-09,60.8,GFS
KJFK,2023-10-10,64.6,GFS
KJFK,2023-10-11,69.6,GFS
KJFK,2023-10-12,69.2,GFS
KJFK,2023-10-13,63.8,GFS
KJFK,2023-10-14,55.3,GFS
KJFK,2023-10-15,59.1,GFS
KJFK,2023-10-16,64.4,GFS
KJFK,2023-10-17,62.5,GFS
KJFK,2023-10-18,63.9,GFS
KJFK,2023-10-19,64.2,GFS
KJFK,2023-10-20,64.2,GFS
KJFK,2023-10-21,61.6,GFS
KJFK,2023-10-22,58.0,GFS
KJFK,2023-10-23,61.7,GFS
KJFK,2023-10-24,63.7,GFS
KJFK,2023-10-25,69.6,GFS
KJFK,2023-10-26,74.0,GFS
KJFK,2023-10-27,70.1,GFS
KJFK,2023-10-28,80.5,GFS
KJFK,2023-10-29,72.1,GFS
KJFK,2023-10-30,61.6,GFS
KJFK,2023-10-31,53.6,GFS
KJFK,2023-11-01,49.1,GFS
KJFK,2023-11-02,49.7,GFS
KJFK,2023-11-03,55.3,GFS
KJFK,2023-11-04,58.4,GFS
KJFK,2023-11-05,64.8,GFS
KJFK,2023-11-06,55.5,GFS
KJFK,2023-11-07,63.6,GFS
KJFK,2023-11-08,58.0,GFS
KJFK,2023-11-09,59.8,GFS
KJFK,2023-11-10,54.2,GFS
KJFK,2023-11-11,55.7,GFS
KJFK,2023-11-12,46.3,GFS
KJFK,2023-11-13,47.8,GFS
KJFK,2023-11-14,54.8,GFS
KJFK,2023-11-15,51.1,GFS
KJFK,2023-11-16,63.2,GFS
KJFK,2023-11-17,63.6,GFS
KJFK,2023-11-18,58.3,GFS
KJFK,2023-11-19,54.4,GFS
KJFK,2023-11-20,48.4,GFS
KJFK,2023-11-21,46.8,GFS
KJFK,2023-11-22,58.0,GFS
KJFK,2023-11-23,53.1,GFS
KJFK,2023-11-24,52.0,GFS
KJFK,2023-11-25,40.6,GFS
KJFK,2023-11-26,50.2,GFS
KJFK,2023-11-27,55.2,GFS
KJFK,2023-11-28,44.3,GFS
KJFK,2023-11-29,37.4,GFS
KJFK,2023-11-30,50.8,GFS
KJFK,2023-12-01,47.2,GFS
KJFK,2023-12-02,52.9,GFS
KJFK,2023-12-03,50.2,GFS
KJFK,2023-12-04,51.4,GFS
KJFK,2023-12-05,44.5,GFS
KJFK,2023-12-06,41.0,GFS
KJFK,2023-12-07,38.1,GFS
KJFK,2023-12-08,49.2,GFS
KJFK,2023-12-09,56.5,GFS
KJFK,2023-12-10,56.3,GFS
KJFK,2023-12-11,57.4,GFS
KJFK,2023-12-12,42.9,GFS
KJFK,2023-12-13,46.8,GFS
KJFK,2023-12-14,40.5,GFS
KJFK,2023-12-15,56.2,GFS
KJFK,2023-12-16,55.6,GFS
KJFK,2023-12-17,54.5,GFS
KJFK,2023-12-18,60.1,GFS
KJFK,2023-12-19,46.2,GFS
KJFK,2023-12-20,43.9,GFS
KJFK,2023-12-21,42.3,GFS
KJFK,2023-12-22,37.8,GFS
KJFK,2023-12-23,43.7,GFS
KJFK,2023-12-24,49.3,GFS
KJFK,2023-12-26,47.3,GFS
KJFK,2023-12-27,49.3,GFS
KJFK,2023-12-28,54.3,GFS
KJFK,2023-12-29,53.1,GFS
KJFK,2023-12-30,48.2,GFS
KJFK,2023-12-31,42.4,GFS
KJFK,2024-01-01,45.4,GFS
KJFK,2024-01-02,42.0,GFS
KJFK,2024-01-03,43.1,GFS
KJFK,2024-01-04,43.9,GFS
KJFK,2024-01-05,37.6,GFS
KJFK,2024-01-06,37.6,GFS
KJFK,2024-01-07,38.2,GFS
KJFK,2024-01-08,43.9,GFS
KJFK,2024-01-09,48.4,GFS
KJFK,2024-01-10,55.6,GFS
KJFK,2024-01-11,44.8,GFS
KJFK,2024-01-12,48.0,GFS
KJFK,2024-01-13,56.5,GFS
KJFK,2024-01-14,42.8,GFS
KJFK,2024-01-15,31.3,GFS
KJFK,2024-01-16,32.2,GFS
KJFK,2024-01-17,26.9,GFS
KJFK,2024-01-18,31.3,GFS
KJFK,2024-01-19,31.3,GFS
KJFK,2024-01-20,26.6,GFS
KJFK,2024-01-21,29.2,GFS
KJFK,2024-01-22,34.8,GFS
KJFK,2024-01-23,40.9,GFS
KJFK,2024-01-24,43.9,GFS
KJFK,2024-01-25,54.5,GFS
KJFK,2024-01-26,51.3,GFS
KJFK,2024-01-27,46.5,GFS
KJFK,2024-01-28,42.5,GFS
KJFK,2024-01-29,38.3,GFS
KJFK,2024-01-30,37.7,GFS
KJFK,2024-01-31,38.3,GFS
KJFK,2024-02-01,43.3,GFS
KJFK,2024-02-02,42.2,GFS
KJFK,2024-02-03,42.1,GFS
KJFK,2024-02-04,45.9,GFS
KJFK,2024-02-05,44.9,GFS
KJFK,2024-02-06,41.8,GFS
KJFK,2024-02-07,47.3,GFS
KJFK,2024-02-08,49.7,GFS
KJFK,2024-02-09,49.8,GFS
KJFK,2024-02-10,55.7,GFS
KJFK,2024-02-11,49.6,GFS
KJFK,2024-02-12,44.6,GFS
KJFK,2024-02-13,40.0,GFS
KJFK,2024-02-14,36.3,GFS
KJFK,2024-02-15,37.1,GFS
KJFK,2024-02-16,43.6,GFS
KJFK,2024-02-17,35.9,GFS
KJFK,2024-02-18,41.3,GFS
KJFK,2024-02-19,40.8,GFS
KJFK,2024-02-20,36.8,GFS
KJFK,2024-02-21,38.8,GFS
KJFK,2024-02-22,40.6,GFS
KJFK,2024-02-23,47.4,GFS
KJFK,2024-02-24,44.8,GFS
KJFK,2024-02-25,36.2,GFS
KJFK,2024-02-26,49.2,GFS
KJFK,2024-02-27,52.0,GFS
KJFK,2024-02-28,52.1,GFS
KJFK,2024-02-29,54.8,GFS
KJFK,2024-03-01,41.4,GFS
KJFK,2024-03-02,52.0,GFS
KJFK,2024-03-03,65.5,GFS
KJFK,2024-03-04,54.7,GFS
KJFK,2024-03-05,47.7,GFS
KJFK,2024-03-06,49.2,GFS
KJFK,2024-03-07,52.9,GFS
KJFK,2024-03-08,53.1,GFS
KJFK,2024-03-09,43.4,GFS
KJFK,2024-03-10,49.9,GFS
KJFK,2024-03-11,53.3,GFS
KJFK,2024-03-12,66.7,GFS
KJFK,2024-03-13,59.7,GFS
KJFK,2024-03-14,64.6,GFS
KJFK,2024-03-15,72.1,GFS
KJFK,2024-03-16,57.8,GFS
KJFK,2024-03-17,62.6,GFS
KJFK,2024-03-18,53.4,GFS
KJFK,2024-03-19,46.6,GFS
KJFK,2024-03-20,53.9,GFS
KJFK,2024-03-21,42.9,GFS
KJFK,2024-03-22,39.0,GFS
KJFK,2024-03-23,53.9,GFS
KJFK,2024-03-24,47.1,GFS
KJFK,2024-03-25,52.7,GFS
KJFK,2024-03-26,50.0,GFS
KJFK,2024-03-27,49.5,GFS
KJFK,2024-03-28,49.7,GFS
KJFK,2024-03-29,55.8,GFS
KJFK,2024-03-30,61.2,GFS
KJFK,2024-03-31,62.0,GFS
KJFK,2024-04-01,55.8,GFS
KJFK,2024-04-02,48.2,GFS
KJFK,2024-04-03,44.1,GFS
KJFK,2024-04-04,47.4,GFS
KJFK,2024-04-05,49.5,GFS
KJFK,2024-04-06,53.2,GFS
KJFK,2024-04-07,57.2,GFS
KJFK,2024-04-08,63.6,GFS
KJFK,2024-04-09,73.2,GFS
KJFK,2024-04-10,60.8,GFS
KJFK,2024-04-11,61.1,GFS
KJFK,2024-04-12,61.9,GFS
KJFK,2024-04-13,59.4,GFS
KJFK,2024-04-14,64.4,GFS
KJFK,2024-04-15,79.1,GFS
KJFK,2024-04-16,72.7,GFS
KJFK,2024-04-17,58.0,GFS
KJFK,2024-04-18,49.5,GFS
KJFK,2024-04-19,52.6,GFS
KJFK,2024-04-20,61.1,GFS
KJFK,2024-04-21,56.1,GFS
KJFK,2024-04-22,61.7,GFS
KJFK,2024-04-23,58.6,GFS
KJFK,2024-04-24,67.3,GFS
KJFK,2024-04-25,59.4,GFS
KJFK,2024-04-26,54.3,GFS
KJFK,2024-04-27,54.7,GFS
KJFK,2024-04-28,68.5,GFS
KJFK,2024-04-29,81.8,GFS
KJFK,2024-04-30,67.8,GFS
KJFK,2024-05-01,69.6,GFS
KJFK,2024-05-02,67.3,GFS
KJFK,2024-05-03,62.0,GFS
KJFK,2024-05-04,59.0,GFS
KJFK,2024-05-05,51.3,GFS
KJFK,2024-05-06,70.3,GFS
KJFK,2024-05-07,75.8,GFS
KJFK,2024-05-08,76.2,GFS
KJFK,2024-05-09,73.1,GFS
KJFK,2024-05-10,61.1,GFS
KJFK,2024-05-11,58.7,GFS
KJFK,2024-05-12,54.2,GFS
KJFK,2024-05-13,64.4,GFS
KJFK,2024-05-14,67.7,GFS
KJFK,2024-05-15,63.8,GFS
KJFK,2024-05-16,65.5,GFS
KJFK,2024-05-17,72.0,GFS
KJFK,2024-05-18,71.7,GFS
KJFK,2024-05-19,72.2,GFS
KJFK,2024-05-20,67.9,GFS
KJFK,2024-05-21,72.4,GFS
KJFK,2024-05-22,80.8,GFS
KJFK,2024-05-23,77.1,GFS
KJFK,2024-05-24,86.4,GFS
KJFK,2024-05-25,77.2,GFS
KJFK,2024-05-26,77.1,GFS
KJFK,2024-05-27,73.4,GFS
KJFK,2024-05-28,82.5,GFS
KJFK,2024-05-29,78.1,GFS
KJFK,2024-05-30,72.9,GFS
KJFK,2024-05-31,77.7,GFS
KJFK,2024-06-01,84.4,GFS
KJFK,2024-06-02,79.8,GFS
KJFK,2024-06-03,84.2,GFS
KJFK,2024-06-04,77.3,GFS
KJFK,2024-06-05,75.5,GFS
KJFK,2024-06-06,80.8,GFS
KJFK,2024-06-07,84.5,GFS
KJFK,2024-06-08,79.9,GFS
KJFK,2024-06-09,76.9,GFS
KJFK,2024-06-10,75.0,GFS
KJFK,2024-06-11,71.5,GFS
KJFK,2024-06-12,76.2,GFS
KJFK,2024-06-13,78.0,GFS
KJFK,2024-06-14,80.6,GFS
KJFK,2024-06-15,81.7,GFS
KJFK,2024-06-16,79.2,GFS
KJFK,2024-06-17,79.2,GFS
KJFK,2024-06-18,81.3,GFS
KJFK,2024-06-19,81.7,GFS
KJFK,2024-06-20,85.9,GFS
KJFK,2024-06-21,89.9,GFS
KJFK,2024-06-22,88.3,GFS
KJFK,2024-06-23,82.8,GFS
KJFK,2024-06-24,82.8,GFS
KJFK,2024-06-25,90.3,GFS
KJFK,2024-06-26,85.3,GFS
KJFK,2024-06-27,85.9,GFS
KJFK,2024-06-28,76.9,GFS
KJFK,2024-06-29,77.0,GFS
KJFK,2024-06-30,81.0,GFS
KJFK,2024-07-01,80.0,GFS
KJFK,2024-07-02,81.7,GFS
KJFK,2024-07-03,79.0,GFS
KJFK,2024-07-04,81.3,GFS
KJFK,2024-07-05,84.1,GFS
KJFK,2024-07-06,83.4,GFS
KJFK,2024-07-07,86.8,GFS
KJFK,2024-07-08,89.4,GFS
KJFK,2024-07-09,82.3,GFS
KJFK,2024-07-10,82.4,GFS
KJFK,2024-07-11,86.2,GFS
KJFK,2024-07-12,79.4,GFS
KJFK,2024-07-13,80.9,GFS
KJFK,2024-07-14,90.2,GFS
KJFK,2024-07-15,86.2,GFS
KJFK,2024-07-16,90.7,GFS
KJFK,2024-07-17,86.3,GFS
KJFK,2024-07-18,86.7,GFS
KJFK,2024-07-19,83.5,GFS
KJFK,2024-07-20,81.5,GFS
KJFK,2024-07-21,84.7,GFS
KJFK,2024-07-22,80.8,GFS
KJFK,2024-07-23,82.5,GFS
KJFK,2024-07-24,81.8,GFS
KJFK,2024-07-25,84.6,GFS
KJFK,2024-07-26,83.7,GFS
KJFK,2024-07-27,84.5,GFS
KJFK,2024-07-28,90.0,GFS
KJFK,2024-07-29,81.8,GFS
KJFK,2024-07-30,83.5,GFS
KJFK,2024-07-31,85.6,GFS
KJFK,2024-08-01,93.0,GFS
KJFK,2024-08-02,88.3,GFS
KJFK,2024-08-03,87.3,GFS
KJFK,2024-08-04,79.4,GFS
KJFK,2024-08-05,88.3,GFS
KJFK,2024-08-06,84.4,GFS
KJFK,2024-08-07,72.8,GFS
KJFK,2024-08-08,70.4,GFS
KJFK,2024-08-09,81.9,GFS
KJFK,2024-08-10,87.2,GFS
KJFK,2024-08-11,83.5,GFS
KJFK,2024-08-12,80.9,GFS
KJFK,2024-08-13,81.5,GFS
KJFK,2024-08-14,86.4,GFS
KJFK,2024-08-15,86.2,GFS
KJFK,2024-08-16,83.9,GFS
KJFK,2024-08-17,79.0,GFS
KJFK,2024-08-18,78.6,GFS
KJFK,2024-08-19,81.0,GFS
KJFK,2024-08-20,74.5,GFS
KJFK,2024-08-21,73.3,GFS
KJFK,2024-08-22,75.7,GFS
KJFK,2024-08-23,80.8,GFS
KJFK,2024-08-24,83.3,GFS
KJFK,2024-08-25,82.6,GFS
KJFK,2024-08-26,80.1,GFS
KJFK,2024-08-27,81.0,GFS
KJFK,2024-08-28,92.1,GFS
KJFK,2024-08-29,81.2,GFS
KJFK,2024-08-30,74.2,GFS
KJFK,2024-08-31,77.6,GFS
KJFK,2024-09-01,79.9,GFS
KJFK,2024-09-02,79.9,GFS
KJFK,2024-09-03,75.6,GFS
KJFK,2024-09-04,76.1,GFS
KJFK,2024-09-05,76.8,GFS
KJFK,2024-09-06,76.5,GFS
KJFK,2024-09-07,71.8,GFS
KJFK,2024-09-08,70.4,GFS
KJFK,2024-09-09,75.6,GFS
KJFK,2024-09-10,78.8,GFS
KJFK,2024-09-11,76.5,GFS
KJFK,2024-09-12,76.7,GFS
KJFK,2024-09-13,76.9,GFS
KJFK,2024-09-14,81.3,GFS
KJFK,2024-09-15,79.6,GFS
KJFK,2024-09-16,77.0,GFS
KJFK,2024-09-17,78.8,GFS
KJFK,2024-09-18,76.7,GFS
KJFK,2024-09-19,84.4,GFS
KJFK,2024-09-20,79.2,GFS
KJFK,2024-09-21,76.8,GFS
KJFK,2024-09-22,74.5,GFS
KJFK,2024-09-23,68.2,GFS
KJFK,2024-09-24,67.2,GFS
KJFK,2024-09-25,67.1,GFS
KJFK,2024-09-26,72.5,GFS
KJFK,2024-09-27,71.7,GFS
KJFK,2024-09-28,67.0,GFS
KJFK,2024-09-29,63.3,GFS
KJFK,2024-09-30,72.7,GFS
KJFK,2024-10-01,68.9,GFS
KJFK,2024-10-02,66.2,GFS
KJFK,2024-10-03,70.1,GFS
KJFK,2024-10-04,72.1,GFS
KJFK,2024-10-05,75.2,GFS
KJFK,2024-10-06,68.4,GFS
KJFK,2024-10-07,75.3,GFS
KJFK,2024-10-08,67.4,GFS
KJFK,2024-10-09,67.7,GFS
KJFK,2024-10-10,62.8,GFS
KJFK,2024-10-11,70.0,GFS
KJFK,2024-10-12,75.3,GFS
KJFK,2024-10-13,71.3,GFS
KJFK,2024-10-14,67.8,GFS
KJFK,2024-10-15,58.0,GFS
KJFK,2024-10-16,59.3,GFS
KJFK,2024-10-17,59.3,GFS
KJFK,2024-10-18,66.4,GFS
KJFK,2024-10-19,66.2,GFS
KJFK,2024-10-20,71.2,GFS
KJFK,2024-10-21,75.9,GFS
KJFK,2024-10-22,79.0,GFS
KJFK,2024-10-23,71.0,GFS
KJFK,2024-10-24,69.1,GFS
KJFK,2024-10-25,61.2,GFS
KJFK,2024-10-26,66.1,GFS
KJFK,2024-10-27,57.8,GFS
KJFK,2024-10-28,59.8,GFS
KJFK,2024-10-29,63.7,GFS
KJFK,2024-10-30,70.4,GFS
KJFK,2024-10-31,76.9,GFS
KJFK,2024-11-01,80.7,GFS
KJFK,2024-11-02,70.6,GFS
KJFK,2024-11-03,54.7,GFS
KJFK,2024-11-04,57.3,GFS
KJFK,2024-11-05,68.2,GFS
KJFK,2024-11-06,74.8,GFS
KJFK,2024-11-07,75.6,GFS
KJFK,2024-11-08,69.2,GFS
KJFK,2024-11-09,61.8,GFS
KJFK,2024-11-10,58.2,GFS
KJFK,2024-11-11,68.5,GFS
KJFK,2024-11-12,60.3,GFS
KJFK,2024-11-13,49.6,GFS
KJFK,2024-11-14,49.0,GFS
KJFK,2024-11-15,58.3,GFS
KJFK,2024-11-16,63.7,GFS
KJFK,2024-11-17,63.2,GFS
KJFK,2024-11-18,66.8,GFS
KJFK,2024-11-19,59.4,GFS
KJFK,2024-11-20,59.2,GFS
KJFK,2024-11-21,56.2,GFS
KJFK,2024-11-22,45.7,GFS
KJFK,2024-11-23,47.9,GFS
KJFK,2024-11-24,54.0,GFS
KJFK,2024-11-25,53.5,GFS
KJFK,2024-11-26,57.1,GFS
KJFK,2024-11-27,52.0,GFS
KJFK,2024-11-28,53.8,GFS
KJFK,2024-11-29,46.7,GFS
KJFK,2024-11-30,39.4,GFS
KJFK,2024-12-01,37.7,GFS
KJFK,2024-12-02,39.4,GFS
KJFK,2024-12-03,41.4,GFS
KJFK,2024-12-04,39.6,GFS
KJFK,2024-12-05,41.4,GFS
KJFK,2024-12-06,35.0,GFS
KJFK,2024-12-07,41.2,GFS
KJFK,2024-12-08,55.6,GFS
KJFK,2024-12-09,52.6,GFS
KJFK,2024-12-10,49.2,GFS
KJFK,2024-12-11,59.2,GFS
KJFK,2024-12-12,55.9,GFS
KJFK,2024-12-13,33.9,GFS
KJFK,2024-12-14,34.4,GFS
KJFK,2024-12-15,41.2,GFS
KJFK,2024-12-16,51.4,GFS
KJFK,2024-12-17,56.9,GFS
KJFK,2024-12-18,52.2,GFS
KJFK,2024-12-19,48.4,GFS
KJFK,2024-12-20,37.5,GFS
KJFK,2024-12-21,34.7,GFS
KJFK,2024-12-22,23.7,GFS
KJFK,2024-12-23,26.3,GFS
KJFK,2024-12-24,37.9,GFS
KJFK,2024-12-25,35.1,GFS
KJFK,2024-12-26,37.5,GFS
KJFK,2024-12-27,41.6,GFS
KJFK,2024-12-28,48.0,GFS
KJFK,2024-12-29,55.3,GFS
KJFK,2024-12-30,56.2,GFS
KJFK,2024-12-31,52.0,GFS
KJFK,2025-01-01,50.9,GFS
KJFK,2025-01-02,43.3,GFS
KJFK,2025-01-03,38.5,GFS
KJFK,2025-01-04,34.3,GFS
KJFK,2025-01-05,34.3,GFS
KJFK,2025-01-06,31.2,GFS
KJFK,2025-01-07,33.7,GFS
KJFK,2025-01-08,31.1,GFS
KJFK,2025-01-09,34.0,GFS
KJFK,2025-01-10,41.4,GFS
KJFK,2025-01-11,35.1,GFS
KJFK,2025-01-12,43.1,GFS
KJFK,2025-01-13,40.7,GFS
KJFK,2025-01-14,36.6,GFS
KJFK,2025-01-15,32.7,GFS
KJFK,2025-01-16,29.7,GFS
KJFK,2025-01-17,41.2,GFS
KJFK,2025-01-18,45.0,GFS
KJFK,2025-01-19,42.3,GFS
KJFK,2025-01-20,31.8,GFS
KJFK,2025-01-21,20.5,GFS
KJFK,2025-01-22,21.4,GFS
KJFK,2025-01-23,30.3,GFS
KJFK,2025-01-24,34.6,GFS
KJFK,2025-01-25,31.3,GFS
KJFK,2025-01-26,42.8,GFS
KJFK,2025-01-27,41.1,GFS
KJFK,2025-01-28,43.8,GFS
KJFK,2025-01-29,52.7,GFS
KJFK,2025-01-30,44.8,GFS
KJFK,2025-01-31,44.0,GFS
KJFK,2025-02-01,47.3,GFS
KJFK,2025-02-02,31.7,GFS
KJFK,2025-02-03,44.0,GFS
KJFK,2025-02-04,47.2,GFS
KJFK,2025-02-05,36.0,GFS
KJFK,2025-02-06,39.6,GFS
KJFK,2025-02-07,43.5,GFS
KJFK,2025-02-08,34.3,GFS
KJFK,2025-02-09,34.8,GFS
KJFK,2025-02-10,37.9,GFS
KJFK,2025-02-11,34.6,GFS
KJFK,2025-02-12,36.9,GFS
KJFK,2025-02-13,44.8,GFS
KJFK,2025-02-14,43.1,GFS
KJFK,2025-02-15,37.1,GFS
KJFK,2025-02-16,49.9,GFS
KJFK,2025-02-17,45.8,GFS
KJFK,2025-02-18,31.4,GFS
KJFK,2025-02-19,30.9,GFS
KJFK,2025-02-20,30.3,GFS
KJFK,2025-02-21,35.9,GFS
KJFK,2025-02-22,38.5,GFS
KJFK,2025-02-23,47.2,GFS
KJFK,2025-02-24,46.6,GFS
KJFK,2025-02-25,52.4,GFS
KJFK,2025-02-26,57.4,GFS
KJFK,2025-02-27,51.1,GFS
KJFK,2025-02-28,52.7,GFS
KJFK,2025-03-01,63.2,GFS
KJFK,2025-03-02,41.1,GFS
KJFK,2025-03-03,36.3,GFS
KJFK,2025-03-04,47.4,GFS
KJFK,2025-03-05,52.1,GFS
KJFK,2025-03-06,54.0,GFS
KJFK,2025-03-07,51.1,GFS
KJFK,2025-03-08,46.6,GFS
KJFK,2025-03-09,54.2,GFS
KJFK,2025-03-10,62.9,GFS
KJFK,2025-03-11,61.9,GFS
KJFK,2025-03-12,53.9,GFS
KJFK,2025-03-13,49.3,GFS
KJFK,2025-03-14,52.9,GFS
KJFK,2025-03-15,45.7,GFS
KJFK,2025-03-16,55.4,GFS
KJFK,2025-03-17,56.6,GFS
KJFK,2025-03-18,59.9,GFS
KJFK,2025-03-19,60.5,GFS
KJFK,2025-03-20,48.2,GFS
KJFK,2025-03-21,52.0,GFS
KJFK,2025-03-22,57.5,GFS
KJFK,2025-03-23,52.8,GFS
KJFK,2025-03-24,49.0,GFS
KJFK,2025-03-25,58.4,GFS
KJFK,2025-03-26,51.6,GFS
KJFK,2025-03-27,52.7,GFS
KJFK,2025-03-28,62.1,GFS
KJFK,2025-03-29,81.5,GFS
KJFK,2025-03-30,48.3,GFS
KJFK,2025-03-31,60.0,GFS
KJFK,2025-04-01,56.7,GFS
KJFK,2025-04-02,47.8,GFS
KJFK,2025-04-03,61.8,GFS
KJFK,2025-04-04,70.1,GFS
KJFK,2025-04-05,61.6,GFS
KJFK,2025-04-06,55.6,GFS
KJFK,2025-04-07,52.4,GFS
KJFK,2025-04-08,46.0,GFS
KJFK,2025-04-09,46.9,GFS
KJFK,2025-04-10,47.0,GFS
KJFK,2025-04-11,48.4,GFS
KJFK,2025-04-12,42.9,GFS
KJFK,2025-04-13,55.2,GFS
KJFK,2025-04-14,63.1,GFS
KJFK,2025-04-15,68.2,GFS
KJFK,2025-04-16,54.6,GFS
KJFK,2025-04-17,63.6,GFS
KJFK,2025-04-18,61.9,GFS
KJFK,2025-04-19,80.3,GFS
KJFK,2025-04-20,71.3,GFS
KJFK,2025-04-21,62.0,GFS
KJFK,2025-04-22,72.1,GFS
KJFK,2025-04-23,69.6,GFS
KJFK,2025-04-24,70.8,GFS
KJFK,2025-04-25,70.0,GFS
KJFK,2025-04-26,65.0,GFS
KJFK,2025-04-27,62.5,GFS
KJFK,2025-04-28,75.2,GFS
KJFK,2025-04-29,65.9,GFS
KJFK,2025-04-30,76.3,GFS
KJFK,2025-05-01,68.1,GFS
KJFK,2025-05-02,75.4,GFS
KJFK,2025-05-03,69.1,GFS
KJFK,2025-05-04,64.3,GFS
KJFK,2025-05-05,61.4,GFS
KJFK,2025-05-06,63.7,GFS
KJFK,2025-05-07,72.7,GFS
KJFK,2025-05-08,76.6,GFS
KJFK,2025-05-09,63.6,GFS
KJFK,2025-05-10,75.4,GFS
KJFK,2025-05-11,81.3,GFS
KJFK,2025-05-12,69.5,GFS
KJFK,2025-05-13,69.3,GFS
KJFK,2025-05-14,62.5,GFS
KJFK,2025-05-15,69.6,GFS
KJFK,2025-05-16,69.8,GFS
KJFK,2025-05-17,75.4,GFS
KJFK,2025-05-18,74.5,GFS
KJFK,2025-05-19,71.8,GFS
KJFK,2025-05-20,66.7,GFS
KJFK,2025-05-21,61.9,GFS
KJFK,2025-05-22,52.4,GFS
KJFK,2025-05-23,62.1,GFS
KJFK,2025-05-24,66.8,GFS
KJFK,2025-05-25,68.3,GFS
KJFK,2025-05-26,72.6,GFS
KJFK,2025-05-27,71.1,GFS
KJFK,2025-05-28,66.4,GFS
KJFK,2025-05-29,66.6,GFS
KJFK,2025-05-30,70.2,GFS
KJFK,2025-05-31,69.5,GFS
KJFK,2025-06-01,68.4,GFS
KJFK,2025-06-02,70.4,GFS
KJFK,2025-06-03,76.6,GFS
KJFK,2025-06-04,76.1,GFS
KJFK,2025-06-05,80.8,GFS
KJFK,2025-06-06,80.8,GFS
KJFK,2025-06-07,72.7,GFS
KJFK,2025-06-08,75.0,GFS
KJFK,2025-06-09,65.7,GFS
KJFK,2025-06-10,72.7,GFS
KJFK,2025-06-11,83.0,GFS
KJFK,2025-06-12,89.8,GFS
KJFK,2025-06-13,83.7,GFS
KJFK,2025-06-14,67.9,GFS
KJFK,2025-06-15,62.8,GFS
KJFK,2025-06-16,67.5,GFS
KJFK,2025-06-17,66.4,GFS
KJFK,2025-06-18,77.0,GFS
KJFK,2025-06-19,83.3,GFS
KJFK,2025-06-20,83.2,GFS
KJFK,2025-06-21,86.2,GFS
KJFK,2025-06-22,89.2,GFS
KJFK,2025-06-23,90.1,GFS
KJFK,2025-06-24,100.9,GFS
KJFK,2025-06-25,98.0,GFS
KJFK,2025-06-26,84.4,GFS
KJFK,2025-06-27,70.9,GFS
KJFK,2025-06-28,80.8,GFS
KJFK,2025-06-29,91.2,GFS
KJFK,2025-06-30,86.6,GFS
KJFK,2025-07-01,88.0,GFS
KJFK,2025-07-02,78.7,GFS
KJFK,2025-07-03,87.6,GFS
KJFK,2025-07-04,85.0,GFS
KJFK,2025-07-05,83.2,GFS
KJFK,2025-07-06,84.2,GFS
KJFK,2025-07-07,84.8,GFS
KJFK,2025-07-08,92.1,GFS
KJFK,2025-07-09,86.9,GFS
KJFK,2025-07-10,80.2,GFS
KJFK,2025-07-11,78.2,GFS
KJFK,2025-07-12,79.2,GFS
KJFK,2025-07-13,79.5,GFS
KJFK,2025-07-14,84.4,GFS
KJFK,2025-07-15,82.5,GFS
KJFK,2025-07-16,85.3,GFS
KJFK,2025-07-17,92.9,GFS
KJFK,2025-07-18,88.7,GFS
KJFK,2025-07-19,81.1,GFS
KJFK,2025-07-20,83.9,GFS
KJFK,2025-07-21,85.7,GFS
KJFK,2025-07-22,78.8,GFS
KJFK,2025-07-23,79.9,GFS
KJFK,2025-07-24,82.6,GFS
KJFK,2025-07-25,92.4,GFS
KJFK,2025-07-26,82.6,GFS
KJFK,2025-07-27,81.7,GFS
KJFK,2025-07-28,93.3,GFS
KJFK,2025-07-29,93.7,GFS
KJFK,2025-07-30,94.2,GFS
KJFK,2025-07-31,89.3,GFS
KJFK,2025-08-01,74.8,GFS
KJFK,2025-08-02,79.9,GFS
KJFK,2025-08-03,83.2,GFS
KJFK,2025-08-04,85.1,GFS
KJFK,2025-08-05,83.6,GFS
KJFK,2025-08-06,78.7,GFS
KJFK,2025-08-07,80.0,GFS
KJFK,2025-08-08,79.9,GFS
KJFK,2025-08-09,78.7,GFS
KJFK,2025-08-10,86.0,GFS
KJFK,2025-08-11,84.2,GFS
KJFK,2025-08-12,84.3,GFS
KJFK,2025-08-13,83.6,GFS
KJFK,2025-08-14,87.3,GFS
KJFK,2025-08-15,86.9,GFS
KJFK,2025-08-16,80.3,GFS
KJFK,2025-08-17,85.9,GFS
KJFK,2025-08-18,77.3,GFS
KJFK,2025-08-19,75.0,GFS
KJFK,2025-08-20,69.6,GFS
KJFK,2025-08-21,73.1,GFS
KJFK,2025-08-22,83.2,GFS
KJFK,2025-08-23,79.2,GFS
KJFK,2025-08-24,78.2,GFS
KJFK,2025-08-25,87.9,GFS
KJFK,2025-08-26,78.4,GFS
KJFK,2025-08-27,76.0,GFS
KJFK,2025-08-28,76.3,GFS
KJFK,2025-08-29,78.0,GFS
KJFK,2025-08-30,76.7,GFS
KJFK,2025-08-31,77.3,GFS
KJFK,2025-09-01,79.1,GFS
KJFK,2025-09-02,75.4,GFS
KJFK,2025-09-03,75.0,GFS
KJFK,2025-09-04,75.8,GFS
KJFK,2025-09-05,80.1,GFS
KJFK,2025-09-06,81.1,GFS
KJFK,2025-09-07,71.4,GFS
KJFK,2025-09-08,74.5,GFS
KJFK,2025-09-09,74.1,GFS
KJFK,2025-09-10,71.9,GFS
KJFK,2025-09-11,79.9,GFS
KJFK,2025-09-12,79.6,GFS
KJFK,2025-09-13,75.8,GFS
KJFK,2025-09-14,79.0,GFS
KJFK,2025-09-15,79.7,GFS
KJFK,2025-09-16,75.5,GFS
KJFK,2025-09-17,71.7,GFS
KJFK,2025-09-18,79.9,GFS
KJFK,2025-09-19,85.3,GFS
KJFK,2025-09-20,77.3,GFS
KJFK,2025-09-21,69.5,GFS
KJFK,2025-09-22,70.6,GFS
KJFK,2025-09-23,79.5,GFS
KJFK,2025-09-24,78.2,GFS
KJFK,2025-09-25,74.1,GFS
KJFK,2025-09-26,82.6,GFS
KJFK,2025-09-27,77.2,GFS
KJFK,2025-09-28,79.0,GFS
KJFK,2025-09-29,78.2,GFS
KJFK,2025-09-30,81.3,GFS
KJFK,2025-10-01,70.6,GFS
KJFK,2025-10-02,66.9,GFS
KJFK,2025-10-03,69.5,GFS
KJFK,2025-10-04,79.0,GFS
KJFK,2025-10-05,79.3,GFS
KJFK,2025-10-06,75.1,GFS
KJFK,2025-10-07,76.3,GFS
KJFK,2025-10-08,71.0,GFS
KJFK,2025-10-09,65.5,GFS
KJFK,2025-10-10,61.9,GFS
KJFK,2025-10-11,67.8,GFS
KJFK,2025-10-12,62.8,GFS
KJFK,2025-10-13,59.4,GFS
KJFK,2025-10-14,60.4,GFS
KJFK,2025-10-15,67.6,GFS
KJFK,2025-10-16,61.0,GFS
KJFK,2025-10-17,64.5,GFS
KJFK,2025-10-18,64.2,GFS
KJFK,2025-10-19,69.8,GFS
KJFK,2025-10-20,67.5,GFS
KJFK,2025-10-21,65.6,GFS
KJFK,2025-10-22,64.1,GFS
KJFK,2025-10-23,60.8,GFS
KJFK,2025-10-24,60.4,GFS
KJFK,2025-10-25,60.2,GFS
KJFK,2025-10-26,58.8,GFS
KJFK,2025-10-27,56.5,GFS
KJFK,2025-10-28,53.4,GFS
KJFK,2025-10-29,54.2,GFS
KJFK,2025-10-30,61.9,GFS
KJFK,2025-10-31,62.2,GFS
KJFK,2025-11-01,59.4,GFS
KJFK,2025-11-02,58.6,GFS
KJFK,2025-11-03,59.2,GFS
KJFK,2025-11-04,60.5,GFS
KJFK,2025-11-05,61.8,GFS
KJFK,2025-11-06,60.9,GFS
KJFK,2025-11-07,59.0,GFS
KJFK,2025-11-08,67.4,GFS
KJFK,2025-11-09,61.4,GFS
KJFK,2025-11-10,59.5,GFS
KJFK,2025-11-11,40.3,GFS
KJFK,2025-11-12,49.1,GFS
KJFK,2025-11-13,50.7,GFS
KJFK,2025-11-14,51.3,GFS
KJFK,2025-11-15,48.9,GFS
KJFK,2025-11-16,56.9,GFS
KJFK,2025-11-17,45.2,GFS
KJFK,2025-11-18,46.8,GFS
KJFK,2025-11-19,45.8,GFS
KJFK,2025-11-20,46.6,GFS
KJFK,2025-11-21,50.9,GFS
KJFK,2025-11-22,50.9,GFS
KJFK,2025-11-23,47.5,GFS
KJFK,2025-11-24,52.9,GFS
KJFK,2025-11-25,53.8,GFS
KJFK,2025-11-26,58.2,GFS
KJFK,2025-11-27,55.8,GFS
KJFK,2025-11-28,43.0,GFS
KJFK,2025-11-29,43.5,GFS
KJFK,2025-11-30,47.6,GFS
KJFK,2025-12-01,43.8,GFS
KJFK,2025-12-02,44.0,GFS
KJFK,2025-12-03,40.5,GFS
KJFK,2025-12-04,41.9,GFS
KJFK,2025-12-05,33.2,GFS
KJFK,2025-12-06,41.1,GFS
KJFK,2025-12-07,42.4,GFS
KJFK,2025-12-08,38.6,GFS
KJFK,2025-12-09,32.2,GFS
KJFK,2025-12-10,46.6,GFS
KJFK,2025-12-11,41.3,GFS
KJFK,2025-12-12,35.3,GFS
KJFK,2025-12-13,42.2,GFS
KJFK,2025-12-14,36.0,GFS
KJFK,2025-12-15,27.8,GFS
KJFK,2025-12-16,31.3,GFS
KJFK,2025-12-17,42.9,GFS
KJFK,2025-12-18,49.8,GFS
KJFK,2025-12-19,55.3,GFS
KJFK,2025-12-20,36.8,GFS
KJFK,2025-12-21,47.2,GFS
KJFK,2025-12-22,37.9,GFS
KJFK,2025-12-23,40.7,GFS
KJFK,2025-12-24,45.8,GFS
KJFK,2025-12-25,48.2,GFS
KJFK,2025-12-26,37.0,GFS
KJFK,2025-12-27,30.4,GFS
KJFK,2025-12-28,32.5,GFS
KJFK,2025-12-29,46.6,GFS
KJFK,2025-12-30,37.9,GFS
KJFK,2025-12-31,32.0,GFS
KJFK,2026-01-01,34.7,GFS
KJFK,2026-01-02,29.6,GFS
KJFK,2026-01-03,29.5,GFS
KJFK,2026-01-04,34.9,GFS
KJFK,2026-01-05,35.5,GFS
KJFK,2026-01-06,43.1,GFS
KJFK,2026-01-07,49.8,GFS
KJFK,2026-01-08,52.2,GFS
KJFK,2026-01-09,47.8,GFS
KJFK,2026-01-10,51.7,GFS
KJFK,2026-01-11,46.8,GFS
KJFK,2026-01-12,40.4,GFS
KJFK,2026-01-13,45.4,GFS
KJFK,2026-01-14,47.9,GFS
KJFK,2026-01-15,43.6,GFS
KJFK,2026-01-16,33.3,GFS
KJFK,2026-01-17,40.6,GFS
KJFK,2026-01-18,34.3,GFS
KJFK,2026-01-19,32.6,GFS
KJFK,2026-01-20,31.7,GFS
KJFK,2026-01-21,36.6,GFS
KJFK,2026-01-22,48.7,GFS
KJFK,2026-01-23,42.4,GFS
KJFK,2026-01-24,33.0,GFS
KJFK,2026-01-25,20.7,GFS
KJFK,2026-01-26,26.2,GFS
KJFK,2026-01-27,22.6,GFS
KJFK,2026-01-28,23.7,GFS
KJFK,2026-01-29,23.2,GFS
KJFK,2026-01-30,18.8,GFS
KJFK,2026-01-31,24.1,GFS
KJFK,2026-02-01,22.4,GFS
KJFK,2026-02-02,33.9,GFS
KJFK,2026-02-03,33.1,GFS
KJFK,2026-02-04,32.7,GFS
KJFK,2026-02-05,31.9,GFS
KJFK,2026-02-06,32.2,GFS
KJFK,2026-02-07,29.3,GFS
KJFK,2026-02-08,18.3,GFS
KJFK,2026-02-09,29.5,GFS
KJFK,2026-02-10,34.1,GFS
KJFK,2026-02-11,42.9,GFS
KJFK,2026-02-12,37.8,GFS
KJFK,2026-02-13,38.3,GFS
KJFK,2026-02-14,46.5,GFS
KJFK,2026-02-15,42.6,GFS
KJFK,2026-02-16,39.1,GFS
KJFK,2026-02-17,42.1,GFS
KJFK,2026-02-18,41.2,GFS
KJFK,2026-02-19,41.1,GFS
KJFK,2026-02-20,39.5,GFS
KJFK,2026-02-21,46.4,GFS
KJFK,2026-02-22,42.9,GFS
KJFK,2026-02-23,33.2,GFS
KJFK,2026-02-24,34.0,GFS
KJFK,2026-02-25,39.9,GFS
KJFK,2024-02-03,39.8,ECMWF
KJFK,2024-02-04,44.6,ECMWF
KJFK,2024-02-05,43.4,ECMWF
KJFK,2024-02-06,40.9,ECMWF
KJFK,2024-02-07,46.1,ECMWF
KJFK,2024-02-08,49.3,ECMWF
KJFK,2024-02-09,50.1,ECMWF
KJFK,2024-02-10,58.0,ECMWF
KJFK,2024-02-11,52.2,ECMWF
KJFK,2024-02-12,46.8,ECMWF
KJFK,2024-02-13,38.5,ECMWF
KJFK,2024-02-14,34.5,ECMWF
KJFK,2024-02-15,36.7,ECMWF
KJFK,2024-02-16,41.0,ECMWF
KJFK,2024-02-17,34.1,ECMWF
KJFK,2024-02-18,38.5,ECMWF
KJFK,2024-02-19,39.7,ECMWF
KJFK,2024-02-20,36.3,ECMWF
KJFK,2024-02-21,39.2,ECMWF
KJFK,2024-02-22,40.6,ECMWF
KJFK,2024-02-23,45.6,ECMWF
KJFK,2024-02-24,43.7,ECMWF
KJFK,2024-02-25,35.6,ECMWF
KJFK,2024-02-26,48.3,ECMWF
KJFK,2024-02-27,54.8,ECMWF
KJFK,2024-02-28,55.3,ECMWF
KJFK,2024-02-29,54.6,ECMWF
KJFK,2024-03-01,41.3,ECMWF
KJFK,2024-03-02,50.5,ECMWF
KJFK,2024-03-03,66.3,ECMWF
KJFK,2024-03-04,56.8,ECMWF
KJFK,2024-03-05,47.3,ECMWF
KJFK,2024-03-06,49.5,ECMWF
KJFK,2024-03-07,53.5,ECMWF
KJFK,2024-03-08,52.2,ECMWF
KJFK,2024-03-09,43.7,ECMWF
KJFK,2024-03-10,50.2,ECMWF
KJFK,2024-03-11,50.1,ECMWF
KJFK,2024-03-12,64.3,ECMWF
KJFK,2024-03-13,58.0,ECMWF
KJFK,2024-03-14,69.9,ECMWF
KJFK,2024-03-15,69.9,ECMWF
KJFK,2024-03-16,55.2,ECMWF
KJFK,2024-03-17,60.0,ECMWF
KJFK,2024-03-18,52.6,ECMWF
KJFK,2024-03-19,43.9,ECMWF
KJFK,2024-03-20,53.2,ECMWF
KJFK,2024-03-21,41.6,ECMWF
KJFK,2024-03-22,39.4,ECMWF
KJFK,2024-03-23,52.9,ECMWF
KJFK,2024-03-24,46.0,ECMWF
KJFK,2024-03-25,49.2,ECMWF
KJFK,2024-03-26,49.4,ECMWF
KJFK,2024-03-27,51.1,ECMWF
KJFK,2024-03-28,49.2,ECMWF
KJFK,2024-03-29,53.7,ECMWF
KJFK,2024-03-30,58.3,ECMWF
KJFK,2024-03-31,59.8,ECMWF
KJFK,2024-04-01,53.0,ECMWF
KJFK,2024-04-02,48.0,ECMWF
KJFK,2024-04-03,43.8,ECMWF
KJFK,2024-04-04,47.7,ECMWF
KJFK,2024-04-05,47.9,ECMWF
KJFK,2024-04-06,51.3,ECMWF
KJFK,2024-04-07,55.8,ECMWF
KJFK,2024-04-08,62.7,ECMWF
KJFK,2024-04-09,72.8,ECMWF
KJFK,2024-04-10,62.3,ECMWF
KJFK,2024-04-11,60.9,ECMWF
KJFK,2024-04-12,60.1,ECMWF
KJFK,2024-04-13,58.8,ECMWF
KJFK,2024-04-14,61.3,ECMWF
KJFK,2024-04-15,78.6,ECMWF
KJFK,2024-04-16,69.7,ECMWF
KJFK,2024-04-17,59.1,ECMWF
KJFK,2024-04-18,48.5,ECMWF
KJFK,2024-04-19,56.4,ECMWF
KJFK,2024-04-20,65.3,ECMWF
KJFK,2024-04-21,56.8,ECMWF
KJFK,2024-04-22,60.2,ECMWF
KJFK,2024-04-23,57.9,ECMWF
KJFK,2024-04-24,70.5,ECMWF
KJFK,2024-04-25,57.5,ECMWF
KJFK,2024-04-26,55.4,ECMWF
KJFK,2024-04-27,56.4,ECMWF
KJFK,2024-04-28,69.6,ECMWF
KJFK,2024-04-29,81.4,ECMWF
KJFK,2024-04-30,68.2,ECMWF
KJFK,2024-05-01,69.8,ECMWF
KJFK,2024-05-02,71.8,ECMWF
KJFK,2024-05-03,63.3,ECMWF
KJFK,2024-05-04,61.6,ECMWF
KJFK,2024-05-05,51.9,ECMWF
KJFK,2024-05-06,71.6,ECMWF
KJFK,2024-05-07,77.1,ECMWF
KJFK,2024-05-08,78.1,ECMWF
KJFK,2024-05-09,78.3,ECMWF
KJFK,2024-05-10,61.6,ECMWF
KJFK,2024-05-11,58.1,ECMWF
KJFK,2024-05-12,54.9,ECMWF
KJFK,2024-05-13,64.1,ECMWF
KJFK,2024-05-14,68.0,ECMWF
KJFK,2024-05-15,62.7,ECMWF
KJFK,2024-05-16,66.0,ECMWF
KJFK,2024-05-17,72.2,ECMWF
KJFK,2024-05-18,70.2,ECMWF
KJFK,2024-05-19,73.6,ECMWF
KJFK,2024-05-20,69.4,ECMWF
KJFK,2024-05-21,75.8,ECMWF
KJFK,2024-05-22,77.9,ECMWF
KJFK,2024-05-23,78.0,ECMWF
KJFK,2024-05-24,83.4,ECMWF
KJFK,2024-05-25,78.0,ECMWF
KJFK,2024-05-26,78.9,ECMWF
KJFK,2024-05-27,69.7,ECMWF
KJFK,2024-05-28,79.8,ECMWF
KJFK,2024-05-29,74.4,ECMWF
KJFK,2024-05-30,70.0,ECMWF
KJFK,2024-05-31,74.9,ECMWF
KJFK,2024-06-01,82.7,ECMWF
KJFK,2024-06-02,78.8,ECMWF
KJFK,2024-06-03,84.3,ECMWF
KJFK,2024-06-04,76.2,ECMWF
KJFK,2024-06-05,76.2,ECMWF
KJFK,2024-06-06,80.1,ECMWF
KJFK,2024-06-07,81.4,ECMWF
KJFK,2024-06-08,76.7,ECMWF
KJFK,2024-06-09,74.7,ECMWF
KJFK,2024-06-10,73.7,ECMWF
KJFK,2024-06-11,71.8,ECMWF
KJFK,2024-06-12,75.3,ECMWF
KJFK,2024-06-13,78.7,ECMWF
KJFK,2024-06-14,81.3,ECMWF
KJFK,2024-06-15,80.3,ECMWF
KJFK,2024-06-16,74.2,ECMWF
KJFK,2024-06-17,78.9,ECMWF
KJFK,2024-06-18,81.0,ECMWF
KJFK,2024-06-19,82.7,ECMWF
KJFK,2024-06-20,87.8,ECMWF
KJFK,2024-06-21,90.4,ECMWF
KJFK,2024-06-22,87.7,ECMWF
KJFK,2024-06-23,88.2,ECMWF
KJFK,2024-06-24,81.8,ECMWF
KJFK,2024-06-25,88.8,ECMWF
KJFK,2024-06-26,86.6,ECMWF
KJFK,2024-06-27,83.6,ECMWF
KJFK,2024-06-28,76.6,ECMWF
KJFK,2024-06-29,76.7,ECMWF
KJFK,2024-06-30,83.9,ECMWF
KJFK,2024-07-01,79.2,ECMWF
KJFK,2024-07-02,82.1,ECMWF
KJFK,2024-07-03,79.5,ECMWF
KJFK,2024-07-04,81.5,ECMWF
KJFK,2024-07-05,83.4,ECMWF
KJFK,2024-07-06,87.0,ECMWF
KJFK,2024-07-07,89.5,ECMWF
KJFK,2024-07-08,88.9,ECMWF
KJFK,2024-07-09,82.1,ECMWF
KJFK,2024-07-10,83.3,ECMWF
KJFK,2024-07-11,84.4,ECMWF
KJFK,2024-07-12,80.5,ECMWF
KJFK,2024-07-13,81.5,ECMWF
KJFK,2024-07-14,87.6,ECMWF
KJFK,2024-07-15,87.1,ECMWF
KJFK,2024-07-16,89.6,ECMWF
KJFK,2024-07-17,87.2,ECMWF
KJFK,2024-07-18,85.9,ECMWF
KJFK,2024-07-19,82.8,ECMWF
KJFK,2024-07-20,80.3,ECMWF
KJFK,2024-07-21,83.9,ECMWF
KJFK,2024-07-22,81.2,ECMWF
KJFK,2024-07-23,82.1,ECMWF
KJFK,2024-07-24,81.2,ECMWF
KJFK,2024-07-25,82.5,ECMWF
KJFK,2024-07-26,83.5,ECMWF
KJFK,2024-07-27,84.6,ECMWF
KJFK,2024-07-28,86.3,ECMWF
KJFK,2024-07-29,79.3,ECMWF
KJFK,2024-07-30,82.2,ECMWF
KJFK,2024-07-31,83.3,ECMWF
KJFK,2024-08-01,93.1,ECMWF
KJFK,2024-08-02,89.1,ECMWF
KJFK,2024-08-03,88.6,ECMWF
KJFK,2024-08-04,77.5,ECMWF
KJFK,2024-08-05,87.1,ECMWF
KJFK,2024-08-06,86.0,ECMWF
KJFK,2024-08-07,73.6,ECMWF
KJFK,2024-08-08,72.3,ECMWF
KJFK,2024-08-09,83.0,ECMWF
KJFK,2024-08-10,85.4,ECMWF
KJFK,2024-08-11,79.5,ECMWF
KJFK,2024-08-12,79.7,ECMWF
KJFK,2024-08-13,80.0,ECMWF
KJFK,2024-08-14,83.3,ECMWF
KJFK,2024-08-15,86.1,ECMWF
KJFK,2024-08-16,84.8,ECMWF
KJFK,2024-08-17,78.5,ECMWF
KJFK,2024-08-18,78.9,ECMWF
KJFK,2024-08-19,79.8,ECMWF
KJFK,2024-08-20,74.4,ECMWF
KJFK,2024-08-21,72.6,ECMWF
KJFK,2024-08-22,76.1,ECMWF
KJFK,2024-08-23,80.9,ECMWF
KJFK,2024-08-24,82.9,ECMWF
KJFK,2024-08-25,85.0,ECMWF
KJFK,2024-08-26,84.3,ECMWF
KJFK,2024-08-27,83.4,ECMWF
KJFK,2024-08-28,92.2,ECMWF
KJFK,2024-08-29,76.9,ECMWF
KJFK,2024-08-30,73.5,ECMWF
KJFK,2024-08-31,77.4,ECMWF
KJFK,2024-09-01,81.0,ECMWF
KJFK,2024-09-02,78.3,ECMWF
KJFK,2024-09-03,73.5,ECMWF
KJFK,2024-09-04,75.9,ECMWF
KJFK,2024-09-05,76.6,ECMWF
KJFK,2024-09-06,76.4,ECMWF
KJFK,2024-09-07,72.4,ECMWF
KJFK,2024-09-08,69.5,ECMWF
KJFK,2024-09-09,75.3,ECMWF
KJFK,2024-09-10,78.2,ECMWF
KJFK,2024-09-11,76.3,ECMWF
KJFK,2024-09-12,76.2,ECMWF
KJFK,2024-09-13,78.9,ECMWF
KJFK,2024-09-14,82.7,ECMWF
KJFK,2024-09-15,78.6,ECMWF
KJFK,2024-09-16,75.5,ECMWF
KJFK,2024-09-17,77.5,ECMWF
KJFK,2024-09-18,74.8,ECMWF
KJFK,2024-09-19,84.3,ECMWF
KJFK,2024-09-20,77.6,ECMWF
KJFK,2024-09-21,75.3,ECMWF
KJFK,2024-09-22,71.7,ECMWF
KJFK,2024-09-23,66.6,ECMWF
KJFK,2024-09-24,66.8,ECMWF
KJFK,2024-09-25,68.3,ECMWF
KJFK,2024-09-26,71.6,ECMWF
KJFK,2024-09-27,71.1,ECMWF
KJFK,2024-09-28,66.6,ECMWF
KJFK,2024-09-29,63.5,ECMWF
KJFK,2024-09-30,71.3,ECMWF
KJFK,2024-10-01,69.6,ECMWF
KJFK,2024-10-02,66.6,ECMWF
KJFK,2024-10-03,69.9,ECMWF
KJFK,2024-10-04,71.0,ECMWF
KJFK,2024-10-05,74.2,ECMWF
KJFK,2024-10-06,69.1,ECMWF
KJFK,2024-10-07,73.5,ECMWF
KJFK,2024-10-08,66.9,ECMWF
KJFK,2024-10-09,66.6,ECMWF
KJFK,2024-10-10,62.2,ECMWF
KJFK,2024-10-11,68.2,ECMWF
KJFK,2024-10-12,73.3,ECMWF
KJFK,2024-10-13,70.8,ECMWF
KJFK,2024-10-14,67.9,ECMWF
KJFK,2024-10-15,57.9,ECMWF
KJFK,2024-10-16,58.6,ECMWF
KJFK,2024-10-17,58.5,ECMWF
KJFK,2024-10-18,66.2,ECMWF
KJFK,2024-10-19,68.2,ECMWF
KJFK,2024-10-20,72.5,ECMWF
KJFK,2024-10-21,77.8,ECMWF
KJFK,2024-10-22,79.1,ECMWF
KJFK,2024-10-23,71.2,ECMWF
KJFK,2024-10-24,68.1,ECMWF
KJFK,2024-10-25,61.2,ECMWF
KJFK,2024-10-26,64.6,ECMWF
KJFK,2024-10-27,57.2,ECMWF
KJFK,2024-10-28,59.8,ECMWF
KJFK,2024-10-29,62.3,ECMWF
KJFK,2024-10-30,72.9,ECMWF
KJFK,2024-10-31,78.4,ECMWF
KJFK,2024-11-01,78.9,ECMWF
KJFK,2024-11-02,66.7,ECMWF
KJFK,2024-11-03,53.8,ECMWF
KJFK,2024-11-04,56.5,ECMWF
KJFK,2024-11-05,70.9,ECMWF
KJFK,2024-11-06,76.9,ECMWF
KJFK,2024-11-07,73.0,ECMWF
KJFK,2024-11-08,68.0,ECMWF
KJFK,2024-11-09,60.6,ECMWF
KJFK,2024-11-10,57.7,ECMWF
KJFK,2024-11-11,68.1,ECMWF
KJFK,2024-11-12,58.9,ECMWF
KJFK,2024-11-13,49.1,ECMWF
KJFK,2024-11-14,46.8,ECMWF
KJFK,2024-11-15,57.2,ECMWF
KJFK,2024-11-16,62.1,ECMWF
KJFK,2024-11-17,63.1,ECMWF
KJFK,2024-11-18,65.4,ECMWF
KJFK,2024-11-19,59.5,ECMWF
KJFK,2024-11-20,59.5,ECMWF
KJFK,2024-11-21,54.0,ECMWF
KJFK,2024-11-22,46.5,ECMWF
KJFK,2024-11-23,47.4,ECMWF
KJFK,2024-11-24,50.8,ECMWF
KJFK,2024-11-25,50.6,ECMWF
KJFK,2024-11-26,56.0,ECMWF
KJFK,2024-11-27,50.9,ECMWF
KJFK,2024-11-28,51.0,ECMWF
KJFK,2024-11-29,45.6,ECMWF
KJFK,2024-11-30,38.5,ECMWF
KJFK,2024-12-01,35.9,ECMWF
KJFK,2024-12-02,38.1,ECMWF
KJFK,2024-12-03,40.5,ECMWF
KJFK,2024-12-04,39.7,ECMWF
KJFK,2024-12-05,41.0,ECMWF
KJFK,2024-12-06,34.8,ECMWF
KJFK,2024-12-07,39.7,ECMWF
KJFK,2024-12-08,52.9,ECMWF
KJFK,2024-12-09,51.2,ECMWF
KJFK,2024-12-10,49.1,ECMWF
KJFK,2024-12-11,58.3,ECMWF
KJFK,2024-12-12,56.7,ECMWF
KJFK,2024-12-13,33.1,ECMWF
KJFK,2024-12-14,32.9,ECMWF
KJFK,2024-12-15,38.4,ECMWF
KJFK,2024-12-16,50.5,ECMWF
KJFK,2024-12-17,56.7,ECMWF
KJFK,2024-12-18,51.4,ECMWF
KJFK,2024-12-19,47.4,ECMWF
KJFK,2024-12-20,37.3,ECMWF
KJFK,2024-12-21,34.3,ECMWF
KJFK,2024-12-22,23.2,ECMWF
KJFK,2024-12-23,22.7,ECMWF
KJFK,2024-12-24,33.9,ECMWF
KJFK,2024-12-25,33.6,ECMWF
KJFK,2024-12-26,33.3,ECMWF
KJFK,2024-12-27,37.3,ECMWF
KJFK,2024-12-28,44.0,ECMWF
KJFK,2024-12-29,55.3,ECMWF
KJFK,2024-12-30,56.7,ECMWF
KJFK,2024-12-31,50.7,ECMWF
KJFK,2025-01-01,51.4,ECMWF
KJFK,2025-01-02,41.9,ECMWF
KJFK,2025-01-03,37.4,ECMWF
KJFK,2025-01-04,32.3,ECMWF
KJFK,2025-01-05,32.0,ECMWF
KJFK,2025-01-06,29.4,ECMWF
KJFK,2025-01-07,30.1,ECMWF
KJFK,2025-01-08,28.9,ECMWF
KJFK,2025-01-09,31.7,ECMWF
KJFK,2025-01-10,38.1,ECMWF
KJFK,2025-01-11,33.4,ECMWF
KJFK,2025-01-12,40.6,ECMWF
KJFK,2025-01-13,40.2,ECMWF
KJFK,2025-01-14,33.9,ECMWF
KJFK,2025-01-15,30.9,ECMWF
KJFK,2025-01-16,29.2,ECMWF
KJFK,2025-01-17,39.3,ECMWF
KJFK,2025-01-18,45.0,ECMWF
KJFK,2025-01-19,41.1,ECMWF
KJFK,2025-01-20,31.3,ECMWF
KJFK,2025-01-21,19.1,ECMWF
KJFK,2025-01-22,18.7,ECMWF
KJFK,2025-01-23,26.7,ECMWF
KJFK,2025-01-24,31.3,ECMWF
KJFK,2025-01-25,29.1,ECMWF
KJFK,2025-01-26,40.4,ECMWF
KJFK,2025-01-27,37.3,ECMWF
KJFK,2025-01-28,39.3,ECMWF
KJFK,2025-01-29,49.9,ECMWF
KJFK,2025-01-30,40.2,ECMWF
KJFK,2025-01-31,43.7,ECMWF
KJFK,2025-02-01,45.0,ECMWF
KJFK,2025-02-02,32.1,ECMWF
KJFK,2025-02-03,40.6,ECMWF
KJFK,2025-02-04,44.5,ECMWF
KJFK,2025-02-05,34.8,ECMWF
KJFK,2025-02-06,38.2,ECMWF
KJFK,2025-02-07,41.1,ECMWF
KJFK,2025-02-08,33.6,ECMWF
KJFK,2025-02-09,33.8,ECMWF
KJFK,2025-02-10,34.5,ECMWF
KJFK,2025-02-11,32.6,ECMWF
KJFK,2025-02-12,33.1,ECMWF
KJFK,2025-02-13,44.2,ECMWF
KJFK,2025-02-14,42.6,ECMWF
KJFK,2025-02-15,34.3,ECMWF
KJFK,2025-02-16,46.5,ECMWF
KJFK,2025-02-17,45.0,ECMWF
KJFK,2025-02-18,30.8,ECMWF
KJFK,2025-02-19,30.3,ECMWF
KJFK,2025-02-20,30.4,ECMWF
KJFK,2025-02-21,33.1,ECMWF
KJFK,2025-02-22,36.7,ECMWF
KJFK,2025-02-23,45.6,ECMWF
KJFK,2025-02-24,46.1,ECMWF
KJFK,2025-02-25,53.6,ECMWF
KJFK,2025-02-26,55.9,ECMWF
KJFK,2025-02-27,52.4,ECMWF
KJFK,2025-02-28,52.3,ECMWF
KJFK,2025-03-01,61.8,ECMWF
KJFK,2025-03-02,38.9,ECMWF
KJFK,2025-03-03,36.8,ECMWF
KJFK,2025-03-04,47.5,ECMWF
KJFK,2025-03-05,53.3,ECMWF
KJFK,2025-03-06,55.1,ECMWF
KJFK,2025-03-07,47.2,ECMWF
KJFK,2025-03-08,43.5,ECMWF
KJFK,2025-03-09,50.1,ECMWF
KJFK,2025-03-10,60.8,ECMWF
KJFK,2025-03-11,58.5,ECMWF
KJFK,2025-03-12,51.9,ECMWF
KJFK,2025-03-13,49.6,ECMWF
KJFK,2025-03-14,53.0,ECMWF
KJFK,2025-03-15,46.5,ECMWF
KJFK,2025-03-16,56.9,ECMWF
KJFK,2025-03-17,58.1,ECMWF
KJFK,2025-03-18,57.1,ECMWF
KJFK,2025-03-19,59.0,ECMWF
KJFK,2025-03-20,49.3,ECMWF
KJFK,2025-03-21,49.0,ECMWF
KJFK,2025-03-22,58.5,ECMWF
KJFK,2025-03-23,53.7,ECMWF
KJFK,2025-03-24,48.3,ECMWF
KJFK,2025-03-25,57.1,ECMWF
KJFK,2025-03-26,49.4,ECMWF
KJFK,2025-03-27,49.9,ECMWF
KJFK,2025-03-28,60.1,ECMWF
KJFK,2025-03-29,79.2,ECMWF
KJFK,2025-03-30,50.2,ECMWF
KJFK,2025-03-31,61.2,ECMWF
KJFK,2025-04-01,56.2,ECMWF
KJFK,2025-04-02,46.5,ECMWF
KJFK,2025-04-03,67.2,ECMWF
KJFK,2025-04-04,71.8,ECMWF
KJFK,2025-04-05,60.2,ECMWF
KJFK,2025-04-06,55.6,ECMWF
KJFK,2025-04-07,53.0,ECMWF
KJFK,2025-04-08,43.6,ECMWF
KJFK,2025-04-09,46.5,ECMWF
KJFK,2025-04-10,48.9,ECMWF
KJFK,2025-04-11,45.9,ECMWF
KJFK,2025-04-12,42.8,ECMWF
KJFK,2025-04-13,55.9,ECMWF
KJFK,2025-04-14,60.1,ECMWF
KJFK,2025-04-15,63.3,ECMWF
KJFK,2025-04-16,54.4,ECMWF
KJFK,2025-04-17,61.1,ECMWF
KJFK,2025-04-18,62.2,ECMWF
KJFK,2025-04-19,83.4,ECMWF
KJFK,2025-04-20,77.6,ECMWF
KJFK,2025-04-21,60.0,ECMWF
KJFK,2025-04-22,78.8,ECMWF
KJFK,2025-04-23,72.8,ECMWF
KJFK,2025-04-24,73.3,ECMWF
KJFK,2025-04-25,72.1,ECMWF
KJFK,2025-04-26,69.0,ECMWF
KJFK,2025-04-27,65.6,ECMWF
KJFK,2025-04-28,73.5,ECMWF
KJFK,2025-04-29,69.3,ECMWF
KJFK,2025-04-30,74.0,ECMWF
KJFK,2025-05-01,68.7,ECMWF
KJFK,2025-05-02,80.5,ECMWF
KJFK,2025-05-03,75.6,ECMWF
KJFK,2025-05-04,69.3,ECMWF
KJFK,2025-05-05,64.7,ECMWF
KJFK,2025-05-06,63.4,ECMWF
KJFK,2025-05-07,72.0,ECMWF
KJFK,2025-05-08,73.8,ECMWF
KJFK,2025-05-09,65.0,ECMWF
KJFK,2025-05-10,70.4,ECMWF
KJFK,2025-05-11,77.1,ECMWF
KJFK,2025-05-12,68.0,ECMWF
KJFK,2025-05-13,68.3,ECMWF
KJFK,2025-05-14,64.8,ECMWF
KJFK,2025-05-15,69.2,ECMWF
KJFK,2025-05-16,68.7,ECMWF
KJFK,2025-05-17,75.5,ECMWF
KJFK,2025-05-18,76.0,ECMWF
KJFK,2025-05-19,68.1,ECMWF
KJFK,2025-05-20,65.3,ECMWF
KJFK,2025-05-21,60.0,ECMWF
KJFK,2025-05-22,53.6,ECMWF
KJFK,2025-05-23,60.9,ECMWF
KJFK,2025-05-24,61.4,ECMWF
KJFK,2025-05-25,66.1,ECMWF
KJFK,2025-05-26,71.8,ECMWF
KJFK,2025-05-27,73.5,ECMWF
KJFK,2025-05-28,65.9,ECMWF
KJFK,2025-05-29,68.1,ECMWF
KJFK,2025-05-30,71.1,ECMWF
KJFK,2025-05-31,68.0,ECMWF
KJFK,2025-06-01,66.6,ECMWF
KJFK,2025-06-02,70.7,ECMWF
KJFK,2025-06-03,77.6,ECMWF
KJFK,2025-06-04,79.5,ECMWF
KJFK,2025-06-05,87.3,ECMWF
KJFK,2025-06-06,85.2,ECMWF
KJFK,2025-06-07,76.9,ECMWF
KJFK,2025-06-08,74.7,ECMWF
KJFK,2025-06-09,68.4,ECMWF
KJFK,2025-06-10,74.6,ECMWF
KJFK,2025-06-11,80.6,ECMWF
KJFK,2025-06-12,92.4,ECMWF
KJFK,2025-06-13,86.2,ECMWF
KJFK,2025-06-14,72.2,ECMWF
KJFK,2025-06-15,64.5,ECMWF
KJFK,2025-06-16,69.1,ECMWF
KJFK,2025-06-17,68.4,ECMWF
KJFK,2025-06-18,78.3,ECMWF
KJFK,2025-06-19,84.1,ECMWF
KJFK,2025-06-20,83.0,ECMWF
KJFK,2025-06-21,88.0,ECMWF
KJFK,2025-06-22,90.6,ECMWF
KJFK,2025-06-23,94.8,ECMWF
KJFK,2025-06-24,104.4,ECMWF
KJFK,2025-06-25,101.3,ECMWF
KJFK,2025-06-26,87.1,ECMWF
KJFK,2025-06-27,71.8,ECMWF
KJFK,2025-06-28,83.8,ECMWF
KJFK,2025-06-29,92.0,ECMWF
KJFK,2025-06-30,90.7,ECMWF
KJFK,2025-07-01,88.8,ECMWF
KJFK,2025-07-02,79.4,ECMWF
KJFK,2025-07-03,89.5,ECMWF
KJFK,2025-07-04,84.5,ECMWF
KJFK,2025-07-05,86.5,ECMWF
KJFK,2025-07-06,86.8,ECMWF
KJFK,2025-07-07,84.9,ECMWF
KJFK,2025-07-08,96.1,ECMWF
KJFK,2025-07-09,87.4,ECMWF
KJFK,2025-07-10,81.0,ECMWF
KJFK,2025-07-11,81.6,ECMWF
KJFK,2025-07-12,83.5,ECMWF
KJFK,2025-07-13,81.9,ECMWF
KJFK,2025-07-14,83.3,ECMWF
KJFK,2025-07-15,83.4,ECMWF
KJFK,2025-07-16,87.1,ECMWF
KJFK,2025-07-17,90.9,ECMWF
KJFK,2025-07-18,88.5,ECMWF
KJFK,2025-07-19,84.0,ECMWF
KJFK,2025-07-20,88.3,ECMWF
KJFK,2025-07-21,88.7,ECMWF
KJFK,2025-07-22,81.6,ECMWF
KJFK,2025-07-23,80.9,ECMWF
KJFK,2025-07-24,82.8,ECMWF
KJFK,2025-07-25,95.6,ECMWF
KJFK,2025-07-26,89.0,ECMWF
KJFK,2025-07-27,78.7,ECMWF
KJFK,2025-07-28,97.4,ECMWF
KJFK,2025-07-29,99.1,ECMWF
KJFK,2025-07-30,95.8,ECMWF
KJFK,2025-07-31,87.7,ECMWF
KJFK,2025-08-01,73.0,ECMWF
KJFK,2025-08-02,78.9,ECMWF
KJFK,2025-08-03,82.9,ECMWF
KJFK,2025-08-04,89.2,ECMWF
KJFK,2025-08-05,85.3,ECMWF
KJFK,2025-08-06,81.0,ECMWF
KJFK,2025-08-07,80.2,ECMWF
KJFK,2025-08-08,81.4,ECMWF
KJFK,2025-08-09,83.2,ECMWF
KJFK,2025-08-10,89.8,ECMWF
KJFK,2025-08-11,89.0,ECMWF
KJFK,2025-08-12,87.9,ECMWF
KJFK,2025-08-13,86.2,ECMWF
KJFK,2025-08-14,89.0,ECMWF
KJFK,2025-08-15,89.4,ECMWF
KJFK,2025-08-16,84.0,ECMWF
KJFK,2025-08-17,87.8,ECMWF
KJFK,2025-08-18,80.0,ECMWF
KJFK,2025-08-19,74.7,ECMWF
KJFK,2025-08-20,72.6,ECMWF
KJFK,2025-08-21,71.2,ECMWF
KJFK,2025-08-22,83.2,ECMWF
KJFK,2025-08-23,82.0,ECMWF
KJFK,2025-08-24,79.8,ECMWF
KJFK,2025-08-25,87.9,ECMWF
KJFK,2025-08-26,80.8,ECMWF
KJFK,2025-08-27,76.3,ECMWF
KJFK,2025-08-28,77.8,ECMWF
KJFK,2025-08-29,78.3,ECMWF
KJFK,2025-08-30,78.2,ECMWF
KJFK,2025-08-31,79.3,ECMWF
KJFK,2025-09-01,77.6,ECMWF
KJFK,2025-09-02,78.0,ECMWF
KJFK,2025-09-03,76.3,ECMWF
KJFK,2025-09-04,76.6,ECMWF
KJFK,2025-09-05,79.5,ECMWF
KJFK,2025-09-06,82.0,ECMWF
KJFK,2025-09-07,71.7,ECMWF
KJFK,2025-09-08,71.7,ECMWF
KJFK,2025-09-09,72.7,ECMWF
KJFK,2025-09-10,70.8,ECMWF
KJFK,2025-09-11,79.5,ECMWF
KJFK,2025-09-12,78.8,ECMWF
KJFK,2025-09-13,75.3,ECMWF
KJFK,2025-09-14,80.1,ECMWF
KJFK,2025-09-15,81.3,ECMWF
KJFK,2025-09-16,74.8,ECMWF
KJFK,2025-09-17,69.7,ECMWF
KJFK,2025-09-18,82.0,ECMWF
KJFK,2025-09-19,85.4,ECMWF
KJFK,2025-09-20,77.8,ECMWF
KJFK,2025-09-21,71.5,ECMWF
KJFK,2025-09-22,71.1,ECMWF
KJFK,2025-09-23,82.2,ECMWF
KJFK,2025-09-24,81.1,ECMWF
KJFK,2025-09-25,74.5,ECMWF
KJFK,2025-09-26,80.5,ECMWF
KJFK,2025-09-27,76.3,ECMWF
KJFK,2025-09-28,79.8,ECMWF
KJFK,2025-09-29,75.9,ECMWF
KJFK,2025-09-30,77.7,ECMWF
KJFK,2025-10-01,69.1,ECMWF
KJFK,2025-10-02,64.9,ECMWF
KJFK,2025-10-03,69.4,ECMWF
KJFK,2025-10-04,80.9,ECMWF
KJFK,2025-10-05,82.8,ECMWF
KJFK,2025-10-06,78.0,ECMWF
KJFK,2025-10-07,76.2,ECMWF
KJFK,2025-10-08,71.5,ECMWF
KJFK,2025-10-09,61.9,ECMWF
KJFK,2025-10-10,60.4,ECMWF
KJFK,2025-10-11,65.5,ECMWF
KJFK,2025-10-12,62.1,ECMWF
KJFK,2025-10-13,59.5,ECMWF
KJFK,2025-10-14,61.1,ECMWF
KJFK,2025-10-15,66.8,ECMWF
KJFK,2025-10-16,58.2,ECMWF
KJFK,2025-10-17,61.6,ECMWF
KJFK,2025-10-18,63.5,ECMWF
KJFK,2025-10-19,69.0,ECMWF
KJFK,2025-10-20,67.7,ECMWF
KJFK,2025-10-21,64.6,ECMWF
KJFK,2025-10-22,62.7,ECMWF
KJFK,2025-10-23,59.1,ECMWF
KJFK,2025-10-24,58.1,ECMWF
KJFK,2025-10-25,57.9,ECMWF
KJFK,2025-10-26,58.5,ECMWF
KJFK,2025-10-27,55.4,ECMWF
KJFK,2025-10-28,54.4,ECMWF
KJFK,2025-10-29,54.2,ECMWF
KJFK,2025-10-30,61.6,ECMWF
KJFK,2025-10-31,61.5,ECMWF
KJFK,2025-11-01,57.3,ECMWF
KJFK,2025-11-02,56.8,ECMWF
KJFK,2025-11-03,58.4,ECMWF
KJFK,2025-11-04,58.4,ECMWF
KJFK,2025-11-05,61.2,ECMWF
KJFK,2025-11-06,61.5,ECMWF
KJFK,2025-11-07,57.6,ECMWF
KJFK,2025-11-08,64.5,ECMWF
KJFK,2025-11-09,60.9,ECMWF
KJFK,2025-11-10,58.2,ECMWF
KJFK,2025-11-11,40.5,ECMWF
KJFK,2025-11-12,47.2,ECMWF
KJFK,2025-11-13,49.0,ECMWF
KJFK,2025-11-14,48.9,ECMWF
KJFK,2025-11-15,47.3,ECMWF
KJFK,2025-11-16,55.5,ECMWF
KJFK,2025-11-17,43.0,ECMWF
KJFK,2025-11-18,45.5,ECMWF
KJFK,2025-11-19,46.5,ECMWF
KJFK,2025-11-20,45.6,ECMWF
KJFK,2025-11-21,51.0,ECMWF
KJFK,2025-11-22,50.6,ECMWF
KJFK,2025-11-23,46.3,ECMWF
KJFK,2025-11-24,51.1,ECMWF
KJFK,2025-11-25,54.2,ECMWF
KJFK,2025-11-26,59.1,ECMWF
KJFK,2025-11-27,56.7,ECMWF
KJFK,2025-11-28,42.0,ECMWF
KJFK,2025-11-29,41.6,ECMWF
KJFK,2025-11-30,42.4,ECMWF
KJFK,2025-12-01,43.0,ECMWF
KJFK,2025-12-02,41.0,ECMWF
KJFK,2025-12-03,39.0,ECMWF
KJFK,2025-12-04,40.7,ECMWF
KJFK,2025-12-05,32.5,ECMWF
KJFK,2025-12-06,39.2,ECMWF
KJFK,2025-12-07,40.9,ECMWF
KJFK,2025-12-08,36.1,ECMWF
KJFK,2025-12-09,31.1,ECMWF
KJFK,2025-12-10,45.9,ECMWF
KJFK,2025-12-11,41.3,ECMWF
KJFK,2025-12-12,33.9,ECMWF
KJFK,2025-12-13,40.0,ECMWF
KJFK,2025-12-14,34.8,ECMWF
KJFK,2025-12-15,26.0,ECMWF
KJFK,2025-12-16,28.5,ECMWF
KJFK,2025-12-17,40.3,ECMWF
KJFK,2025-12-18,44.7,ECMWF
KJFK,2025-12-19,56.8,ECMWF
KJFK,2025-12-20,37.3,ECMWF
KJFK,2025-12-21,46.4,ECMWF
KJFK,2025-12-22,36.5,ECMWF
KJFK,2025-12-23,38.6,ECMWF
KJFK,2025-12-24,45.8,ECMWF
KJFK,2025-12-25,45.1,ECMWF
KJFK,2025-12-26,37.0,ECMWF
KJFK,2025-12-27,30.3,ECMWF
KJFK,2025-12-28,30.3,ECMWF
KJFK,2025-12-29,46.4,ECMWF
KJFK,2025-12-30,39.4,ECMWF
KJFK,2025-12-31,31.2,ECMWF
KJFK,2026-01-01,33.8,ECMWF
KJFK,2026-01-02,29.4,ECMWF
KJFK,2026-01-03,29.5,ECMWF
KJFK,2026-01-04,32.4,ECMWF
KJFK,2026-01-05,34.8,ECMWF
KJFK,2026-01-06,40.0,ECMWF
KJFK,2026-01-07,48.7,ECMWF
KJFK,2026-01-08,49.5,ECMWF
KJFK,2026-01-09,48.3,ECMWF
KJFK,2026-01-10,52.0,ECMWF
KJFK,2026-01-11,46.5,ECMWF
KJFK,2026-01-12,39.4,ECMWF
KJFK,2026-01-13,43.4,ECMWF
KJFK,2026-01-14,47.9,ECMWF
KJFK,2026-01-15,44.6,ECMWF
KJFK,2026-01-16,31.8,ECMWF
KJFK,2026-01-17,37.6,ECMWF
KJFK,2026-01-18,33.2,ECMWF
KJFK,2026-01-19,32.8,ECMWF
KJFK,2026-01-20,27.5,ECMWF
KJFK,2026-01-21,36.1,ECMWF
KJFK,2026-01-22,45.7,ECMWF
KJFK,2026-01-23,38.2,ECMWF
KJFK,2026-01-24,30.1,ECMWF
KJFK,2026-01-25,20.1,ECMWF
KJFK,2026-01-26,26.0,ECMWF
KJFK,2026-01-27,21.2,ECMWF
KJFK,2026-01-28,19.3,ECMWF
KJFK,2026-01-29,17.7,ECMWF
KJFK,2026-01-30,14.6,ECMWF
KJFK,2026-01-31,18.0,ECMWF
KJFK,2026-02-01,19.0,ECMWF
KJFK,2026-02-02,29.7,ECMWF
KJFK,2026-02-03,27.6,ECMWF
KJFK,2026-02-04,28.4,ECMWF
KJFK,2026-02-05,26.3,ECMWF
KJFK,2026-02-06,29.1,ECMWF
KJFK,2026-02-07,25.7,ECMWF
KJFK,2026-02-08,13.5,ECMWF
KJFK,2026-02-09,23.5,ECMWF
KJFK,2026-02-10,31.7,ECMWF
KJFK,2026-02-11,37.8,ECMWF
KJFK,2026-02-12,33.9,ECMWF
KJFK,2026-02-13,31.4,ECMWF
KJFK,2026-02-14,37.6,ECMWF
KJFK,2026-02-15,36.4,ECMWF
KJFK,2026-02-16,35.3,ECMWF
KJFK,2026-02-17,39.2,ECMWF
KJFK,2026-02-18,39.0,ECMWF
KJFK,2026-02-19,38.0,ECMWF
KJFK,2026-02-20,39.2,ECMWF
KJFK,2026-02-21,46.2,ECMWF
KJFK,2026-02-22,40.9,ECMWF
KJFK,2026-02-23,33.9,ECMWF
KJFK,2026-02-24,33.6,ECMWF
KJFK,2026-02-25,36.2,ECMWF
KJFK,2024-10-08,69.2,NBM
KJFK,2024-10-09,68.5,NBM
KJFK,2024-10-10,62.9,NBM
KJFK,2024-10-11,69.0,NBM
KJFK,2024-10-12,74.9,NBM
KJFK,2024-10-13,71.5,NBM
KJFK,2024-10-14,67.5,NBM
KJFK,2024-10-15,59.1,NBM
KJFK,2024-10-16,59.1,NBM
KJFK,2024-10-17,61.0,NBM
KJFK,2024-10-18,67.4,NBM
KJFK,2024-10-19,67.9,NBM
KJFK,2024-10-20,71.6,NBM
KJFK,2024-10-21,76.4,NBM
KJFK,2024-10-22,76.8,NBM
KJFK,2024-10-23,71.9,NBM
KJFK,2024-10-24,70.2,NBM
KJFK,2024-10-25,62.0,NBM
KJFK,2024-10-26,66.0,NBM
KJFK,2024-10-27,58.7,NBM
KJFK,2024-10-28,61.1,NBM
KJFK,2024-10-29,64.3,NBM
KJFK,2024-10-30,70.5,NBM
KJFK,2024-10-31,75.8,NBM
KJFK,2024-11-01,77.7,NBM
KJFK,2024-11-02,67.2,NBM
KJFK,2024-11-03,55.0,NBM
KJFK,2024-11-04,58.8,NBM
KJFK,2024-11-05,69.2,NBM
KJFK,2024-11-06,75.4,NBM
KJFK,2024-11-07,73.4,NBM
KJFK,2024-11-08,67.7,NBM
KJFK,2024-11-09,61.7,NBM
KJFK,2024-11-10,60.0,NBM
KJFK,2024-11-11,68.3,NBM
KJFK,2024-11-12,61.1,NBM
KJFK,2024-11-13,50.0,NBM
KJFK,2024-11-14,49.9,NBM
KJFK,2024-11-15,57.9,NBM
KJFK,2024-11-16,62.7,NBM
KJFK,2024-11-17,63.7,NBM
KJFK,2024-11-18,65.6,NBM
KJFK,2024-11-19,59.6,NBM
KJFK,2024-11-20,60.7,NBM
KJFK,2024-11-21,56.2,NBM
KJFK,2024-11-22,47.2,NBM
KJFK,2024-11-23,50.4,NBM
KJFK,2024-11-24,54.3,NBM
KJFK,2024-11-25,53.4,NBM
KJFK,2024-11-26,58.8,NBM
KJFK,2024-11-27,52.7,NBM
KJFK,2024-11-28,56.4,NBM
KJFK,2024-11-29,47.7,NBM
KJFK,2024-11-30,41.7,NBM
KJFK,2024-12-01,40.1,NBM
KJFK,2024-12-02,40.8,NBM
KJFK,2024-12-03,42.5,NBM
KJFK,2024-12-04,42.1,NBM
KJFK,2024-12-05,43.5,NBM
KJFK,2024-12-06,37.2,NBM
KJFK,2024-12-07,42.2,NBM
KJFK,2024-12-08,54.4,NBM
KJFK,2024-12-09,54.1,NBM
KJFK,2024-12-10,52.3,NBM
KJFK,2024-12-11,62.0,NBM
KJFK,2024-12-12,57.1,NBM
KJFK,2024-12-13,35.0,NBM
KJFK,2024-12-14,36.0,NBM
KJFK,2024-12-15,42.8,NBM
KJFK,2024-12-16,51.5,NBM
KJFK,2024-12-17,57.0,NBM
KJFK,2024-12-18,52.7,NBM
KJFK,2024-12-19,50.7,NBM
KJFK,2024-12-20,40.9,NBM
KJFK,2024-12-21,37.6,NBM
KJFK,2024-12-22,27.3,NBM
KJFK,2024-12-23,27.0,NBM
KJFK,2024-12-24,39.2,NBM
KJFK,2024-12-25,36.8,NBM
KJFK,2024-12-26,36.8,NBM
KJFK,2024-12-27,40.7,NBM
KJFK,2024-12-28,47.7,NBM
KJFK,2024-12-29,55.7,NBM
KJFK,2024-12-30,56.0,NBM
KJFK,2024-12-31,52.1,NBM
KJFK,2025-01-01,51.2,NBM
KJFK,2025-01-02,44.4,NBM
KJFK,2025-01-03,39.7,NBM
KJFK,2025-01-04,36.5,NBM
KJFK,2025-01-05,36.1,NBM
KJFK,2025-01-06,33.1,NBM
KJFK,2025-01-07,33.8,NBM
KJFK,2025-01-08,31.2,NBM
KJFK,2025-01-09,34.0,NBM
KJFK,2025-01-10,41.1,NBM
KJFK,2025-01-11,36.7,NBM
KJFK,2025-01-12,42.4,NBM
KJFK,2025-01-13,44.8,NBM
KJFK,2025-01-14,39.8,NBM
KJFK,2025-01-15,34.5,NBM
KJFK,2025-01-16,32.9,NBM
KJFK,2025-01-17,41.8,NBM
KJFK,2025-01-18,47.4,NBM
KJFK,2025-01-19,43.9,NBM
KJFK,2025-01-20,34.6,NBM
KJFK,2025-01-21,23.7,NBM
KJFK,2025-01-22,22.4,NBM
KJFK,2025-01-23,30.2,NBM
KJFK,2025-01-24,33.9,NBM
KJFK,2025-01-25,32.7,NBM
KJFK,2025-01-26,42.3,NBM
KJFK,2025-01-27,40.8,NBM
KJFK,2025-01-28,41.5,NBM
KJFK,2025-01-29,50.3,NBM
KJFK,2025-01-30,42.4,NBM
KJFK,2025-01-31,45.8,NBM
KJFK,2025-02-01,46.5,NBM
KJFK,2025-02-02,35.2,NBM
KJFK,2025-02-03,44.5,NBM
KJFK,2025-02-04,45.5,NBM
KJFK,2025-02-05,36.7,NBM
KJFK,2025-02-06,41.1,NBM
KJFK,2025-02-07,42.0,NBM
KJFK,2025-02-08,36.6,NBM
KJFK,2025-02-09,39.4,NBM
KJFK,2025-02-10,38.2,NBM
KJFK,2025-02-11,37.5,NBM
KJFK,2025-02-12,37.7,NBM
KJFK,2025-02-13,46.2,NBM
KJFK,2025-02-14,43.2,NBM
KJFK,2025-02-15,39.1,NBM
KJFK,2025-02-16,50.6,NBM
KJFK,2025-02-17,47.4,NBM
KJFK,2025-02-18,32.6,NBM
KJFK,2025-02-19,32.2,NBM
KJFK,2025-02-20,31.5,NBM
KJFK,2025-02-21,35.2,NBM
KJFK,2025-02-22,38.4,NBM
KJFK,2025-02-23,45.6,NBM
KJFK,2025-02-24,47.5,NBM
KJFK,2025-02-25,52.8,NBM
KJFK,2025-02-26,55.4,NBM
KJFK,2025-02-27,54.7,NBM
KJFK,2025-02-28,51.0,NBM
KJFK,2025-03-01,58.6,NBM
KJFK,2025-03-02,42.2,NBM
KJFK,2025-03-03,38.2,NBM
KJFK,2025-03-04,49.7,NBM
KJFK,2025-03-05,53.8,NBM
KJFK,2025-03-06,53.9,NBM
KJFK,2025-03-07,50.1,NBM
KJFK,2025-03-08,46.5,NBM
KJFK,2025-03-09,52.6,NBM
KJFK,2025-03-10,60.6,NBM
KJFK,2025-03-11,58.6,NBM
KJFK,2025-03-12,53.5,NBM
KJFK,2025-03-13,49.8,NBM
KJFK,2025-03-14,53.7,NBM
KJFK,2025-03-15,50.1,NBM
KJFK,2025-03-16,57.5,NBM
KJFK,2025-03-17,57.7,NBM
KJFK,2025-03-18,57.5,NBM
KJFK,2025-03-19,57.6,NBM
KJFK,2025-03-20,51.7,NBM
KJFK,2025-03-21,52.1,NBM
KJFK,2025-03-22,59.2,NBM
KJFK,2025-03-23,54.1,NBM
KJFK,2025-03-24,52.1,NBM
KJFK,2025-03-25,57.2,NBM
KJFK,2025-03-26,52.2,NBM
KJFK,2025-03-27,52.3,NBM
KJFK,2025-03-28,60.5,NBM
KJFK,2025-03-29,76.5,NBM
KJFK,2025-03-30,55.3,NBM
KJFK,2025-03-31,62.0,NBM
KJFK,2025-04-01,57.8,NBM
KJFK,2025-04-02,49.1,NBM
KJFK,2025-04-03,63.5,NBM
KJFK,2025-04-04,68.5,NBM
KJFK,2025-04-05,61.6,NBM
KJFK,2025-04-06,55.0,NBM
KJFK,2025-04-07,52.8,NBM
KJFK,2025-04-08,46.9,NBM
KJFK,2025-04-09,47.7,NBM
KJFK,2025-04-10,50.3,NBM
KJFK,2025-04-11,49.8,NBM
KJFK,2025-04-12,46.0,NBM
KJFK,2025-04-13,56.4,NBM
KJFK,2025-04-14,60.5,NBM
KJFK,2025-04-15,65.1,NBM
KJFK,2025-04-16,56.8,NBM
KJFK,2025-04-17,61.3,NBM
KJFK,2025-04-18,61.2,NBM
KJFK,2025-04-19,78.2,NBM
KJFK,2025-04-20,71.7,NBM
KJFK,2025-04-21,60.7,NBM
KJFK,2025-04-22,72.1,NBM
KJFK,2025-04-23,68.7,NBM
KJFK,2025-04-24,68.9,NBM
KJFK,2025-04-25,68.5,NBM
KJFK,2025-04-26,65.7,NBM
KJFK,2025-04-27,64.1,NBM
KJFK,2025-04-28,72.3,NBM
KJFK,2025-04-29,68.2,NBM
KJFK,2025-04-30,72.8,NBM
KJFK,2025-05-01,67.1,NBM
KJFK,2025-05-02,73.9,NBM
KJFK,2025-05-03,70.7,NBM
KJFK,2025-05-04,65.8,NBM
KJFK,2025-05-05,63.5,NBM
KJFK,2025-05-06,64.0,NBM
KJFK,2025-05-07,70.1,NBM
KJFK,2025-05-08,72.3,NBM
KJFK,2025-05-09,64.8,NBM
KJFK,2025-05-10,71.0,NBM
KJFK,2025-05-11,75.9,NBM
KJFK,2025-05-12,68.5,NBM
KJFK,2025-05-13,69.2,NBM
KJFK,2025-05-14,63.7,NBM
KJFK,2025-05-15,69.0,NBM
KJFK,2025-05-16,70.1,NBM
KJFK,2025-05-17,75.5,NBM
KJFK,2025-05-18,74.8,NBM
KJFK,2025-05-19,71.2,NBM
KJFK,2025-05-20,67.1,NBM
KJFK,2025-05-21,63.5,NBM
KJFK,2025-05-22,55.5,NBM
KJFK,2025-05-23,62.3,NBM
KJFK,2025-05-24,64.5,NBM
KJFK,2025-05-25,68.3,NBM
KJFK,2025-05-26,70.7,NBM
KJFK,2025-05-27,71.4,NBM
KJFK,2025-05-28,66.4,NBM
KJFK,2025-05-29,68.5,NBM
KJFK,2025-05-30,69.9,NBM
KJFK,2025-05-31,68.7,NBM
KJFK,2025-06-01,68.4,NBM
KJFK,2025-06-02,70.1,NBM
KJFK,2025-06-03,75.5,NBM
KJFK,2025-06-04,77.0,NBM
KJFK,2025-06-05,81.0,NBM
KJFK,2025-06-06,78.8,NBM
KJFK,2025-06-07,72.8,NBM
KJFK,2025-06-08,73.0,NBM
KJFK,2025-06-09,67.1,NBM
KJFK,2025-06-10,72.1,NBM
KJFK,2025-06-11,80.8,NBM
KJFK,2025-06-12,87.1,NBM
KJFK,2025-06-13,80.9,NBM
KJFK,2025-06-14,70.3,NBM
KJFK,2025-06-15,65.3,NBM
KJFK,2025-06-16,67.2,NBM
KJFK,2025-06-17,68.3,NBM
KJFK,2025-06-18,75.5,NBM
KJFK,2025-06-19,82.2,NBM
KJFK,2025-06-20,83.0,NBM
KJFK,2025-06-21,84.5,NBM
KJFK,2025-06-22,87.7,NBM
KJFK,2025-06-23,90.7,NBM
KJFK,2025-06-24,96.8,NBM
KJFK,2025-06-25,95.5,NBM
KJFK,2025-06-26,85.5,NBM
KJFK,2025-06-27,72.7,NBM
KJFK,2025-06-28,80.9,NBM
KJFK,2025-06-29,88.4,NBM
KJFK,2025-06-30,84.0,NBM
KJFK,2025-07-01,86.0,NBM
KJFK,2025-07-02,80.4,NBM
KJFK,2025-07-03,88.2,NBM
KJFK,2025-07-04,83.9,NBM
KJFK,2025-07-05,83.6,NBM
KJFK,2025-07-06,84.8,NBM
KJFK,2025-07-07,84.4,NBM
KJFK,2025-07-08,92.2,NBM
KJFK,2025-07-09,87.2,NBM
KJFK,2025-07-10,81.3,NBM
KJFK,2025-07-11,81.8,NBM
KJFK,2025-07-12,81.9,NBM
KJFK,2025-07-13,80.9,NBM
KJFK,2025-07-14,83.7,NBM
KJFK,2025-07-15,83.7,NBM
KJFK,2025-07-16,86.8,NBM
KJFK,2025-07-17,90.5,NBM
KJFK,2025-07-18,87.2,NBM
KJFK,2025-07-19,82.3,NBM
KJFK,2025-07-20,85.5,NBM
KJFK,2025-07-21,85.2,NBM
KJFK,2025-07-22,79.3,NBM
KJFK,2025-07-23,81.1,NBM
KJFK,2025-07-24,83.3,NBM
KJFK,2025-07-25,91.5,NBM
KJFK,2025-07-26,83.2,NBM
KJFK,2025-07-27,81.0,NBM
KJFK,2025-07-28,91.3,NBM
KJFK,2025-07-29,93.6,NBM
KJFK,2025-07-30,92.3,NBM
KJFK,2025-07-31,86.6,NBM
KJFK,2025-08-01,74.6,NBM
KJFK,2025-08-02,79.5,NBM
KJFK,2025-08-03,81.9,NBM
KJFK,2025-08-04,85.3,NBM
KJFK,2025-08-05,82.7,NBM
KJFK,2025-08-06,79.8,NBM
KJFK,2025-08-07,78.9,NBM
KJFK,2025-08-08,79.3,NBM
KJFK,2025-08-09,80.0,NBM
KJFK,2025-08-10,84.0,NBM
KJFK,2025-08-11,84.7,NBM
KJFK,2025-08-12,84.4,NBM
KJFK,2025-08-13,84.8,NBM
KJFK,2025-08-14,85.7,NBM
KJFK,2025-08-15,85.3,NBM
KJFK,2025-08-16,80.7,NBM
KJFK,2025-08-17,85.5,NBM
KJFK,2025-08-18,78.3,NBM
KJFK,2025-08-19,74.4,NBM
KJFK,2025-08-20,72.6,NBM
KJFK,2025-08-21,72.6,NBM
KJFK,2025-08-22,80.9,NBM
KJFK,2025-08-23,78.7,NBM
KJFK,2025-08-24,78.7,NBM
KJFK,2025-08-25,82.6,NBM
KJFK,2025-08-26,78.1,NBM
KJFK,2025-08-27,76.5,NBM
KJFK,2025-08-28,76.5,NBM
KJFK,2025-08-29,76.8,NBM
KJFK,2025-08-30,75.3,NBM
KJFK,2025-09-06,80.9,NBM
KJFK,2025-09-07,72.6,NBM
KJFK,2025-09-08,72.1,NBM
KJFK,2025-09-09,72.8,NBM
KJFK,2025-09-10,68.9,NBM
KJFK,2025-09-11,78.5,NBM
KJFK,2025-09-12,76.3,NBM
KJFK,2025-09-13,74.5,NBM
KJFK,2025-09-14,77.6,NBM
KJFK,2025-09-15,77.7,NBM
KJFK,2025-09-16,74.1,NBM
KJFK,2025-09-17,71.4,NBM
KJFK,2025-09-18,78.2,NBM
KJFK,2025-09-19,83.0,NBM
KJFK,2025-09-20,75.1,NBM
KJFK,2025-09-21,69.6,NBM
KJFK,2025-09-22,70.9,NBM
KJFK,2025-09-23,77.0,NBM
KJFK,2025-09-24,76.8,NBM
KJFK,2025-09-25,73.9,NBM
KJFK,2025-09-26,79.1,NBM
KJFK,2025-09-27,76.4,NBM
KJFK,2025-09-28,78.0,NBM
KJFK,2025-09-29,77.5,NBM
KJFK,2025-09-30,78.7,NBM
KJFK,2025-10-01,71.5,NBM
KJFK,2025-10-02,66.0,NBM
KJFK,2025-10-03,69.2,NBM
KJFK,2025-10-04,77.4,NBM
KJFK,2025-10-05,78.3,NBM
KJFK,2025-10-06,74.8,NBM
KJFK,2025-10-07,75.7,NBM
KJFK,2025-10-08,69.9,NBM
KJFK,2025-10-09,62.4,NBM
KJFK,2025-10-10,61.5,NBM
KJFK,2025-10-11,66.8,NBM
KJFK,2025-10-12,63.2,NBM
KJFK,2025-10-13,61.0,NBM
KJFK,2025-10-14,62.5,NBM
KJFK,2025-10-15,67.2,NBM
KJFK,2025-10-16,58.5,NBM
KJFK,2025-10-17,61.6,NBM
KJFK,2025-10-18,62.9,NBM
KJFK,2025-10-19,68.9,NBM
KJFK,2025-10-20,65.4,NBM
KJFK,2025-10-21,65.2,NBM
KJFK,2025-10-22,62.9,NBM
KJFK,2025-10-23,60.9,NBM
KJFK,2025-10-24,59.6,NBM
KJFK,2025-10-25,59.3,NBM
KJFK,2025-10-26,58.9,NBM
KJFK,2025-10-27,55.6,NBM
KJFK,2025-10-28,55.1,NBM
KJFK,2025-10-29,55.7,NBM
KJFK,2025-10-30,61.5,NBM
KJFK,2025-10-31,61.2,NBM
KJFK,2025-11-01,56.9,NBM
KJFK,2025-11-02,57.3,NBM
KJFK,2025-11-03,59.1,NBM
KJFK,2025-11-04,59.0,NBM
KJFK,2025-11-05,61.9,NBM
KJFK,2025-11-06,60.5,NBM
KJFK,2025-11-07,58.6,NBM
KJFK,2025-11-08,63.8,NBM
KJFK,2025-11-09,61.6,NBM
KJFK,2025-11-10,59.0,NBM
KJFK,2025-11-11,42.2,NBM
KJFK,2025-11-12,49.9,NBM
KJFK,2025-11-13,50.5,NBM
KJFK,2025-11-14,50.9,NBM
KJFK,2025-11-15,47.9,NBM
KJFK,2025-11-16,54.9,NBM
KJFK,2025-11-17,44.9,NBM
KJFK,2025-11-18,46.9,NBM
KJFK,2025-11-19,46.6,NBM
KJFK,2025-11-20,46.0,NBM
KJFK,2025-11-21,51.2,NBM
KJFK,2025-11-22,50.9,NBM
KJFK,2025-11-23,47.9,NBM
KJFK,2025-11-24,51.0,NBM
KJFK,2025-11-25,54.1,NBM
KJFK,2025-11-26,58.0,NBM
KJFK,2025-11-27,55.5,NBM
KJFK,2025-11-28,43.0,NBM
KJFK,2025-11-29,42.6,NBM
KJFK,2025-11-30,47.6,NBM
KJFK,2025-12-01,44.3,NBM
KJFK,2025-12-02,44.0,NBM
KJFK,2025-12-03,39.7,NBM
KJFK,2025-12-04,40.8,NBM
KJFK,2025-12-05,32.9,NBM
KJFK,2025-12-06,40.9,NBM
KJFK,2025-12-07,41.0,NBM
KJFK,2025-12-08,37.9,NBM
KJFK,2025-12-09,31.9,NBM
KJFK,2025-12-10,44.9,NBM
KJFK,2025-12-11,42.2,NBM
KJFK,2025-12-12,34.3,NBM
KJFK,2025-12-13,40.5,NBM
KJFK,2025-12-14,37.9,NBM
KJFK,2025-12-15,28.8,NBM
KJFK,2025-12-16,30.1,NBM
KJFK,2025-12-17,42.3,NBM
KJFK,2025-12-18,47.3,NBM
KJFK,2025-12-19,54.9,NBM
KJFK,2025-12-20,38.1,NBM
KJFK,2025-12-21,44.9,NBM
KJFK,2025-12-22,37.7,NBM
KJFK,2025-12-23,39.7,NBM
KJFK,2025-12-24,44.1,NBM
KJFK,2025-12-25,46.5,NBM
KJFK,2025-12-26,37.1,NBM
KJFK,2025-12-27,32.8,NBM
KJFK,2025-12-28,33.2,NBM
KJFK,2025-12-29,48.2,NBM
KJFK,2025-12-30,36.6,NBM
KJFK,2025-12-31,32.3,NBM
KJFK,2026-01-01,33.3,NBM
KJFK,2026-01-02,30.3,NBM
KJFK,2026-01-03,30.3,NBM
KJFK,2026-01-04,33.8,NBM
KJFK,2026-01-05,35.3,NBM
KJFK,2026-01-06,41.8,NBM
KJFK,2026-01-07,48.2,NBM
KJFK,2026-01-08,47.9,NBM
KJFK,2026-01-09,47.8,NBM
KJFK,2026-01-10,48.1,NBM
KJFK,2026-01-11,44.9,NBM
KJFK,2026-01-12,40.2,NBM
KJFK,2026-01-13,43.9,NBM
KJFK,2026-01-14,47.6,NBM
KJFK,2026-01-15,44.0,NBM
KJFK,2026-01-16,33.2,NBM
KJFK,2026-01-17,40.0,NBM
KJFK,2026-01-18,35.8,NBM
KJFK,2026-01-19,33.8,NBM
KJFK,2026-01-20,30.9,NBM
KJFK,2026-01-21,34.6,NBM
KJFK,2026-01-22,44.9,NBM
KJFK,2026-01-23,39.4,NBM
KJFK,2026-01-24,29.6,NBM
KJFK,2026-01-25,26.8,NBM
KJFK,2026-01-26,29.6,NBM
KJFK,2026-01-27,21.5,NBM
KJFK,2026-01-28,22.2,NBM
KJFK,2026-01-29,21.3,NBM
KJFK,2026-01-30,18.2,NBM
KJFK,2026-01-31,20.4,NBM
KJFK,2026-02-01,20.8,NBM
KJFK,2026-02-02,31.1,NBM
KJFK,2026-02-03,31.6,NBM
KJFK,2026-02-04,30.4,NBM
KJFK,2026-02-05,28.7,NBM
KJFK,2026-02-06,30.4,NBM
KJFK,2026-02-07,29.0,NBM
KJFK,2026-02-08,15.4,NBM
KJFK,2026-02-09,26.9,NBM
KJFK,2026-02-10,33.3,NBM
KJFK,2026-02-11,39.9,NBM
KJFK,2026-02-12,35.1,NBM
KJFK,2026-02-13,35.3,NBM
KJFK,2026-02-14,41.4,NBM
KJFK,2026-02-15,39.5,NBM
KJFK,2026-02-16,38.2,NBM
KJFK,2026-02-17,40.4,NBM
KJFK,2026-02-18,40.4,NBM
KJFK,2026-02-19,39.5,NBM
KJFK,2026-02-20,39.4,NBM
KJFK,2026-02-21,44.1,NBM
KJFK,2026-02-22,41.3,NBM
KJFK,2026-02-23,34.0,NBM
KJFK,2026-02-24,33.5,NBM
KJFK,2026-02-25,38.7,NBM
KLAS,2026-01-15,71.6,OBS
KLAS,2026-01-16,70.7,OBS
KLAS,2026-01-17,68.6,OBS
KLAS,2026-01-18,67.0,OBS
KLAS,2026-01-19,68.0,OBS
KLAS,2026-01-20,66.7,OBS
KLAS,2026-01-21,62.2,OBS
KLAS,2026-01-22,60.1,OBS
KLAS,2026-01-23,59.0,OBS
KLAS,2026-01-24,59.9,OBS
KLAS,2026-01-25,58.9,OBS
KLAS,2026-01-26,56.9,OBS
KLAS,2026-01-27,58.2,OBS
KLAS,2026-01-28,59.8,OBS
KLAS,2026-01-29,63.8,OBS
KLAS,2026-01-30,67.1,OBS
KLAS,2026-01-31,68.1,OBS
KLAS,2026-02-01,70.0,OBS
KLAS,2026-02-02,72.9,OBS
KLAS,2026-02-03,73.4,OBS
KLAS,2026-02-04,74.2,OBS
KLAS,2026-02-05,73.7,OBS
KLAS,2026-02-06,72.6,OBS
KLAS,2026-02-07,72.9,OBS
KLAS,2026-02-08,73.1,OBS
KLAS,2026-02-09,72.6,OBS
KLAS,2026-02-10,70.0,OBS
KLAS,2026-02-11,70.8,OBS
KLAS,2026-02-12,68.5,OBS
KLAS,2026-02-13,68.3,OBS
KLAS,2026-02-14,67.9,OBS
KLAS,2026-02-15,68.4,OBS
KLAS,2026-02-16,66.9,OBS
KLAS,2026-02-17,62.2,OBS
KLAS,2026-02-18,59.2,OBS
KLAS,2026-02-19,48.4,OBS
KLAS,2026-02-20,52.3,OBS
KLAS,2026-02-21,54.8,OBS
KLAS,2026-02-22,62.9,OBS
KLAS,2026-02-23,69.2,OBS
KLAS,2026-02-24,72.7,OBS
KLAS,2026-02-25,79.2,OBS
KLAS,2026-01-15,71.9,GFS
KLAS,2026-01-16,70.5,GFS
KLAS,2026-01-17,69.5,GFS
KLAS,2026-01-18,66.7,GFS
KLAS,2026-01-19,68.0,GFS
KLAS,2026-01-20,67.1,GFS
KLAS,2026-01-21,62.9,GFS
KLAS,2026-01-22,58.1,GFS
KLAS,2026-01-23,59.0,GFS
KLAS,2026-01-24,59.6,GFS
KLAS,2026-01-25,59.1,GFS
KLAS,2026-01-26,57.8,GFS
KLAS,2026-01-27,60.5,GFS
KLAS,2026-01-28,61.5,GFS
KLAS,2026-01-29,64.3,GFS
KLAS,2026-01-30,66.5,GFS
KLAS,2026-01-31,69.0,GFS
KLAS,2026-02-01,70.7,GFS
KLAS,2026-02-02,73.7,GFS
KLAS,2026-02-03,73.5,GFS
KLAS,2026-02-04,73.9,GFS
KLAS,2026-02-05,74.1,GFS
KLAS,2026-02-06,72.9,GFS
KLAS,2026-02-07,73.1,GFS
KLAS,2026-02-08,72.9,GFS
KLAS,2026-02-09,72.9,GFS
KLAS,2026-02-10,70.4,GFS
KLAS,2026-02-11,71.1,GFS
KLAS,2026-02-12,69.3,GFS
KLAS,2026-02-13,68.6,GFS
KLAS,2026-02-14,68.9,GFS
KLAS,2026-02-15,68.9,GFS
KLAS,2026-02-16,66.5,GFS
KLAS,2026-02-17,61.6,GFS
KLAS,2026-02-18,58.6,GFS
KLAS,2026-02-19,50.0,GFS
KLAS,2026-02-20,53.3,GFS
KLAS,2026-02-21,56.3,GFS
KLAS,2026-02-22,64.2,GFS
KLAS,2026-02-23,69.8,GFS
KLAS,2026-02-24,71.7,GFS
KLAS,2026-02-25,76.7,GFS
KLAS,2026-01-15,68.3,ECMWF
KLAS,2026-01-16,68.2,ECMWF
KLAS,2026-01-17,65.9,ECMWF
KLAS,2026-01-18,65.0,ECMWF
KLAS,2026-01-19,65.2,ECMWF
KLAS,2026-01-20,64.5,ECMWF
KLAS,2026-01-21,60.5,ECMWF
KLAS,2026-01-22,58.2,ECMWF
KLAS,2026-01-23,59.9,ECMWF
KLAS,2026-01-24,58.5,ECMWF
KLAS,2026-01-25,57.6,ECMWF
KLAS,2026-01-26,57.2,ECMWF
KLAS,2026-01-27,57.1,ECMWF
KLAS,2026-01-28,59.9,ECMWF
KLAS,2026-01-29,62.4,ECMWF
KLAS,2026-01-30,65.1,ECMWF
KLAS,2026-01-31,67.6,ECMWF
KLAS,2026-02-01,68.1,ECMWF
KLAS,2026-02-02,71.9,ECMWF
KLAS,2026-02-03,71.3,ECMWF
KLAS,2026-02-04,73.0,ECMWF
KLAS,2026-02-05,72.2,ECMWF
KLAS,2026-02-06,71.7,ECMWF
KLAS,2026-02-07,72.2,ECMWF
KLAS,2026-02-08,72.9,ECMWF
KLAS,2026-02-09,72.6,ECMWF
KLAS,2026-02-10,67.3,ECMWF
KLAS,2026-02-11,69.9,ECMWF
KLAS,2026-02-12,67.8,ECMWF
KLAS,2026-02-13,67.4,ECMWF
KLAS,2026-02-14,68.8,ECMWF
KLAS,2026-02-15,68.5,ECMWF
KLAS,2026-02-16,67.0,ECMWF
KLAS,2026-02-17,61.8,ECMWF
KLAS,2026-02-18,57.7,ECMWF
KLAS,2026-02-19,47.1,ECMWF
KLAS,2026-02-20,51.9,ECMWF
KLAS,2026-02-21,53.7,ECMWF
KLAS,2026-02-22,61.6,ECMWF
KLAS,2026-02-23,67.3,ECMWF
KLAS,2026-02-24,74.0,ECMWF
KLAS,2026-02-25,78.4,ECMWF
KLAS,2026-01-15,71.7,NBM
KLAS,2026-01-16,70.5,NBM
KLAS,2026-01-17,69.2,NBM
KLAS,2026-01-18,67.5,NBM
KLAS,2026-01-19,67.6,NBM
KLAS,2026-01-20,66.8,NBM
KLAS,2026-01-21,63.3,NBM
KLAS,2026-01-22,60.5,NBM
KLAS,2026-01-23,62.0,NBM
KLAS,2026-01-24,61.9,NBM
KLAS,2026-01-25,59.3,NBM
KLAS,2026-01-26,58.2,NBM
KLAS,2026-01-27,59.8,NBM
KLAS,2026-01-28,62.0,NBM
KLAS,2026-01-29,64.6,NBM
KLAS,2026-01-30,67.6,NBM
KLAS,2026-01-31,69.4,NBM
KLAS,2026-02-01,71.0,NBM
KLAS,2026-02-02,73.5,NBM
KLAS,2026-02-03,73.6,NBM
KLAS,2026-02-04,74.3,NBM
KLAS,2026-02-05,74.4,NBM
KLAS,2026-02-06,72.9,NBM
KLAS,2026-02-07,73.2,NBM
KLAS,2026-02-08,73.4,NBM
KLAS,2026-02-09,73.5,NBM
KLAS,2026-02-10,70.9,NBM
KLAS,2026-02-11,70.5,NBM
KLAS,2026-02-12,68.9,NBM
KLAS,2026-02-13,68.5,NBM
KLAS,2026-02-14,68.3,NBM
KLAS,2026-02-15,68.5,NBM
KLAS,2026-02-16,67.5,NBM
KLAS,2026-02-17,63.4,NBM
KLAS,2026-02-18,58.5,NBM
KLAS,2026-02-19,51.8,NBM
KLAS,2026-02-20,53.7,NBM
KLAS,2026-02-21,57.1,NBM
KLAS,2026-02-22,64.6,NBM
KLAS,2026-02-23,69.9,NBM
KLAS,2026-02-24,73.7,NBM
KLAS,2026-02-25,77.4,NBM
KLAX,2025-01-06,69.1,OBS
KLAX,2025-01-07,71.6,OBS
KLAX,2025-01-08,72.2,OBS
KLAX,2025-01-09,71.0,OBS
KLAX,2025-01-10,68.0,OBS
KLAX,2025-01-11,66.7,OBS
KLAX,2025-01-12,66.4,OBS
KLAX,2025-01-13,65.2,OBS
KLAX,2025-01-14,64.2,OBS
KLAX,2025-01-15,69.7,OBS
KLAX,2025-01-16,66.4,OBS
KLAX,2025-01-17,59.6,OBS
KLAX,2025-01-18,60.3,OBS
KLAX,2025-01-19,57.8,OBS
KLAX,2025-01-20,67.6,OBS
KLAX,2025-01-21,68.6,OBS
KLAX,2025-01-22,71.5,OBS
KLAX,2025-01-23,72.2,OBS
KLAX,2025-01-24,70.9,OBS
KLAX,2025-01-25,63.2,OBS
KLAX,2025-01-26,56.4,OBS
KLAX,2025-01-27,54.9,OBS
KLAX,2025-01-28,57.9,OBS
KLAX,2025-01-29,57.4,OBS
KLAX,2025-01-30,55.7,OBS
KLAX,2025-01-31,56.9,OBS
KLAX,2025-02-01,62.9,OBS
KLAX,2025-02-02,65.9,OBS
KLAX,2025-02-03,58.2,OBS
KLAX,2025-02-04,61.2,OBS
KLAX,2025-02-05,59.9,OBS
KLAX,2025-02-06,63.4,OBS
KLAX,2025-02-07,61.3,OBS
KLAX,2025-02-08,58.2,OBS
KLAX,2025-02-09,63.4,OBS
KLAX,2025-02-10,59.9,OBS
KLAX,2025-02-11,57.8,OBS
KLAX,2025-02-12,56.6,OBS
KLAX,2025-02-13,58.8,OBS
KLAX,2025-02-14,57.9,OBS
KLAX,2025-02-15,62.1,OBS
KLAX,2025-02-16,64.5,OBS
KLAX,2025-02-17,63.0,OBS
KLAX,2025-02-18,62.4,OBS
KLAX,2025-02-19,64.5,OBS
KLAX,2025-02-20,68.6,OBS
KLAX,2025-02-21,69.7,OBS
KLAX,2025-02-22,72.5,OBS
KLAX,2025-02-23,72.4,OBS
KLAX,2025-02-24,67.2,OBS
KLAX,2025-02-25,65.7,OBS
KLAX,2025-02-26,72.1,OBS
KLAX,2025-02-27,77.9,OBS
KLAX,2025-02-28,71.6,OBS
KLAX,2025-03-01,61.8,OBS
KLAX,2025-03-02,58.9,OBS
KLAX,2025-03-03,61.8,OBS
KLAX,2025-03-04,64.9,OBS
KLAX,2025-03-05,59.1,OBS
KLAX,2025-03-06,54.1,OBS
KLAX,2025-03-07,57.9,OBS
KLAX,2025-03-08,61.4,OBS
KLAX,2025-03-09,65.7,OBS
KLAX,2025-03-10,64.3,OBS
KLAX,2025-03-11,58.7,OBS
KLAX,2025-03-12,61.1,OBS
KLAX,2025-03-13,58.6,OBS
KLAX,2025-03-14,52.1,OBS
KLAX,2025-03-15,58.9,OBS
KLAX,2025-03-16,62.2,OBS
KLAX,2025-03-17,59.8,OBS
KLAX,2025-03-18,61.5,OBS
KLAX,2025-03-19,72.1,OBS
KLAX,2025-03-20,70.0,OBS
KLAX,2025-03-21,68.9,OBS
KLAX,2025-03-22,68.4,OBS
KLAX,2025-03-23,67.2,OBS
KLAX,2025-03-24,72.2,OBS
KLAX,2025-03-25,69.3,OBS
KLAX,2025-03-26,61.7,OBS
KLAX,2025-03-27,61.3,OBS
KLAX,2025-03-28,65.3,OBS
KLAX,2025-03-29,64.7,OBS
KLAX,2025-03-30,60.8,OBS
KLAX,2025-03-31,64.2,OBS
KLAX,2025-04-01,60.3,OBS
KLAX,2025-04-02,59.6,OBS
KLAX,2025-04-03,64.0,OBS
KLAX,2025-04-04,65.0,OBS
KLAX,2025-04-05,73.8,OBS
KLAX,2025-04-06,75.2,OBS
KLAX,2025-04-07,70.2,OBS
KLAX,2025-04-08,68.4,OBS
KLAX,2025-04-09,70.6,OBS
KLAX,2025-04-10,69.9,OBS
KLAX,2025-04-11,72.8,OBS
KLAX,2025-04-12,68.7,OBS
KLAX,2025-04-13,66.9,OBS
KLAX,2025-04-14,64.3,OBS
KLAX,2025-04-15,62.3,OBS
KLAX,2025-04-16,63.2,OBS
KLAX,2025-04-17,61.5,OBS
KLAX,2025-04-18,59.9,OBS
KLAX,2025-04-19,64.1,OBS
KLAX,2025-04-20,65.4,OBS
KLAX,2025-04-21,64.2,OBS
KLAX,2025-04-22,62.4,OBS
KLAX,2025-04-23,62.3,OBS
KLAX,2025-04-24,63.9,OBS
KLAX,2025-04-25,60.7,OBS
KLAX,2025-04-26,59.3,OBS
KLAX,2025-04-27,59.9,OBS
KLAX,2025-04-28,64.0,OBS
KLAX,2025-04-29,67.2,OBS
KLAX,2025-04-30,66.4,OBS
KLAX,2025-05-01,65.3,OBS
KLAX,2025-05-02,64.3,OBS
KLAX,2025-05-03,65.5,OBS
KLAX,2025-05-04,61.6,OBS
KLAX,2025-05-05,66.8,OBS
KLAX,2025-05-06,64.7,OBS
KLAX,2025-05-07,65.3,OBS
KLAX,2025-05-08,69.3,OBS
KLAX,2025-05-09,76.1,OBS
KLAX,2025-05-10,81.1,OBS
KLAX,2025-05-11,77.3,OBS
KLAX,2025-05-12,70.7,OBS
KLAX,2025-05-13,66.2,OBS
KLAX,2025-05-14,67.6,OBS
KLAX,2025-05-15,68.9,OBS
KLAX,2025-05-16,67.8,OBS
KLAX,2025-05-17,63.1,OBS
KLAX,2025-05-18,67.2,OBS
KLAX,2025-05-19,71.9,OBS
KLAX,2025-05-20,76.2,OBS
KLAX,2025-05-21,77.9,OBS
KLAX,2025-05-22,75.5,OBS
KLAX,2025-05-23,71.6,OBS
KLAX,2025-05-24,69.0,OBS
KLAX,2025-05-25,69.4,OBS
KLAX,2025-05-26,68.8,OBS
KLAX,2025-05-27,70.5,OBS
KLAX,2025-05-28,68.3,OBS
KLAX,2025-05-29,68.6,OBS
KLAX,2025-05-30,77.0,OBS
KLAX,2025-05-31,73.8,OBS
KLAX,2025-06-01,73.0,OBS
KLAX,2025-06-02,69.5,OBS
KLAX,2025-06-03,68.4,OBS
KLAX,2025-06-04,64.9,OBS
KLAX,2025-06-05,64.6,OBS
KLAX,2025-06-06,65.8,OBS
KLAX,2025-06-07,65.5,OBS
KLAX,2025-06-08,66.7,OBS
KLAX,2025-06-09,69.1,OBS
KLAX,2025-06-10,71.2,OBS
KLAX,2025-06-11,70.2,OBS
KLAX,2025-06-12,71.2,OBS
KLAX,2025-06-13,70.9,OBS
KLAX,2025-06-14,74.3,OBS
KLAX,2025-06-15,76.3,OBS
KLAX,2025-06-16,76.6,OBS
KLAX,2025-06-17,76.6,OBS
KLAX,2025-06-18,76.0,OBS
KLAX,2025-06-19,73.9,OBS
KLAX,2025-06-20,72.8,OBS
KLAX,2025-06-21,73.1,OBS
KLAX,2025-06-22,73.3,OBS
KLAX,2025-06-23,72.9,OBS
KLAX,2025-06-24,69.6,OBS
KLAX,2025-06-25,71.6,OBS
KLAX,2025-06-26,72.0,OBS
KLAX,2025-06-27,74.6,OBS
KLAX,2025-06-28,73.5,OBS
KLAX,2025-06-29,69.6,OBS
KLAX,2025-06-30,70.2,OBS
KLAX,2025-07-01,70.5,OBS
KLAX,2025-07-02,69.8,OBS
KLAX,2025-07-03,73.8,OBS
KLAX,2025-07-04,73.0,OBS
KLAX,2025-07-05,76.6,OBS
KLAX,2025-07-06,73.6,OBS
KLAX,2025-07-07,70.9,OBS
KLAX,2025-07-08,71.5,OBS
KLAX,2025-07-09,76.2,OBS
KLAX,2025-07-10,77.5,OBS
KLAX,2025-07-11,75.9,OBS
KLAX,2025-07-12,75.3,OBS
KLAX,2025-07-13,71.2,OBS
KLAX,2025-07-14,71.7,OBS
KLAX,2025-07-15,73.5,OBS
KLAX,2025-07-16,73.6,OBS
KLAX,2025-07-17,71.7,OBS
KLAX,2025-07-18,71.5,OBS
KLAX,2025-07-19,73.1,OBS
KLAX,2025-07-20,73.9,OBS
KLAX,2025-07-21,74.8,OBS
KLAX,2025-07-22,71.0,OBS
KLAX,2025-07-23,70.4,OBS
KLAX,2025-07-24,71.8,OBS
KLAX,2025-07-25,72.5,OBS
KLAX,2025-07-26,70.9,OBS
KLAX,2025-07-27,71.9,OBS
KLAX,2025-07-28,72.5,OBS
KLAX,2025-07-29,74.8,OBS
KLAX,2025-07-30,75.8,OBS
KLAX,2025-07-31,75.9,OBS
KLAX,2025-08-01,75.9,OBS
KLAX,2025-08-02,74.1,OBS
KLAX,2025-08-03,75.9,OBS
KLAX,2025-08-04,75.2,OBS
KLAX,2025-08-05,77.9,OBS
KLAX,2025-08-06,78.3,OBS
KLAX,2025-08-07,82.5,OBS
KLAX,2025-08-08,78.7,OBS
KLAX,2025-08-09,73.4,OBS
KLAX,2025-08-10,75.8,OBS
KLAX,2025-08-11,79.4,OBS
KLAX,2025-08-12,77.4,OBS
KLAX,2025-08-13,74.9,OBS
KLAX,2025-08-14,75.5,OBS
KLAX,2025-08-15,76.1,OBS
KLAX,2025-08-16,75.2,OBS
KLAX,2025-08-17,75.7,OBS
KLAX,2025-08-18,78.0,OBS
KLAX,2025-08-19,79.8,OBS
KLAX,2025-08-20,80.8,OBS
KLAX,2025-08-21,83.8,OBS
KLAX,2025-08-22,85.8,OBS
KLAX,2025-08-23,81.2,OBS
KLAX,2025-08-24,80.3,OBS
KLAX,2025-08-25,78.4,OBS
KLAX,2025-08-26,75.6,OBS
KLAX,2025-08-27,80.2,OBS
KLAX,2025-08-28,81.5,OBS
KLAX,2025-08-29,83.0,OBS
KLAX,2025-08-30,81.0,OBS
KLAX,2025-08-31,80.9,OBS
KLAX,2025-09-01,80.0,OBS
KLAX,2025-09-02,79.1,OBS
KLAX,2025-09-03,82.8,OBS
KLAX,2025-09-04,78.9,OBS
KLAX,2025-09-05,77.9,OBS
KLAX,2025-09-06,77.0,OBS
KLAX,2025-09-07,78.9,OBS
KLAX,2025-09-08,76.7,OBS
KLAX,2025-09-09,78.0,OBS
KLAX,2025-09-10,76.0,OBS
KLAX,2025-09-11,74.4,OBS
KLAX,2025-09-12,77.7,OBS
KLAX,2025-09-13,76.1,OBS
KLAX,2025-09-14,77.0,OBS
KLAX,2025-09-15,78.6,OBS
KLAX,2025-09-16,78.1,OBS
KLAX,2025-09-17,77.7,OBS
KLAX,2025-09-18,77.9,OBS
KLAX,2025-09-19,77.4,OBS
KLAX,2025-09-20,74.9,OBS
KLAX,2025-09-21,75.7,OBS
KLAX,2025-09-22,79.2,OBS
KLAX,2025-09-23,80.8,OBS
KLAX,2025-09-24,77.0,OBS
KLAX,2025-09-25,74.9,OBS
KLAX,2025-09-26,74.4,OBS
KLAX,2025-09-27,75.2,OBS
KLAX,2025-09-28,74.2,OBS
KLAX,2025-09-29,73.1,OBS
KLAX,2025-09-30,72.1,OBS
KLAX,2025-10-01,74.0,OBS
KLAX,2025-10-02,75.0,OBS
KLAX,2025-10-03,72.9,OBS
KLAX,2025-10-04,75.5,OBS
KLAX,2025-10-05,74.5,OBS
KLAX,2025-10-06,73.0,OBS
KLAX,2025-10-07,70.8,OBS
KLAX,2025-10-08,69.5,OBS
KLAX,2025-10-09,74.4,OBS
KLAX,2025-10-10,77.7,OBS
KLAX,2025-10-11,76.6,OBS
KLAX,2025-10-12,73.7,OBS
KLAX,2025-10-13,69.9,OBS
KLAX,2025-10-14,66.2,OBS
KLAX,2025-10-15,65.1,OBS
KLAX,2025-10-16,70.3,OBS
KLAX,2025-10-17,73.3,OBS
KLAX,2025-10-18,76.8,OBS
KLAX,2025-10-19,76.1,OBS
KLAX,2025-10-20,75.9,OBS
KLAX,2025-10-21,73.4,OBS
KLAX,2025-10-22,68.5,OBS
KLAX,2025-10-23,71.2,OBS
KLAX,2025-10-24,72.9,OBS
KLAX,2025-10-25,67.6,OBS
KLAX,2025-10-26,67.6,OBS
KLAX,2025-10-27,70.3,OBS
KLAX,2025-10-28,81.3,OBS
KLAX,2025-10-29,87.1,OBS
KLAX,2025-10-30,82.4,OBS
KLAX,2025-10-31,72.4,OBS
KLAX,2025-11-01,69.1,OBS
KLAX,2025-11-02,69.0,OBS
KLAX,2025-11-03,70.1,OBS
KLAX,2025-11-04,69.3,OBS
KLAX,2025-11-05,67.1,OBS
KLAX,2025-11-06,70.5,OBS
KLAX,2025-11-07,72.4,OBS
KLAX,2025-11-08,75.2,OBS
KLAX,2025-11-09,75.1,OBS
KLAX,2025-11-10,74.1,OBS
KLAX,2025-11-11,69.3,OBS
KLAX,2025-11-12,68.4,OBS
KLAX,2025-11-13,73.0,OBS
KLAX,2025-11-14,69.2,OBS
KLAX,2025-11-15,63.6,OBS
KLAX,2025-11-16,62.1,OBS
KLAX,2025-11-17,62.1,OBS
KLAX,2025-11-18,59.5,OBS
KLAX,2025-11-19,60.7,OBS
KLAX,2025-11-20,61.4,OBS
KLAX,2025-11-21,63.8,OBS
KLAX,2025-11-22,67.6,OBS
KLAX,2025-11-23,67.0,OBS
KLAX,2025-11-24,65.6,OBS
KLAX,2025-11-25,70.0,OBS
KLAX,2025-11-26,73.7,OBS
KLAX,2025-11-27,72.4,OBS
KLAX,2025-11-28,67.9,OBS
KLAX,2025-11-29,65.8,OBS
KLAX,2025-11-30,62.1,OBS
KLAX,2025-12-01,65.2,OBS
KLAX,2025-12-02,63.2,OBS
KLAX,2025-12-03,64.8,OBS
KLAX,2025-12-04,67.4,OBS
KLAX,2025-12-05,65.8,OBS
KLAX,2025-12-06,66.2,OBS
KLAX,2025-12-07,67.6,OBS
KLAX,2025-12-08,72.8,OBS
KLAX,2025-12-09,76.7,OBS
KLAX,2025-12-10,75.3,OBS
KLAX,2025-12-11,75.7,OBS
KLAX,2025-12-12,70.2,OBS
KLAX,2025-12-13,62.8,OBS
KLAX,2025-12-14,63.8,OBS
KLAX,2025-12-15,64.6,OBS
KLAX,2025-12-16,65.2,OBS
KLAX,2025-12-17,63.1,OBS
KLAX,2025-12-18,69.7,OBS
KLAX,2025-12-19,66.8,OBS
KLAX,2025-12-20,63.2,OBS
KLAX,2025-12-21,63.3,OBS
KLAX,2025-12-22,62.0,OBS
KLAX,2025-12-23,61.8,OBS
KLAX,2025-12-24,63.6,OBS
KLAX,2025-12-25,64.4,OBS
KLAX,2025-12-26,62.8,OBS
KLAX,2025-12-27,59.7,OBS
KLAX,2025-12-28,63.9,OBS
KLAX,2025-12-29,67.7,OBS
KLAX,2025-12-30,65.4,OBS
KLAX,2025-12-31,64.8,OBS
KLAX,2026-01-01,63.1,OBS
KLAX,2026-01-02,63.1,OBS
KLAX,2026-01-03,63.5,OBS
KLAX,2026-01-04,59.7,OBS
KLAX,2026-01-05,61.2,OBS
KLAX,2026-01-06,63.6,OBS
KLAX,2026-01-07,63.2,OBS
KLAX,2026-01-08,59.5,OBS
KLAX,2026-01-09,60.7,OBS
KLAX,2026-01-10,64.0,OBS
KLAX,2026-01-11,67.6,OBS
KLAX,2026-01-12,67.5,OBS
KLAX,2026-01-13,72.6,OBS
KLAX,2026-01-14,72.9,OBS
KLAX,2026-01-15,74.3,OBS
KLAX,2026-01-16,71.6,OBS
KLAX,2026-01-17,71.2,OBS
KLAX,2026-01-18,71.1,OBS
KLAX,2026-01-19,70.7,OBS
KLAX,2026-01-20,72.6,OBS
KLAX,2026-01-21,64.9,OBS
KLAX,2026-01-22,62.0,OBS
KLAX,2026-01-23,62.5,OBS
KLAX,2026-01-24,62.0,OBS
KLAX,2026-01-25,64.0,OBS
KLAX,2026-01-26,69.7,OBS
KLAX,2026-01-27,68.8,OBS
KLAX,2026-01-28,69.3,OBS
KLAX,2026-01-29,76.3,OBS
KLAX,2026-01-30,79.4,OBS
KLAX,2026-01-31,81.1,OBS
KLAX,2026-02-01,75.2,OBS
KLAX,2026-02-02,73.5,OBS
KLAX,2026-02-03,72.0,OBS
KLAX,2026-02-04,81.1,OBS
KLAX,2026-02-05,80.4,OBS
KLAX,2026-02-06,75.0,OBS
KLAX,2026-02-07,68.2,OBS
KLAX,2026-02-08,78.7,OBS
KLAX,2026-02-09,73.8,OBS
KLAX,2026-02-10,67.0,OBS
KLAX,2026-02-11,62.5,OBS
KLAX,2026-02-12,62.6,OBS
KLAX,2026-02-13,67.0,OBS
KLAX,2026-02-14,65.9,OBS
KLAX,2026-02-15,63.6,OBS
KLAX,2026-02-16,61.4,OBS
KLAX,2026-02-17,58.5,OBS
KLAX,2026-02-18,58.1,OBS
KLAX,2026-02-19,56.4,OBS
KLAX,2026-02-20,57.5,OBS
KLAX,2026-02-21,65.6,OBS
KLAX,2026-02-22,65.7,OBS
KLAX,2026-02-23,70.0,OBS
KLAX,2026-02-24,70.5,OBS
KLAX,2026-02-25,70.2,OBS
KLAX,2025-01-06,70.7,GFS
KLAX,2025-01-07,72.3,GFS
KLAX,2025-01-08,72.0,GFS
KLAX,2025-01-09,69.5,GFS
KLAX,2025-01-10,69.4,GFS
KLAX,2025-01-11,65.0,GFS
KLAX,2025-01-12,67.7,GFS
KLAX,2025-01-13,66.9,GFS
KLAX,2025-01-14,65.0,GFS
KLAX,2025-01-15,71.2,GFS
KLAX,2025-01-16,66.9,GFS
KLAX,2025-01-17,60.3,GFS
KLAX,2025-01-18,61.4,GFS
KLAX,2025-01-19,57.6,GFS
KLAX,2025-01-20,65.4,GFS
KLAX,2025-01-21,69.3,GFS
KLAX,2025-01-22,74.0,GFS
KLAX,2025-01-23,79.5,GFS
KLAX,2025-01-24,74.9,GFS
KLAX,2025-01-25,65.6,GFS
KLAX,2025-01-26,56.6,GFS
KLAX,2025-01-27,58.6,GFS
KLAX,2025-01-28,60.1,GFS
KLAX,2025-01-29,59.6,GFS
KLAX,2025-01-30,57.5,GFS
KLAX,2025-01-31,59.8,GFS
KLAX,2025-02-01,66.1,GFS
KLAX,2025-02-02,63.9,GFS
KLAX,2025-02-03,58.1,GFS
KLAX,2025-02-04,63.2,GFS
KLAX,2025-02-05,62.6,GFS
KLAX,2025-02-06,61.6,GFS
KLAX,2025-02-07,60.0,GFS
KLAX,2025-02-08,62.3,GFS
KLAX,2025-02-09,65.0,GFS
KLAX,2025-02-10,62.6,GFS
KLAX,2025-02-11,58.7,GFS
KLAX,2025-02-12,57.8,GFS
KLAX,2025-02-13,58.8,GFS
KLAX,2025-02-14,59.6,GFS
KLAX,2025-02-15,67.3,GFS
KLAX,2025-02-16,69.2,GFS
KLAX,2025-02-17,65.3,GFS
KLAX,2025-02-18,64.0,GFS
KLAX,2025-02-19,62.8,GFS
KLAX,2025-02-20,62.3,GFS
KLAX,2025-02-21,71.9,GFS
KLAX,2025-02-22,65.0,GFS
KLAX,2025-02-23,69.4,GFS
KLAX,2025-02-24,68.3,GFS
KLAX,2025-02-25,66.0,GFS
KLAX,2025-02-26,62.0,GFS
KLAX,2025-02-27,85.2,GFS
KLAX,2025-02-28,73.3,GFS
KLAX,2025-03-01,61.1,GFS
KLAX,2025-03-02,61.4,GFS
KLAX,2025-03-03,61.9,GFS
KLAX,2025-03-04,64.2,GFS
KLAX,2025-03-05,58.6,GFS
KLAX,2025-03-06,56.3,GFS
KLAX,2025-03-07,61.0,GFS
KLAX,2025-03-08,62.3,GFS
KLAX,2025-03-09,72.5,GFS
KLAX,2025-03-10,65.0,GFS
KLAX,2025-03-11,61.8,GFS
KLAX,2025-03-12,61.4,GFS
KLAX,2025-03-13,60.5,GFS
KLAX,2025-03-14,55.2,GFS
KLAX,2025-03-15,61.1,GFS
KLAX,2025-03-16,65.8,GFS
KLAX,2025-03-17,61.9,GFS
KLAX,2025-03-18,62.7,GFS
KLAX,2025-03-19,73.8,GFS
KLAX,2025-03-20,67.1,GFS
KLAX,2025-03-21,68.0,GFS
KLAX,2025-03-22,67.4,GFS
KLAX,2025-03-23,65.4,GFS
KLAX,2025-03-24,68.4,GFS
KLAX,2025-03-25,61.4,GFS
KLAX,2025-03-26,61.6,GFS
KLAX,2025-03-27,63.6,GFS
KLAX,2025-03-28,65.1,GFS
KLAX,2025-03-29,63.4,GFS
KLAX,2025-03-30,62.5,GFS
KLAX,2025-03-31,63.1,GFS
KLAX,2025-04-01,62.5,GFS
KLAX,2025-04-02,61.7,GFS
KLAX,2025-04-03,62.3,GFS
KLAX,2025-04-04,63.9,GFS
KLAX,2025-04-05,74.2,GFS
KLAX,2025-04-06,76.6,GFS
KLAX,2025-04-07,67.7,GFS
KLAX,2025-04-08,66.7,GFS
KLAX,2025-04-09,70.6,GFS
KLAX,2025-04-10,70.0,GFS
KLAX,2025-04-11,72.4,GFS
KLAX,2025-04-12,72.8,GFS
KLAX,2025-04-13,63.5,GFS
KLAX,2025-04-14,63.4,GFS
KLAX,2025-04-15,61.9,GFS
KLAX,2025-04-16,66.0,GFS
KLAX,2025-04-17,63.4,GFS
KLAX,2025-04-18,61.2,GFS
KLAX,2025-04-19,65.3,GFS
KLAX,2025-04-20,63.5,GFS
KLAX,2025-04-21,63.4,GFS
KLAX,2025-04-22,62.8,GFS
KLAX,2025-04-23,61.4,GFS
KLAX,2025-04-24,63.5,GFS
KLAX,2025-04-25,62.1,GFS
KLAX,2025-04-26,61.2,GFS
KLAX,2025-04-27,61.9,GFS
KLAX,2025-04-28,63.9,GFS
KLAX,2025-04-29,65.5,GFS
KLAX,2025-04-30,63.4,GFS
KLAX,2025-05-01,64.1,GFS
KLAX,2025-05-02,63.7,GFS
KLAX,2025-05-03,62.3,GFS
KLAX,2025-05-04,61.4,GFS
KLAX,2025-05-05,64.1,GFS
KLAX,2025-05-06,62.8,GFS
KLAX,2025-05-07,66.0,GFS
KLAX,2025-05-08,68.4,GFS
KLAX,2025-05-09,70.7,GFS
KLAX,2025-05-10,80.2,GFS
KLAX,2025-05-11,77.3,GFS
KLAX,2025-05-12,69.9,GFS
KLAX,2025-05-13,67.1,GFS
KLAX,2025-05-14,68.6,GFS
KLAX,2025-05-15,67.2,GFS
KLAX,2025-05-16,65.9,GFS
KLAX,2025-05-17,62.7,GFS
KLAX,2025-05-18,68.0,GFS
KLAX,2025-05-19,71.1,GFS
KLAX,2025-05-20,74.9,GFS
KLAX,2025-05-21,74.0,GFS
KLAX,2025-05-22,70.4,GFS
KLAX,2025-05-23,69.1,GFS
KLAX,2025-05-24,68.2,GFS
KLAX,2025-05-25,67.4,GFS
KLAX,2025-05-26,68.1,GFS
KLAX,2025-05-27,70.3,GFS
KLAX,2025-05-28,67.2,GFS
KLAX,2025-05-29,68.7,GFS
KLAX,2025-05-30,76.2,GFS
KLAX,2025-05-31,72.7,GFS
KLAX,2025-06-01,76.9,GFS
KLAX,2025-06-02,69.4,GFS
KLAX,2025-06-03,65.9,GFS
KLAX,2025-06-04,66.2,GFS
KLAX,2025-06-05,68.5,GFS
KLAX,2025-06-06,66.4,GFS
KLAX,2025-06-07,67.3,GFS
KLAX,2025-06-08,67.1,GFS
KLAX,2025-06-09,68.1,GFS
KLAX,2025-06-10,71.8,GFS
KLAX,2025-06-11,68.6,GFS
KLAX,2025-06-12,70.4,GFS
KLAX,2025-06-13,71.3,GFS
KLAX,2025-06-14,72.4,GFS
KLAX,2025-06-15,74.7,GFS
KLAX,2025-06-16,74.5,GFS
KLAX,2025-06-17,77.0,GFS
KLAX,2025-06-18,76.0,GFS
KLAX,2025-06-19,73.8,GFS
KLAX,2025-06-20,70.4,GFS
KLAX,2025-06-21,70.4,GFS
KLAX,2025-06-22,72.1,GFS
KLAX,2025-06-23,73.0,GFS
KLAX,2025-06-24,68.5,GFS
KLAX,2025-06-25,70.5,GFS
KLAX,2025-06-26,73.1,GFS
KLAX,2025-06-27,73.2,GFS
KLAX,2025-06-28,73.8,GFS
KLAX,2025-06-29,69.5,GFS
KLAX,2025-06-30,71.2,GFS
KLAX,2025-07-01,69.7,GFS
KLAX,2025-07-02,70.0,GFS
KLAX,2025-07-03,72.8,GFS
KLAX,2025-07-04,73.5,GFS
KLAX,2025-07-05,73.2,GFS
KLAX,2025-07-06,71.5,GFS
KLAX,2025-07-07,71.3,GFS
KLAX,2025-07-08,72.3,GFS
KLAX,2025-07-09,75.0,GFS
KLAX,2025-07-10,73.1,GFS
KLAX,2025-07-11,74.0,GFS
KLAX,2025-07-12,73.5,GFS
KLAX,2025-07-13,70.1,GFS
KLAX,2025-07-14,70.4,GFS
KLAX,2025-07-15,72.0,GFS
KLAX,2025-07-16,72.6,GFS
KLAX,2025-07-17,72.5,GFS
KLAX,2025-07-18,73.9,GFS
KLAX,2025-07-19,73.0,GFS
KLAX,2025-07-20,71.4,GFS
KLAX,2025-07-21,71.0,GFS
KLAX,2025-07-22,72.0,GFS
KLAX,2025-07-23,73.5,GFS
KLAX,2025-07-24,72.4,GFS
KLAX,2025-07-25,72.4,GFS
KLAX,2025-07-26,73.4,GFS
KLAX,2025-07-27,72.1,GFS
KLAX,2025-07-28,72.5,GFS
KLAX,2025-07-29,73.1,GFS
KLAX,2025-07-30,74.0,GFS
KLAX,2025-07-31,73.0,GFS
KLAX,2025-08-01,73.1,GFS
KLAX,2025-08-02,72.2,GFS
KLAX,2025-08-03,73.7,GFS
KLAX,2025-08-04,73.7,GFS
KLAX,2025-08-05,75.6,GFS
KLAX,2025-08-06,77.7,GFS
KLAX,2025-08-07,77.1,GFS
KLAX,2025-08-08,75.2,GFS
KLAX,2025-08-09,73.1,GFS
KLAX,2025-08-10,74.1,GFS
KLAX,2025-08-11,74.3,GFS
KLAX,2025-08-12,76.6,GFS
KLAX,2025-08-13,73.6,GFS
KLAX,2025-08-14,71.0,GFS
KLAX,2025-08-15,73.8,GFS
KLAX,2025-08-16,72.8,GFS
KLAX,2025-08-17,75.5,GFS
KLAX,2025-08-18,75.5,GFS
KLAX,2025-08-19,77.4,GFS
KLAX,2025-08-20,79.2,GFS
KLAX,2025-08-21,83.9,GFS
KLAX,2025-08-22,83.5,GFS
KLAX,2025-08-23,86.6,GFS
KLAX,2025-08-24,77.5,GFS
KLAX,2025-08-25,76.8,GFS
KLAX,2025-08-26,75.6,GFS
KLAX,2025-08-27,80.7,GFS
KLAX,2025-08-28,82.3,GFS
KLAX,2025-08-29,84.2,GFS
KLAX,2025-08-30,82.7,GFS
KLAX,2025-08-31,79.2,GFS
KLAX,2025-09-01,80.4,GFS
KLAX,2025-09-02,79.2,GFS
KLAX,2025-09-03,80.8,GFS
KLAX,2025-09-04,77.4,GFS
KLAX,2025-09-05,76.8,GFS
KLAX,2025-09-06,79.5,GFS
KLAX,2025-09-07,80.0,GFS
KLAX,2025-09-08,76.6,GFS
KLAX,2025-09-09,75.8,GFS
KLAX,2025-09-10,76.1,GFS
KLAX,2025-09-11,74.8,GFS
KLAX,2025-09-12,76.6,GFS
KLAX,2025-09-13,74.1,GFS
KLAX,2025-09-14,74.1,GFS
KLAX,2025-09-15,75.4,GFS
KLAX,2025-09-16,78.1,GFS
KLAX,2025-09-17,79.0,GFS
KLAX,2025-09-18,76.0,GFS
KLAX,2025-09-19,77.5,GFS
KLAX,2025-09-20,74.9,GFS
KLAX,2025-09-21,75.9,GFS
KLAX,2025-09-22,75.7,GFS
KLAX,2025-09-23,78.5,GFS
KLAX,2025-09-24,77.1,GFS
KLAX,2025-09-25,72.6,GFS
KLAX,2025-09-26,71.4,GFS
KLAX,2025-09-27,73.6,GFS
KLAX,2025-09-28,74.8,GFS
KLAX,2025-09-29,75.0,GFS
KLAX,2025-09-30,73.8,GFS
KLAX,2025-10-01,73.3,GFS
KLAX,2025-10-02,74.9,GFS
KLAX,2025-10-03,73.0,GFS
KLAX,2025-10-04,74.7,GFS
KLAX,2025-10-05,76.4,GFS
KLAX,2025-10-06,71.2,GFS
KLAX,2025-10-07,70.2,GFS
KLAX,2025-10-08,70.2,GFS
KLAX,2025-10-09,72.3,GFS
KLAX,2025-10-10,75.3,GFS
KLAX,2025-10-11,74.2,GFS
KLAX,2025-10-12,72.5,GFS
KLAX,2025-10-13,71.6,GFS
KLAX,2025-10-14,67.9,GFS
KLAX,2025-10-15,64.7,GFS
KLAX,2025-10-16,72.3,GFS
KLAX,2025-10-17,74.7,GFS
KLAX,2025-10-18,81.3,GFS
KLAX,2025-10-19,77.4,GFS
KLAX,2025-10-20,76.6,GFS
KLAX,2025-10-21,75.3,GFS
KLAX,2025-10-22,69.5,GFS
KLAX,2025-10-23,70.4,GFS
KLAX,2025-10-24,71.8,GFS
KLAX,2025-10-25,66.2,GFS
KLAX,2025-10-26,65.9,GFS
KLAX,2025-10-27,69.7,GFS
KLAX,2025-10-28,81.3,GFS
KLAX,2025-10-29,92.9,GFS
KLAX,2025-10-30,83.1,GFS
KLAX,2025-10-31,72.6,GFS
KLAX,2025-11-01,65.4,GFS
KLAX,2025-11-02,65.9,GFS
KLAX,2025-11-03,68.3,GFS
KLAX,2025-11-04,67.9,GFS
KLAX,2025-11-05,67.6,GFS
KLAX,2025-11-06,70.2,GFS
KLAX,2025-11-07,72.1,GFS
KLAX,2025-11-08,70.6,GFS
KLAX,2025-11-09,68.0,GFS
KLAX,2025-11-10,68.6,GFS
KLAX,2025-11-11,66.2,GFS
KLAX,2025-11-12,67.1,GFS
KLAX,2025-11-13,71.1,GFS
KLAX,2025-11-14,68.6,GFS
KLAX,2025-11-15,63.6,GFS
KLAX,2025-11-16,63.4,GFS
KLAX,2025-11-17,64.5,GFS
KLAX,2025-11-18,60.6,GFS
KLAX,2025-11-19,63.2,GFS
KLAX,2025-11-20,62.0,GFS
KLAX,2025-11-21,64.4,GFS
KLAX,2025-11-22,70.4,GFS
KLAX,2025-11-23,70.6,GFS
KLAX,2025-11-24,67.1,GFS
KLAX,2025-11-25,73.4,GFS
KLAX,2025-11-26,81.4,GFS
KLAX,2025-11-27,80.8,GFS
KLAX,2025-11-28,73.1,GFS
KLAX,2025-11-29,67.7,GFS
KLAX,2025-11-30,62.8,GFS
KLAX,2025-12-01,68.0,GFS
KLAX,2025-12-02,65.7,GFS
KLAX,2025-12-03,67.9,GFS
KLAX,2025-12-04,71.2,GFS
KLAX,2025-12-05,70.2,GFS
KLAX,2025-12-06,69.6,GFS
KLAX,2025-12-07,70.7,GFS
KLAX,2025-12-08,76.1,GFS
KLAX,2025-12-09,81.6,GFS
KLAX,2025-12-10,77.6,GFS
KLAX,2025-12-11,74.1,GFS
KLAX,2025-12-12,68.7,GFS
KLAX,2025-12-13,61.4,GFS
KLAX,2025-12-14,61.8,GFS
KLAX,2025-12-15,64.1,GFS
KLAX,2025-12-16,62.4,GFS
KLAX,2025-12-17,62.9,GFS
KLAX,2025-12-18,69.8,GFS
KLAX,2025-12-19,68.3,GFS
KLAX,2025-12-20,65.3,GFS
KLAX,2025-12-21,63.2,GFS
KLAX,2025-12-22,63.4,GFS
KLAX,2025-12-23,61.9,GFS
KLAX,2025-12-24,63.8,GFS
KLAX,2025-12-25,66.2,GFS
KLAX,2025-12-26,62.6,GFS
KLAX,2025-12-27,60.3,GFS
KLAX,2025-12-28,68.9,GFS
KLAX,2025-12-29,74.7,GFS
KLAX,2025-12-30,74.1,GFS
KLAX,2025-12-31,72.5,GFS
KLAX,2026-01-01,64.4,GFS
KLAX,2026-01-02,64.2,GFS
KLAX,2026-01-03,63.0,GFS
KLAX,2026-01-04,61.6,GFS
KLAX,2026-01-05,62.6,GFS
KLAX,2026-01-06,64.6,GFS
KLAX,2026-01-07,65.4,GFS
KLAX,2026-01-08,63.4,GFS
KLAX,2026-01-09,63.6,GFS
KLAX,2026-01-10,69.4,GFS
KLAX,2026-01-11,75.6,GFS
KLAX,2026-01-12,72.9,GFS
KLAX,2026-01-13,79.0,GFS
KLAX,2026-01-14,80.9,GFS
KLAX,2026-01-15,83.9,GFS
KLAX,2026-01-16,78.5,GFS
KLAX,2026-01-17,74.1,GFS
KLAX,2026-01-18,76.6,GFS
KLAX,2026-01-19,73.9,GFS
KLAX,2026-01-20,67.7,GFS
KLAX,2026-01-21,62.3,GFS
KLAX,2026-01-22,63.9,GFS
KLAX,2026-01-23,63.7,GFS
KLAX,2026-01-24,64.1,GFS
KLAX,2026-01-25,68.9,GFS
KLAX,2026-01-26,74.4,GFS
KLAX,2026-01-27,72.4,GFS
KLAX,2026-01-28,69.5,GFS
KLAX,2026-01-29,80.6,GFS
KLAX,2026-01-30,82.1,GFS
KLAX,2026-01-31,86.0,GFS
KLAX,2026-02-01,75.4,GFS
KLAX,2026-02-02,74.0,GFS
KLAX,2026-02-03,73.7,GFS
KLAX,2026-02-04,87.1,GFS
KLAX,2026-02-05,82.1,GFS
KLAX,2026-02-06,75.0,GFS
KLAX,2026-02-07,68.6,GFS
KLAX,2026-02-08,82.9,GFS
KLAX,2026-02-09,77.3,GFS
KLAX,2026-02-10,65.4,GFS
KLAX,2026-02-11,63.6,GFS
KLAX,2026-02-12,65.6,GFS
KLAX,2026-02-13,68.3,GFS
KLAX,2026-02-14,65.8,GFS
KLAX,2026-02-15,63.7,GFS
KLAX,2026-02-16,61.3,GFS
KLAX,2026-02-17,58.5,GFS
KLAX,2026-02-18,59.1,GFS
KLAX,2026-02-19,57.5,GFS
KLAX,2026-02-20,59.4,GFS
KLAX,2026-02-21,68.6,GFS
KLAX,2026-02-22,69.0,GFS
KLAX,2026-02-23,74.0,GFS
KLAX,2026-02-24,75.5,GFS
KLAX,2026-02-25,69.2,GFS
KLAX,2025-01-06,74.1,ECMWF
KLAX,2025-01-07,70.8,ECMWF
KLAX,2025-01-08,72.5,ECMWF
KLAX,2025-01-09,74.4,ECMWF
KLAX,2025-01-10,73.7,ECMWF
KLAX,2025-01-11,68.2,ECMWF
KLAX,2025-01-12,69.0,ECMWF
KLAX,2025-01-13,67.6,ECMWF
KLAX,2025-01-14,66.5,ECMWF
KLAX,2025-01-15,73.3,ECMWF
KLAX,2025-01-16,72.3,ECMWF
KLAX,2025-01-17,62.7,ECMWF
KLAX,2025-01-18,63.5,ECMWF
KLAX,2025-01-19,61.5,ECMWF
KLAX,2025-01-20,71.1,ECMWF
KLAX,2025-01-21,71.5,ECMWF
KLAX,2025-01-22,76.6,ECMWF
KLAX,2025-01-23,79.5,ECMWF
KLAX,2025-01-24,77.2,ECMWF
KLAX,2025-01-25,69.9,ECMWF
KLAX,2025-01-26,58.2,ECMWF
KLAX,2025-01-27,57.0,ECMWF
KLAX,2025-01-28,59.4,ECMWF
KLAX,2025-01-29,59.6,ECMWF
KLAX,2025-01-30,58.0,ECMWF
KLAX,2025-01-31,61.8,ECMWF
KLAX,2025-02-01,67.7,ECMWF
KLAX,2025-02-02,71.4,ECMWF
KLAX,2025-02-03,68.7,ECMWF
KLAX,2025-02-04,63.5,ECMWF
KLAX,2025-02-05,62.2,ECMWF
KLAX,2025-02-06,62.7,ECMWF
KLAX,2025-02-07,62.4,ECMWF
KLAX,2025-02-08,63.2,ECMWF
KLAX,2025-02-09,68.6,ECMWF
KLAX,2025-02-10,65.7,ECMWF
KLAX,2025-02-11,60.6,ECMWF
KLAX,2025-02-12,58.4,ECMWF
KLAX,2025-02-13,57.8,ECMWF
KLAX,2025-02-14,60.3,ECMWF
KLAX,2025-02-15,64.9,ECMWF
KLAX,2025-02-16,70.1,ECMWF
KLAX,2025-02-17,68.2,ECMWF
KLAX,2025-02-18,65.4,ECMWF
KLAX,2025-02-19,70.8,ECMWF
KLAX,2025-02-20,71.8,ECMWF
KLAX,2025-02-21,74.6,ECMWF
KLAX,2025-02-22,76.4,ECMWF
KLAX,2025-02-23,78.3,ECMWF
KLAX,2025-02-24,76.8,ECMWF
KLAX,2025-02-25,75.2,ECMWF
KLAX,2025-02-26,77.6,ECMWF
KLAX,2025-02-27,79.6,ECMWF
KLAX,2025-02-28,78.4,ECMWF
KLAX,2025-03-01,67.3,ECMWF
KLAX,2025-03-02,61.5,ECMWF
KLAX,2025-03-03,65.3,ECMWF
KLAX,2025-03-04,68.3,ECMWF
KLAX,2025-03-05,63.3,ECMWF
KLAX,2025-03-06,54.4,ECMWF
KLAX,2025-03-07,63.9,ECMWF
KLAX,2025-03-08,66.0,ECMWF
KLAX,2025-03-09,72.6,ECMWF
KLAX,2025-03-10,72.6,ECMWF
KLAX,2025-03-11,68.2,ECMWF
KLAX,2025-03-12,61.9,ECMWF
KLAX,2025-03-13,60.4,ECMWF
KLAX,2025-03-14,55.0,ECMWF
KLAX,2025-03-15,62.9,ECMWF
KLAX,2025-03-16,66.7,ECMWF
KLAX,2025-03-17,63.7,ECMWF
KLAX,2025-03-18,67.9,ECMWF
KLAX,2025-03-19,78.0,ECMWF
KLAX,2025-03-20,77.7,ECMWF
KLAX,2025-03-21,77.4,ECMWF
KLAX,2025-03-22,75.4,ECMWF
KLAX,2025-03-23,75.8,ECMWF
KLAX,2025-03-24,85.2,ECMWF
KLAX,2025-03-25,75.0,ECMWF
KLAX,2025-03-26,64.7,ECMWF
KLAX,2025-03-27,69.6,ECMWF
KLAX,2025-03-28,68.9,ECMWF
KLAX,2025-03-29,69.6,ECMWF
KLAX,2025-03-30,65.1,ECMWF
KLAX,2025-03-31,65.1,ECMWF
KLAX,2025-04-01,64.7,ECMWF
KLAX,2025-04-02,65.6,ECMWF
KLAX,2025-04-03,69.0,ECMWF
KLAX,2025-04-04,72.2,ECMWF
KLAX,2025-04-05,81.3,ECMWF
KLAX,2025-04-06,83.8,ECMWF
KLAX,2025-04-07,80.3,ECMWF
KLAX,2025-04-08,80.4,ECMWF
KLAX,2025-04-09,82.8,ECMWF
KLAX,2025-04-10,83.8,ECMWF
KLAX,2025-04-11,84.2,ECMWF
KLAX,2025-04-12,83.0,ECMWF
KLAX,2025-04-13,73.7,ECMWF
KLAX,2025-04-14,69.6,ECMWF
KLAX,2025-04-15,66.1,ECMWF
KLAX,2025-04-16,67.8,ECMWF
KLAX,2025-04-17,64.7,ECMWF
KLAX,2025-04-18,62.9,ECMWF
KLAX,2025-04-19,74.1,ECMWF
KLAX,2025-04-20,75.8,ECMWF
KLAX,2025-04-21,73.1,ECMWF
KLAX,2025-04-22,69.9,ECMWF
KLAX,2025-04-23,67.5,ECMWF
KLAX,2025-04-24,69.9,ECMWF
KLAX,2025-04-25,65.0,ECMWF
KLAX,2025-04-26,62.0,ECMWF
KLAX,2025-04-27,62.6,ECMWF
KLAX,2025-04-28,71.8,ECMWF
KLAX,2025-04-29,76.1,ECMWF
KLAX,2025-04-30,72.3,ECMWF
KLAX,2025-05-01,71.4,ECMWF
KLAX,2025-05-02,71.0,ECMWF
KLAX,2025-05-03,68.8,ECMWF
KLAX,2025-05-04,64.3,ECMWF
KLAX,2025-05-05,67.9,ECMWF
KLAX,2025-05-06,67.8,ECMWF
KLAX,2025-05-07,73.8,ECMWF
KLAX,2025-05-08,81.6,ECMWF
KLAX,2025-05-09,91.7,ECMWF
KLAX,2025-05-10,100.0,ECMWF
KLAX,2025-05-11,92.0,ECMWF
KLAX,2025-05-12,81.3,ECMWF
KLAX,2025-05-13,72.9,ECMWF
KLAX,2025-05-14,73.7,ECMWF
KLAX,2025-05-15,76.8,ECMWF
KLAX,2025-05-16,73.1,ECMWF
KLAX,2025-05-17,67.9,ECMWF
KLAX,2025-05-18,74.1,ECMWF
KLAX,2025-05-19,80.4,ECMWF
KLAX,2025-05-20,88.1,ECMWF
KLAX,2025-05-21,88.3,ECMWF
KLAX,2025-05-22,84.6,ECMWF
KLAX,2025-05-23,79.6,ECMWF
KLAX,2025-05-24,74.1,ECMWF
KLAX,2025-05-25,74.7,ECMWF
KLAX,2025-05-26,75.9,ECMWF
KLAX,2025-05-27,79.8,ECMWF
KLAX,2025-05-28,71.6,ECMWF
KLAX,2025-05-29,76.4,ECMWF
KLAX,2025-05-30,93.9,ECMWF
KLAX,2025-05-31,89.4,ECMWF
KLAX,2025-06-01,84.9,ECMWF
KLAX,2025-06-02,80.7,ECMWF
KLAX,2025-06-03,74.0,ECMWF
KLAX,2025-06-04,70.3,ECMWF
KLAX,2025-06-05,71.7,ECMWF
KLAX,2025-06-06,72.4,ECMWF
KLAX,2025-06-07,72.9,ECMWF
KLAX,2025-06-08,74.8,ECMWF
KLAX,2025-06-09,77.0,ECMWF
KLAX,2025-06-10,81.3,ECMWF
KLAX,2025-06-11,80.9,ECMWF
KLAX,2025-06-12,81.2,ECMWF
KLAX,2025-06-13,79.2,ECMWF
KLAX,2025-06-14,83.2,ECMWF
KLAX,2025-06-15,90.4,ECMWF
KLAX,2025-06-16,89.3,ECMWF
KLAX,2025-06-17,89.2,ECMWF
KLAX,2025-06-18,89.0,ECMWF
KLAX,2025-06-19,83.4,ECMWF
KLAX,2025-06-20,78.7,ECMWF
KLAX,2025-06-21,76.5,ECMWF
KLAX,2025-06-22,80.0,ECMWF
KLAX,2025-06-23,78.3,ECMWF
KLAX,2025-06-24,76.2,ECMWF
KLAX,2025-06-25,80.3,ECMWF
KLAX,2025-06-26,81.3,ECMWF
KLAX,2025-06-27,83.7,ECMWF
KLAX,2025-06-28,87.2,ECMWF
KLAX,2025-06-29,83.9,ECMWF
KLAX,2025-06-30,83.4,ECMWF
KLAX,2025-07-01,80.1,ECMWF
KLAX,2025-07-02,78.8,ECMWF
KLAX,2025-07-03,81.2,ECMWF
KLAX,2025-07-04,83.7,ECMWF
KLAX,2025-07-05,87.8,ECMWF
KLAX,2025-07-06,84.8,ECMWF
KLAX,2025-07-07,81.7,ECMWF
KLAX,2025-07-08,83.9,ECMWF
KLAX,2025-07-09,88.8,ECMWF
KLAX,2025-07-10,89.7,ECMWF
KLAX,2025-07-11,84.5,ECMWF
KLAX,2025-07-12,82.7,ECMWF
KLAX,2025-07-13,80.8,ECMWF
KLAX,2025-07-14,80.6,ECMWF
KLAX,2025-07-15,80.6,ECMWF
KLAX,2025-07-16,82.1,ECMWF
KLAX,2025-07-17,83.1,ECMWF
KLAX,2025-07-18,80.4,ECMWF
KLAX,2025-07-19,80.5,ECMWF
KLAX,2025-07-20,79.5,ECMWF
KLAX,2025-07-21,78.9,ECMWF
KLAX,2025-07-22,79.1,ECMWF
KLAX,2025-07-23,80.7,ECMWF
KLAX,2025-07-24,81.2,ECMWF
KLAX,2025-07-25,80.2,ECMWF
KLAX,2025-07-26,78.6,ECMWF
KLAX,2025-07-27,79.4,ECMWF
KLAX,2025-07-28,80.8,ECMWF
KLAX,2025-07-29,83.6,ECMWF
KLAX,2025-07-30,85.8,ECMWF
KLAX,2025-07-31,86.5,ECMWF
KLAX,2025-08-01,84.8,ECMWF
KLAX,2025-08-02,84.5,ECMWF
KLAX,2025-08-03,86.2,ECMWF
KLAX,2025-08-04,85.9,ECMWF
KLAX,2025-08-05,89.1,ECMWF
KLAX,2025-08-06,92.8,ECMWF
KLAX,2025-08-07,96.5,ECMWF
KLAX,2025-08-08,92.5,ECMWF
KLAX,2025-08-09,84.9,ECMWF
KLAX,2025-08-10,87.4,ECMWF
KLAX,2025-08-11,87.9,ECMWF
KLAX,2025-08-12,86.1,ECMWF
KLAX,2025-08-13,83.1,ECMWF
KLAX,2025-08-14,82.8,ECMWF
KLAX,2025-08-15,81.7,ECMWF
KLAX,2025-08-16,81.3,ECMWF
KLAX,2025-08-17,83.4,ECMWF
KLAX,2025-08-18,87.3,ECMWF
KLAX,2025-08-19,90.0,ECMWF
KLAX,2025-08-20,92.3,ECMWF
KLAX,2025-08-21,95.8,ECMWF
KLAX,2025-08-22,97.2,ECMWF
KLAX,2025-08-23,93.6,ECMWF
KLAX,2025-08-24,91.6,ECMWF
KLAX,2025-08-25,89.5,ECMWF
KLAX,2025-08-26,85.9,ECMWF
KLAX,2025-08-27,92.1,ECMWF
KLAX,2025-08-28,87.5,ECMWF
KLAX,2025-08-29,93.0,ECMWF
KLAX,2025-08-30,94.3,ECMWF
KLAX,2025-08-31,93.2,ECMWF
KLAX,2025-09-01,89.4,ECMWF
KLAX,2025-09-02,93.0,ECMWF
KLAX,2025-09-03,94.8,ECMWF
KLAX,2025-09-04,88.9,ECMWF
KLAX,2025-09-05,88.4,ECMWF
KLAX,2025-09-06,88.6,ECMWF
KLAX,2025-09-07,91.7,ECMWF
KLAX,2025-09-08,87.3,ECMWF
KLAX,2025-09-09,83.4,ECMWF
KLAX,2025-09-10,81.5,ECMWF
KLAX,2025-09-11,79.3,ECMWF
KLAX,2025-09-12,82.9,ECMWF
KLAX,2025-09-13,80.7,ECMWF
KLAX,2025-09-14,84.0,ECMWF
KLAX,2025-09-15,88.9,ECMWF
KLAX,2025-09-16,92.7,ECMWF
KLAX,2025-09-17,86.6,ECMWF
KLAX,2025-09-18,79.2,ECMWF
KLAX,2025-09-19,81.0,ECMWF
KLAX,2025-09-20,82.3,ECMWF
KLAX,2025-09-21,80.4,ECMWF
KLAX,2025-09-22,86.1,ECMWF
KLAX,2025-09-23,86.1,ECMWF
KLAX,2025-09-24,85.8,ECMWF
KLAX,2025-09-25,82.2,ECMWF
KLAX,2025-09-26,75.6,ECMWF
KLAX,2025-09-27,78.6,ECMWF
KLAX,2025-09-28,80.2,ECMWF
KLAX,2025-09-29,80.4,ECMWF
KLAX,2025-09-30,78.5,ECMWF
KLAX,2025-10-01,80.0,ECMWF
KLAX,2025-10-02,81.3,ECMWF
KLAX,2025-10-03,78.1,ECMWF
KLAX,2025-10-04,80.0,ECMWF
KLAX,2025-10-05,80.4,ECMWF
KLAX,2025-10-06,80.4,ECMWF
KLAX,2025-10-07,78.2,ECMWF
KLAX,2025-10-08,76.8,ECMWF
KLAX,2025-10-09,85.0,ECMWF
KLAX,2025-10-10,83.7,ECMWF
KLAX,2025-10-11,83.3,ECMWF
KLAX,2025-10-12,80.4,ECMWF
KLAX,2025-10-13,73.7,ECMWF
KLAX,2025-10-14,68.7,ECMWF
KLAX,2025-10-15,67.6,ECMWF
KLAX,2025-10-16,74.0,ECMWF
KLAX,2025-10-17,79.1,ECMWF
KLAX,2025-10-18,82.9,ECMWF
KLAX,2025-10-19,81.8,ECMWF
KLAX,2025-10-20,83.5,ECMWF
KLAX,2025-10-21,79.4,ECMWF
KLAX,2025-10-22,73.6,ECMWF
KLAX,2025-10-23,76.8,ECMWF
KLAX,2025-10-24,78.7,ECMWF
KLAX,2025-10-25,72.9,ECMWF
KLAX,2025-10-26,73.1,ECMWF
KLAX,2025-10-27,74.8,ECMWF
KLAX,2025-10-28,90.2,ECMWF
KLAX,2025-10-29,93.9,ECMWF
KLAX,2025-10-30,88.9,ECMWF
KLAX,2025-10-31,81.7,ECMWF
KLAX,2025-11-01,76.2,ECMWF
KLAX,2025-11-02,75.3,ECMWF
KLAX,2025-11-03,73.7,ECMWF
KLAX,2025-11-04,74.7,ECMWF
KLAX,2025-11-05,70.7,ECMWF
KLAX,2025-11-06,74.2,ECMWF
KLAX,2025-11-07,80.4,ECMWF
KLAX,2025-11-08,79.7,ECMWF
KLAX,2025-11-09,83.7,ECMWF
KLAX,2025-11-10,88.6,ECMWF
KLAX,2025-11-11,77.7,ECMWF
KLAX,2025-11-12,73.3,ECMWF
KLAX,2025-11-13,76.2,ECMWF
KLAX,2025-11-14,74.1,ECMWF
KLAX,2025-11-15,63.6,ECMWF
KLAX,2025-11-16,59.6,ECMWF
KLAX,2025-11-17,62.1,ECMWF
KLAX,2025-11-18,59.8,ECMWF
KLAX,2025-11-19,61.6,ECMWF
KLAX,2025-11-20,60.1,ECMWF
KLAX,2025-11-21,63.7,ECMWF
KLAX,2025-11-22,67.6,ECMWF
KLAX,2025-11-23,68.1,ECMWF
KLAX,2025-11-24,66.9,ECMWF
KLAX,2025-11-25,72.3,ECMWF
KLAX,2025-11-26,73.7,ECMWF
KLAX,2025-11-27,72.7,ECMWF
KLAX,2025-11-28,69.4,ECMWF
KLAX,2025-11-29,68.1,ECMWF
KLAX,2025-11-30,65.6,ECMWF
KLAX,2025-12-01,67.2,ECMWF
KLAX,2025-12-02,64.8,ECMWF
KLAX,2025-12-03,65.3,ECMWF
KLAX,2025-12-04,67.8,ECMWF
KLAX,2025-12-05,67.8,ECMWF
KLAX,2025-12-06,67.9,ECMWF
KLAX,2025-12-07,71.2,ECMWF
KLAX,2025-12-08,73.6,ECMWF
KLAX,2025-12-09,76.8,ECMWF
KLAX,2025-12-10,76.6,ECMWF
KLAX,2025-12-11,75.9,ECMWF
KLAX,2025-12-12,72.3,ECMWF
KLAX,2025-12-13,67.2,ECMWF
KLAX,2025-12-14,66.4,ECMWF
KLAX,2025-12-15,65.8,ECMWF
KLAX,2025-12-16,67.7,ECMWF
KLAX,2025-12-17,65.9,ECMWF
KLAX,2025-12-18,70.9,ECMWF
KLAX,2025-12-19,69.3,ECMWF
KLAX,2025-12-20,66.6,ECMWF
KLAX,2025-12-21,66.6,ECMWF
KLAX,2025-12-22,65.7,ECMWF
KLAX,2025-12-23,65.1,ECMWF
KLAX,2025-12-24,63.0,ECMWF
KLAX,2025-12-25,63.0,ECMWF
KLAX,2025-12-26,63.1,ECMWF
KLAX,2025-12-27,61.2,ECMWF
KLAX,2025-12-28,63.8,ECMWF
KLAX,2025-12-29,67.3,ECMWF
KLAX,2025-12-30,66.0,ECMWF
KLAX,2025-12-31,64.5,ECMWF
KLAX,2026-01-01,64.4,ECMWF
KLAX,2026-01-02,64.0,ECMWF
KLAX,2026-01-03,62.9,ECMWF
KLAX,2026-01-04,59.8,ECMWF
KLAX,2026-01-05,61.8,ECMWF
KLAX,2026-01-06,64.3,ECMWF
KLAX,2026-01-07,65.3,ECMWF
KLAX,2026-01-08,61.5,ECMWF
KLAX,2026-01-09,60.7,ECMWF
KLAX,2026-01-10,63.5,ECMWF
KLAX,2026-01-11,67.2,ECMWF
KLAX,2026-01-12,68.1,ECMWF
KLAX,2026-01-13,73.3,ECMWF
KLAX,2026-01-14,74.0,ECMWF
KLAX,2026-01-15,77.0,ECMWF
KLAX,2026-01-16,75.0,ECMWF
KLAX,2026-01-17,72.5,ECMWF
KLAX,2026-01-18,73.5,ECMWF
KLAX,2026-01-19,72.3,ECMWF
KLAX,2026-01-20,73.8,ECMWF
KLAX,2026-01-21,72.1,ECMWF
KLAX,2026-01-22,62.8,ECMWF
KLAX,2026-01-23,65.1,ECMWF
KLAX,2026-01-24,64.2,ECMWF
KLAX,2026-01-25,65.6,ECMWF
KLAX,2026-01-26,71.2,ECMWF
KLAX,2026-01-27,70.7,ECMWF
KLAX,2026-01-28,69.3,ECMWF
KLAX,2026-01-29,77.2,ECMWF
KLAX,2026-01-30,82.3,ECMWF
KLAX,2026-01-31,82.1,ECMWF
KLAX,2026-02-01,80.9,ECMWF
KLAX,2026-02-02,76.1,ECMWF
KLAX,2026-02-03,77.8,ECMWF
KLAX,2026-02-04,83.9,ECMWF
KLAX,2026-02-05,82.6,ECMWF
KLAX,2026-02-06,76.3,ECMWF
KLAX,2026-02-07,72.8,ECMWF
KLAX,2026-02-08,81.6,ECMWF
KLAX,2026-02-09,78.8,ECMWF
KLAX,2026-02-10,74.1,ECMWF
KLAX,2026-02-11,63.9,ECMWF
KLAX,2026-02-12,65.9,ECMWF
KLAX,2026-02-13,69.4,ECMWF
KLAX,2026-02-14,68.2,ECMWF
KLAX,2026-02-15,65.1,ECMWF
KLAX,2026-02-16,62.4,ECMWF
KLAX,2026-02-17,58.6,ECMWF
KLAX,2026-02-18,58.3,ECMWF
KLAX,2026-02-19,55.8,ECMWF
KLAX,2026-02-20,58.8,ECMWF
KLAX,2026-02-21,67.5,ECMWF
KLAX,2026-02-22,71.4,ECMWF
KLAX,2026-02-23,76.5,ECMWF
KLAX,2026-02-24,75.8,ECMWF
KLAX,2026-02-25,76.8,ECMWF
KLAX,2025-01-06,64.7,NBM
KLAX,2025-01-07,68.8,NBM
KLAX,2025-01-08,68.5,NBM
KLAX,2025-01-09,67.4,NBM
KLAX,2025-01-10,65.5,NBM
KLAX,2025-01-11,63.1,NBM
KLAX,2025-01-12,64.0,NBM
KLAX,2025-01-13,62.7,NBM
KLAX,2025-01-14,62.1,NBM
KLAX,2025-01-15,65.1,NBM
KLAX,2025-01-16,62.6,NBM
KLAX,2025-01-17,59.1,NBM
KLAX,2025-01-18,58.8,NBM
KLAX,2025-01-19,56.8,NBM
KLAX,2025-01-20,65.4,NBM
KLAX,2025-01-21,66.0,NBM
KLAX,2025-01-22,69.3,NBM
KLAX,2025-01-23,71.9,NBM
KLAX,2025-01-24,69.7,NBM
KLAX,2025-01-25,63.1,NBM
KLAX,2025-01-26,56.3,NBM
KLAX,2025-01-27,56.9,NBM
KLAX,2025-01-28,56.9,NBM
KLAX,2025-01-29,58.2,NBM
KLAX,2025-01-30,57.0,NBM
KLAX,2025-01-31,57.5,NBM
KLAX,2025-02-01,61.3,NBM
KLAX,2025-02-02,62.9,NBM
KLAX,2025-02-03,60.0,NBM
KLAX,2025-02-04,60.6,NBM
KLAX,2025-02-05,60.4,NBM
KLAX,2025-02-06,59.5,NBM
KLAX,2025-02-07,59.7,NBM
KLAX,2025-02-08,60.5,NBM
KLAX,2025-02-09,63.7,NBM
KLAX,2025-02-10,60.2,NBM
KLAX,2025-02-11,57.6,NBM
KLAX,2025-02-12,57.3,NBM
KLAX,2025-02-13,58.7,NBM
KLAX,2025-02-14,59.1,NBM
KLAX,2025-02-15,61.4,NBM
KLAX,2025-02-16,64.3,NBM
KLAX,2025-02-17,61.8,NBM
KLAX,2025-02-18,61.3,NBM
KLAX,2025-02-19,61.5,NBM
KLAX,2025-02-20,63.9,NBM
KLAX,2025-02-21,66.2,NBM
KLAX,2025-02-22,64.6,NBM
KLAX,2025-02-23,67.2,NBM
KLAX,2025-02-24,64.0,NBM
KLAX,2025-02-25,63.6,NBM
KLAX,2025-02-26,64.1,NBM
KLAX,2025-02-27,74.4,NBM
KLAX,2025-02-28,67.4,NBM
KLAX,2025-03-01,60.2,NBM
KLAX,2025-03-02,59.0,NBM
KLAX,2025-03-03,59.9,NBM
KLAX,2025-03-04,60.8,NBM
KLAX,2025-03-05,58.3,NBM
KLAX,2025-03-06,54.3,NBM
KLAX,2025-03-07,58.8,NBM
KLAX,2025-03-08,59.3,NBM
KLAX,2025-03-09,62.7,NBM
KLAX,2025-03-10,61.2,NBM
KLAX,2025-03-11,59.1,NBM
KLAX,2025-03-12,59.3,NBM
KLAX,2025-03-13,58.0,NBM
KLAX,2025-03-14,53.3,NBM
KLAX,2025-03-15,58.2,NBM
KLAX,2025-03-16,60.9,NBM
KLAX,2025-03-17,59.1,NBM
KLAX,2025-03-18,61.0,NBM
KLAX,2025-03-19,68.8,NBM
KLAX,2025-03-20,65.4,NBM
KLAX,2025-03-21,64.5,NBM
KLAX,2025-03-22,64.3,NBM
KLAX,2025-03-23,63.1,NBM
KLAX,2025-03-24,67.1,NBM
KLAX,2025-03-25,63.8,NBM
KLAX,2025-03-26,60.5,NBM
KLAX,2025-03-27,61.5,NBM
KLAX,2025-03-28,62.7,NBM
KLAX,2025-03-29,62.1,NBM
KLAX,2025-03-30,59.6,NBM
KLAX,2025-03-31,61.8,NBM
KLAX,2025-04-01,60.7,NBM
KLAX,2025-04-02,59.7,NBM
KLAX,2025-04-03,60.2,NBM
KLAX,2025-04-04,61.0,NBM
KLAX,2025-04-05,69.0,NBM
KLAX,2025-04-06,69.1,NBM
KLAX,2025-04-07,64.3,NBM
KLAX,2025-04-08,63.6,NBM
KLAX,2025-04-09,66.6,NBM
KLAX,2025-04-10,66.1,NBM
KLAX,2025-04-11,69.5,NBM
KLAX,2025-04-12,66.2,NBM
KLAX,2025-04-13,62.8,NBM
KLAX,2025-04-14,61.5,NBM
KLAX,2025-04-15,59.8,NBM
KLAX,2025-04-16,62.1,NBM
KLAX,2025-04-17,60.9,NBM
KLAX,2025-04-18,59.8,NBM
KLAX,2025-04-19,62.7,NBM
KLAX,2025-04-20,63.0,NBM
KLAX,2025-04-21,61.6,NBM
KLAX,2025-04-22,60.4,NBM
KLAX,2025-04-23,60.2,NBM
KLAX,2025-04-24,61.5,NBM
KLAX,2025-04-25,60.1,NBM
KLAX,2025-04-26,59.6,NBM
KLAX,2025-04-27,60.0,NBM
KLAX,2025-04-28,61.7,NBM
KLAX,2025-04-29,63.8,NBM
KLAX,2025-04-30,62.5,NBM
KLAX,2025-05-01,62.7,NBM
KLAX,2025-05-02,62.7,NBM
KLAX,2025-05-03,62.3,NBM
KLAX,2025-05-04,61.1,NBM
KLAX,2025-05-05,63.1,NBM
KLAX,2025-05-06,62.7,NBM
KLAX,2025-05-07,64.7,NBM
KLAX,2025-05-08,66.2,NBM
KLAX,2025-05-09,70.3,NBM
KLAX,2025-05-10,76.1,NBM
KLAX,2025-05-11,74.6,NBM
KLAX,2025-05-12,69.8,NBM
KLAX,2025-05-13,64.4,NBM
KLAX,2025-05-14,65.0,NBM
KLAX,2025-05-15,64.8,NBM
KLAX,2025-05-16,64.0,NBM
KLAX,2025-05-17,61.8,NBM
KLAX,2025-05-18,65.3,NBM
KLAX,2025-05-19,67.6,NBM
KLAX,2025-05-20,70.9,NBM
KLAX,2025-05-21,71.6,NBM
KLAX,2025-05-22,68.7,NBM
KLAX,2025-05-23,67.3,NBM
KLAX,2025-05-24,66.0,NBM
KLAX,2025-05-25,65.7,NBM
KLAX,2025-05-26,66.0,NBM
KLAX,2025-05-27,68.0,NBM
KLAX,2025-05-28,66.3,NBM
KLAX,2025-05-29,66.9,NBM
KLAX,2025-05-30,73.2,NBM
KLAX,2025-05-31,71.5,NBM
KLAX,2025-06-01,71.7,NBM
KLAX,2025-06-02,68.1,NBM
KLAX,2025-06-03,65.4,NBM
KLAX,2025-06-04,65.3,NBM
KLAX,2025-06-05,66.2,NBM
KLAX,2025-06-06,65.9,NBM
KLAX,2025-06-07,65.7,NBM
KLAX,2025-06-08,65.7,NBM
KLAX,2025-06-09,66.2,NBM
KLAX,2025-06-10,68.1,NBM
KLAX,2025-06-11,66.8,NBM
KLAX,2025-06-12,67.2,NBM
KLAX,2025-06-13,67.9,NBM
KLAX,2025-06-14,68.6,NBM
KLAX,2025-06-15,70.5,NBM
KLAX,2025-06-16,71.7,NBM
KLAX,2025-06-17,72.6,NBM
KLAX,2025-06-18,72.6,NBM
KLAX,2025-06-19,70.8,NBM
KLAX,2025-06-20,68.5,NBM
KLAX,2025-06-21,67.7,NBM
KLAX,2025-06-22,69.2,NBM
KLAX,2025-06-23,69.4,NBM
KLAX,2025-06-24,66.7,NBM
KLAX,2025-06-25,68.0,NBM
KLAX,2025-06-26,68.4,NBM
KLAX,2025-06-27,69.5,NBM
KLAX,2025-06-28,70.8,NBM
KLAX,2025-06-29,69.2,NBM
KLAX,2025-06-30,68.8,NBM
KLAX,2025-07-01,68.3,NBM
KLAX,2025-07-02,67.1,NBM
KLAX,2025-07-03,69.3,NBM
KLAX,2025-07-04,69.9,NBM
KLAX,2025-07-05,71.1,NBM
KLAX,2025-07-06,69.9,NBM
KLAX,2025-07-07,68.6,NBM
KLAX,2025-07-08,70.5,NBM
KLAX,2025-07-09,72.0,NBM
KLAX,2025-07-10,71.3,NBM
KLAX,2025-07-11,70.9,NBM
KLAX,2025-07-12,70.5,NBM
KLAX,2025-07-13,68.4,NBM
KLAX,2025-07-14,67.5,NBM
KLAX,2025-07-15,68.7,NBM
KLAX,2025-07-16,69.8,NBM
KLAX,2025-07-17,70.0,NBM
KLAX,2025-07-18,70.0,NBM
KLAX,2025-07-19,70.6,NBM
KLAX,2025-07-20,70.4,NBM
KLAX,2025-07-21,70.1,NBM
KLAX,2025-07-22,70.1,NBM
KLAX,2025-07-23,69.7,NBM
KLAX,2025-07-24,70.1,NBM
KLAX,2025-07-25,69.6,NBM
KLAX,2025-07-26,68.8,NBM
KLAX,2025-07-27,69.2,NBM
KLAX,2025-07-28,69.0,NBM
KLAX,2025-07-29,69.4,NBM
KLAX,2025-07-30,71.7,NBM
KLAX,2025-07-31,71.6,NBM
KLAX,2025-08-01,70.7,NBM
KLAX,2025-08-02,70.2,NBM
KLAX,2025-08-03,70.7,NBM
KLAX,2025-08-04,71.8,NBM
KLAX,2025-08-05,73.2,NBM
KLAX,2025-08-06,74.3,NBM
KLAX,2025-08-07,74.9,NBM
KLAX,2025-08-08,74.3,NBM
KLAX,2025-08-09,72.9,NBM
KLAX,2025-08-10,71.6,NBM
KLAX,2025-08-11,72.7,NBM
KLAX,2025-08-12,72.8,NBM
KLAX,2025-08-13,71.7,NBM
KLAX,2025-08-14,70.6,NBM
KLAX,2025-08-15,71.6,NBM
KLAX,2025-08-16,71.0,NBM
KLAX,2025-08-17,71.4,NBM
KLAX,2025-08-18,72.5,NBM
KLAX,2025-08-19,73.7,NBM
KLAX,2025-08-20,75.2,NBM
KLAX,2025-08-21,78.3,NBM
KLAX,2025-08-22,79.4,NBM
KLAX,2025-08-23,76.7,NBM
KLAX,2025-08-24,76.0,NBM
KLAX,2025-08-25,74.8,NBM
KLAX,2025-08-26,73.2,NBM
KLAX,2025-08-27,74.6,NBM
KLAX,2025-08-28,77.0,NBM
KLAX,2025-08-29,78.2,NBM
KLAX,2025-08-30,76.9,NBM
KLAX,2025-09-06,73.8,NBM
KLAX,2025-09-07,76.6,NBM
KLAX,2025-09-08,75.1,NBM
KLAX,2025-09-09,73.1,NBM
KLAX,2025-09-10,71.7,NBM
KLAX,2025-09-11,71.6,NBM
KLAX,2025-09-12,72.4,NBM
KLAX,2025-09-13,71.9,NBM
KLAX,2025-09-14,73.0,NBM
KLAX,2025-09-15,73.1,NBM
KLAX,2025-09-16,75.7,NBM
KLAX,2025-09-17,74.8,NBM
KLAX,2025-09-18,74.6,NBM
KLAX,2025-09-19,73.5,NBM
KLAX,2025-09-20,73.0,NBM
KLAX,2025-09-21,72.6,NBM
KLAX,2025-09-22,73.3,NBM
KLAX,2025-09-23,75.2,NBM
KLAX,2025-09-24,73.8,NBM
KLAX,2025-09-25,72.6,NBM
KLAX,2025-09-26,70.8,NBM
KLAX,2025-09-27,71.5,NBM
KLAX,2025-09-28,71.9,NBM
KLAX,2025-09-29,70.6,NBM
KLAX,2025-09-30,69.9,NBM
KLAX,2025-10-01,70.3,NBM
KLAX,2025-10-02,70.6,NBM
KLAX,2025-10-03,69.9,NBM
KLAX,2025-10-04,70.3,NBM
KLAX,2025-10-05,70.6,NBM
KLAX,2025-10-06,68.8,NBM
KLAX,2025-10-07,68.5,NBM
KLAX,2025-10-08,68.1,NBM
KLAX,2025-10-09,70.5,NBM
KLAX,2025-10-10,72.1,NBM
KLAX,2025-10-11,71.6,NBM
KLAX,2025-10-12,69.5,NBM
KLAX,2025-10-13,68.4,NBM
KLAX,2025-10-14,66.7,NBM
KLAX,2025-10-15,64.5,NBM
KLAX,2025-10-16,68.7,NBM
KLAX,2025-10-17,71.8,NBM
KLAX,2025-10-18,73.9,NBM
KLAX,2025-10-19,71.7,NBM
KLAX,2025-10-20,71.4,NBM
KLAX,2025-10-21,69.3,NBM
KLAX,2025-10-22,67.3,NBM
KLAX,2025-10-23,68.2,NBM
KLAX,2025-10-24,69.0,NBM
KLAX,2025-10-25,66.1,NBM
KLAX,2025-10-26,65.1,NBM
KLAX,2025-10-27,67.8,NBM
KLAX,2025-10-28,74.8,NBM
KLAX,2025-10-29,80.1,NBM
KLAX,2025-10-30,76.2,NBM
KLAX,2025-10-31,70.6,NBM
KLAX,2025-11-01,66.3,NBM
KLAX,2025-11-02,65.4,NBM
KLAX,2025-11-03,65.8,NBM
KLAX,2025-11-04,65.4,NBM
KLAX,2025-11-05,65.4,NBM
KLAX,2025-11-06,65.7,NBM
KLAX,2025-11-07,68.8,NBM
KLAX,2025-11-08,69.0,NBM
KLAX,2025-11-09,68.7,NBM
KLAX,2025-11-10,71.5,NBM
KLAX,2025-11-11,68.1,NBM
KLAX,2025-11-12,66.0,NBM
KLAX,2025-11-13,68.4,NBM
KLAX,2025-11-14,66.8,NBM
KLAX,2025-11-15,63.7,NBM
KLAX,2025-11-16,62.1,NBM
KLAX,2025-11-17,62.5,NBM
KLAX,2025-11-18,60.6,NBM
KLAX,2025-11-19,60.6,NBM
KLAX,2025-11-20,60.2,NBM
KLAX,2025-11-21,62.5,NBM
KLAX,2025-11-22,67.1,NBM
KLAX,2025-11-23,67.2,NBM
KLAX,2025-11-24,65.3,NBM
KLAX,2025-11-25,69.7,NBM
KLAX,2025-11-26,76.6,NBM
KLAX,2025-11-27,72.9,NBM
KLAX,2025-11-28,68.4,NBM
KLAX,2025-11-29,64.3,NBM
KLAX,2025-11-30,62.5,NBM
KLAX,2025-12-01,66.1,NBM
KLAX,2025-12-02,63.8,NBM
KLAX,2025-12-03,65.1,NBM
KLAX,2025-12-04,67.6,NBM
KLAX,2025-12-05,66.0,NBM
KLAX,2025-12-06,65.5,NBM
KLAX,2025-12-07,66.3,NBM
KLAX,2025-12-08,70.3,NBM
KLAX,2025-12-09,74.8,NBM
KLAX,2025-12-10,74.4,NBM
KLAX,2025-12-11,70.7,NBM
KLAX,2025-12-12,66.7,NBM
KLAX,2025-12-13,62.0,NBM
KLAX,2025-12-14,62.6,NBM
KLAX,2025-12-15,62.8,NBM
KLAX,2025-12-16,63.2,NBM
KLAX,2025-12-17,62.6,NBM
KLAX,2025-12-18,69.0,NBM
KLAX,2025-12-19,66.1,NBM
KLAX,2025-12-20,63.3,NBM
KLAX,2025-12-21,62.7,NBM
KLAX,2025-12-22,62.3,NBM
KLAX,2025-12-23,62.0,NBM
KLAX,2025-12-24,63.6,NBM
KLAX,2025-12-25,63.7,NBM
KLAX,2025-12-26,63.0,NBM
KLAX,2025-12-27,58.9,NBM
KLAX,2025-12-28,63.4,NBM
KLAX,2025-12-29,69.0,NBM
KLAX,2025-12-30,70.7,NBM
KLAX,2025-12-31,68.6,NBM
KLAX,2026-01-01,62.7,NBM
KLAX,2026-01-02,64.2,NBM
KLAX,2026-01-03,62.7,NBM
KLAX,2026-01-04,60.6,NBM
KLAX,2026-01-05,61.2,NBM
KLAX,2026-01-06,62.4,NBM
KLAX,2026-01-07,62.9,NBM
KLAX,2026-01-08,62.1,NBM
KLAX,2026-01-09,61.8,NBM
KLAX,2026-01-10,66.5,NBM
KLAX,2026-01-11,70.1,NBM
KLAX,2026-01-12,69.3,NBM
KLAX,2026-01-13,72.3,NBM
KLAX,2026-01-14,72.7,NBM
KLAX,2026-01-15,76.2,NBM
KLAX,2026-01-16,72.4,NBM
KLAX,2026-01-17,73.8,NBM
KLAX,2026-01-18,72.9,NBM
KLAX,2026-01-19,69.4,NBM
KLAX,2026-01-20,68.5,NBM
KLAX,2026-01-21,64.1,NBM
KLAX,2026-01-22,62.9,NBM
KLAX,2026-01-23,63.2,NBM
KLAX,2026-01-24,62.2,NBM
KLAX,2026-01-25,64.6,NBM
KLAX,2026-01-26,68.9,NBM
KLAX,2026-01-27,69.0,NBM
KLAX,2026-01-28,67.1,NBM
KLAX,2026-01-29,74.2,NBM
KLAX,2026-01-30,76.3,NBM
KLAX,2026-01-31,76.9,NBM
KLAX,2026-02-01,74.4,NBM
KLAX,2026-02-02,70.0,NBM
KLAX,2026-02-03,69.9,NBM
KLAX,2026-02-04,80.8,NBM
KLAX,2026-02-05,78.0,NBM
KLAX,2026-02-06,71.6,NBM
KLAX,2026-02-07,67.5,NBM
KLAX,2026-02-08,75.6,NBM
KLAX,2026-02-09,72.7,NBM
KLAX,2026-02-10,68.1,NBM
KLAX,2026-02-11,63.4,NBM
KLAX,2026-02-12,63.8,NBM
KLAX,2026-02-13,67.2,NBM
KLAX,2026-02-14,65.2,NBM
KLAX,2026-02-15,62.8,NBM
KLAX,2026-02-16,61.1,NBM
KLAX,2026-02-17,58.5,NBM
KLAX,2026-02-18,57.2,NBM
KLAX,2026-02-19,56.3,NBM
KLAX,2026-02-20,56.6,NBM
KLAX,2026-02-21,65.0,NBM
KLAX,2026-02-22,67.4,NBM
KLAX,2026-02-23,72.4,NBM
KLAX,2026-02-24,70.4,NBM
KLAX,2026-02-25,69.0,NBM
KMIA,2023-05-12,85.7,OBS
KMIA,2023-05-13,85.4,OBS
KMIA,2023-05-14,86.0,OBS
KMIA,2023-05-15,87.2,OBS
KMIA,2023-05-16,89.5,OBS
KMIA,2023-05-17,89.5,OBS
KMIA,2023-05-18,86.4,OBS
KMIA,2023-05-19,86.4,OBS
KMIA,2023-05-20,87.9,OBS
KMIA,2023-05-21,88.2,OBS
KMIA,2023-05-22,85.7,OBS
KMIA,2023-05-23,86.3,OBS
KMIA,2023-05-24,82.6,OBS
KMIA,2023-05-25,86.2,OBS
KMIA,2023-05-26,83.4,OBS
KMIA,2023-05-27,85.6,OBS
KMIA,2023-05-28,87.8,OBS
KMIA,2023-05-29,88.4,OBS
KMIA,2023-05-30,86.2,OBS
KMIA,2023-05-31,83.4,OBS
KMIA,2023-06-01,87.6,OBS
KMIA,2023-06-02,85.7,OBS
KMIA,2023-06-03,83.0,OBS
KMIA,2023-06-04,83.7,OBS
KMIA,2023-06-05,86.5,OBS
KMIA,2023-06-06,80.2,OBS
KMIA,2023-06-07,83.7,OBS
KMIA,2023-06-08,87.9,OBS
KMIA,2023-06-09,83.8,OBS
KMIA,2023-06-10,86.4,OBS
KMIA,2023-06-11,85.0,OBS
KMIA,2023-06-12,85.1,OBS
KMIA,2023-06-13,87.2,OBS
KMIA,2023-06-14,89.1,OBS
KMIA,2023-06-15,88.6,OBS
KMIA,2023-06-16,92.0,OBS
KMIA,2023-06-17,87.5,OBS
KMIA,2023-06-18,86.4,OBS
KMIA,2023-06-19,89.5,OBS
KMIA,2023-06-20,86.4,OBS
KMIA,2023-06-21,85.3,OBS
KMIA,2023-06-22,82.9,OBS
KMIA,2023-06-23,85.4,OBS
KMIA,2023-06-24,85.8,OBS
KMIA,2023-06-25,87.6,OBS
KMIA,2023-06-26,86.0,OBS
KMIA,2023-06-27,88.9,OBS
KMIA,2023-06-28,88.5,OBS
KMIA,2023-06-29,89.6,OBS
KMIA,2023-06-30,87.9,OBS
KMIA,2023-07-01,87.9,OBS
KMIA,2023-07-02,88.8,OBS
KMIA,2023-07-03,89.7,OBS
KMIA,2023-07-04,89.3,OBS
KMIA,2023-07-05,89.2,OBS
KMIA,2023-07-06,90.2,OBS
KMIA,2023-07-07,88.9,OBS
KMIA,2023-07-08,92.1,OBS
KMIA,2023-07-09,91.5,OBS
KMIA,2023-07-10,92.6,OBS
KMIA,2023-07-11,92.3,OBS
KMIA,2023-07-12,93.4,OBS
KMIA,2023-07-13,92.0,OBS
KMIA,2023-07-14,88.9,OBS
KMIA,2023-07-15,89.0,OBS
KMIA,2023-07-16,92.3,OBS
KMIA,2023-07-17,91.4,OBS
KMIA,2023-07-18,90.2,OBS
KMIA,2023-07-19,86.4,OBS
KMIA,2023-07-20,89.6,OBS
KMIA,2023-07-21,90.4,OBS
KMIA,2023-07-22,91.7,OBS
KMIA,2023-07-23,94.6,OBS
KMIA,2023-07-24,93.1,OBS
KMIA,2023-07-25,93.3,OBS
KMIA,2023-07-26,86.7,OBS
KMIA,2023-07-27,86.1,OBS
KMIA,2023-07-28,86.8,OBS
KMIA,2023-07-29,89.9,OBS
KMIA,2023-07-30,88.8,OBS
KMIA,2023-07-31,93.0,OBS
KMIA,2023-08-01,90.2,OBS
KMIA,2023-08-02,90.4,OBS
KMIA,2023-08-03,89.2,OBS
KMIA,2023-08-04,89.0,OBS
KMIA,2023-08-05,89.2,OBS
KMIA,2023-08-06,91.5,OBS
KMIA,2023-08-07,92.2,OBS
KMIA,2023-08-08,90.2,OBS
KMIA,2023-08-09,91.7,OBS
KMIA,2023-08-10,94.1,OBS
KMIA,2023-08-11,92.0,OBS
KMIA,2023-08-12,88.5,OBS
KMIA,2023-08-13,87.8,OBS
KMIA,2023-08-14,91.7,OBS
KMIA,2023-08-15,89.8,OBS
KMIA,2023-08-16,89.4,OBS
KMIA,2023-08-17,91.7,OBS
KMIA,2023-08-18,87.5,OBS
KMIA,2023-08-19,86.4,OBS
KMIA,2023-08-20,87.7,OBS
KMIA,2023-08-21,88.9,OBS
KMIA,2023-08-22,89.2,OBS
KMIA,2023-08-23,87.6,OBS
KMIA,2023-08-24,91.0,OBS
KMIA,2023-08-25,89.0,OBS
KMIA,2023-08-26,88.2,OBS
KMIA,2023-08-27,88.9,OBS
KMIA,2023-08-28,90.6,OBS
KMIA,2023-08-29,87.1,OBS
KMIA,2023-08-30,89.7,OBS
KMIA,2023-08-31,90.3,OBS
KMIA,2023-09-01,91.8,OBS
KMIA,2023-09-02,85.8,OBS
KMIA,2023-09-03,87.7,OBS
KMIA,2023-09-04,88.0,OBS
KMIA,2023-09-05,88.2,OBS
KMIA,2023-09-06,89.2,OBS
KMIA,2023-09-07,88.2,OBS
KMIA,2023-09-08,89.0,OBS
KMIA,2023-09-09,86.6,OBS
KMIA,2023-09-10,90.1,OBS
KMIA,2023-09-11,89.4,OBS
KMIA,2023-09-12,90.7,OBS
KMIA,2023-09-13,92.4,OBS
KMIA,2023-09-14,90.8,OBS
KMIA,2023-09-15,90.0,OBS
KMIA,2023-09-16,89.2,OBS
KMIA,2023-09-17,88.9,OBS
KMIA,2023-09-18,89.0,OBS
KMIA,2023-09-19,86.7,OBS
KMIA,2023-09-20,84.0,OBS
KMIA,2023-09-21,86.9,OBS
KMIA,2023-09-22,85.3,OBS
KMIA,2023-09-23,84.3,OBS
KMIA,2023-09-24,86.5,OBS
KMIA,2023-09-25,84.2,OBS
KMIA,2023-09-26,86.6,OBS
KMIA,2023-09-27,82.8,OBS
KMIA,2023-09-28,85.6,OBS
KMIA,2023-09-29,88.7,OBS
KMIA,2023-09-30,85.9,OBS
KMIA,2023-10-01,86.6,OBS
KMIA,2023-10-02,83.8,OBS
KMIA,2023-10-03,84.3,OBS
KMIA,2023-10-04,86.4,OBS
KMIA,2023-10-05,87.7,OBS
KMIA,2023-10-06,87.9,OBS
KMIA,2023-10-07,87.7,OBS
KMIA,2023-10-08,86.8,OBS
KMIA,2023-10-09,84.4,OBS
KMIA,2023-10-10,87.3,OBS
KMIA,2023-10-11,86.2,OBS
KMIA,2023-10-12,90.3,OBS
KMIA,2023-10-13,91.4,OBS
KMIA,2023-10-14,85.6,OBS
KMIA,2023-10-15,88.0,OBS
KMIA,2023-10-16,79.0,OBS
KMIA,2023-10-17,74.8,OBS
KMIA,2023-10-18,80.1,OBS
KMIA,2023-10-19,82.9,OBS
KMIA,2023-10-20,81.0,OBS
KMIA,2023-10-21,85.9,OBS
KMIA,2023-10-22,83.8,OBS
KMIA,2023-10-23,84.3,OBS
KMIA,2023-10-24,81.7,OBS
KMIA,2023-10-25,84.1,OBS
KMIA,2023-10-26,83.3,OBS
KMIA,2023-10-27,83.4,OBS
KMIA,2023-10-28,83.6,OBS
KMIA,2023-10-29,82.3,OBS
KMIA,2023-10-30,83.9,OBS
KMIA,2023-10-31,88.7,OBS
KMIA,2023-11-01,83.5,OBS
KMIA,2023-11-02,80.0,OBS
KMIA,2023-11-03,81.5,OBS
KMIA,2023-11-04,82.3,OBS
KMIA,2023-11-05,82.8,OBS
KMIA,2023-11-06,83.0,OBS
KMIA,2023-11-07,84.4,OBS
KMIA,2023-11-08,83.5,OBS
KMIA,2023-11-09,83.5,OBS
KMIA,2023-11-10,85.5,OBS
KMIA,2023-11-11,85.8,OBS
KMIA,2023-11-12,85.3,OBS
KMIA,2023-11-13,84.2,OBS
KMIA,2023-11-14,82.8,OBS
KMIA,2023-11-15,76.8,OBS
KMIA,2023-11-16,82.9,OBS
KMIA,2023-11-17,83.1,OBS
KMIA,2023-11-18,79.2,OBS
KMIA,2023-11-19,80.2,OBS
KMIA,2023-11-20,81.1,OBS
KMIA,2023-11-21,79.6,OBS
KMIA,2023-11-22,82.3,OBS
KMIA,2023-11-23,80.5,OBS
KMIA,2023-11-24,78.6,OBS
KMIA,2023-11-25,79.9,OBS
KMIA,2023-11-26,81.4,OBS
KMIA,2023-11-27,79.4,OBS
KMIA,2023-11-28,74.4,OBS
KMIA,2023-11-29,74.2,OBS
KMIA,2023-11-30,77.6,OBS
KMIA,2023-12-01,81.8,OBS
KMIA,2023-12-02,83.0,OBS
KMIA,2023-12-03,84.2,OBS
KMIA,2023-12-04,84.6,OBS
KMIA,2023-12-05,81.5,OBS
KMIA,2023-12-06,72.6,OBS
KMIA,2023-12-07,74.3,OBS
KMIA,2023-12-08,77.3,OBS
KMIA,2023-12-09,79.9,OBS
KMIA,2023-12-10,81.2,OBS
KMIA,2023-12-11,74.5,OBS
KMIA,2023-12-12,77.0,OBS
KMIA,2023-12-13,73.5,OBS
KMIA,2023-12-14,74.5,OBS
KMIA,2023-12-15,72.7,OBS
KMIA,2023-12-16,73.7,OBS
KMIA,2023-12-17,77.4,OBS
KMIA,2023-12-18,72.8,OBS
KMIA,2023-12-19,69.8,OBS
KMIA,2023-12-20,70.7,OBS
KMIA,2023-12-21,73.6,OBS
KMIA,2023-12-22,73.6,OBS
KMIA,2023-12-23,75.1,OBS
KMIA,2023-12-24,75.0,OBS
KMIA,2023-12-26,80.1,OBS
KMIA,2023-12-27,75.4,OBS
KMIA,2023-12-28,69.4,OBS
KMIA,2023-12-29,70.4,OBS
KMIA,2023-12-30,64.6,OBS
KMIA,2023-12-31,68.2,OBS
KMIA,2024-01-01,70.3,OBS
KMIA,2024-01-02,69.8,OBS
KMIA,2024-01-03,71.2,OBS
KMIA,2024-01-04,75.7,OBS
KMIA,2024-01-05,75.3,OBS
KMIA,2024-01-06,79.3,OBS
KMIA,2024-01-07,74.2,OBS
KMIA,2024-01-08,75.7,OBS
KMIA,2024-01-09,79.6,OBS
KMIA,2024-01-10,77.3,OBS
KMIA,2024-01-11,71.7,OBS
KMIA,2024-01-12,83.0,OBS
KMIA,2024-01-13,82.1,OBS
KMIA,2024-01-14,74.6,OBS
KMIA,2024-01-15,80.4,OBS
KMIA,2024-01-16,80.2,OBS
KMIA,2024-01-17,73.8,OBS
KMIA,2024-01-18,79.1,OBS
KMIA,2024-01-19,78.7,OBS
KMIA,2024-01-20,71.2,OBS
KMIA,2024-01-21,70.1,OBS
KMIA,2024-01-22,72.1,OBS
KMIA,2024-01-23,76.6,OBS
KMIA,2024-01-24,78.4,OBS
KMIA,2024-01-25,78.6,OBS
KMIA,2024-01-26,79.5,OBS
KMIA,2024-01-27,79.6,OBS
KMIA,2024-01-28,82.5,OBS
KMIA,2024-01-29,70.5,OBS
KMIA,2024-01-30,69.9,OBS
KMIA,2024-01-31,72.1,OBS
KMIA,2024-02-01,73.2,OBS
KMIA,2024-02-02,74.8,OBS
KMIA,2024-02-03,75.2,OBS
KMIA,2024-02-04,74.8,OBS
KMIA,2024-02-05,67.7,OBS
KMIA,2024-02-06,69.2,OBS
KMIA,2024-02-07,74.5,OBS
KMIA,2024-02-08,74.2,OBS
KMIA,2024-02-09,75.9,OBS
KMIA,2024-02-10,76.0,OBS
KMIA,2024-02-11,78.4,OBS
KMIA,2024-02-12,82.8,OBS
KMIA,2024-02-13,81.1,OBS
KMIA,2024-02-14,78.2,OBS
KMIA,2024-02-15,75.8,OBS
KMIA,2024-02-16,80.8,OBS
KMIA,2024-02-17,82.1,OBS
KMIA,2024-02-18,74.8,OBS
KMIA,2024-02-19,70.2,OBS
KMIA,2024-02-20,68.8,OBS
KMIA,2024-02-21,70.3,OBS
KMIA,2024-02-22,72.9,OBS
KMIA,2024-02-23,75.7,OBS
KMIA,2024-02-24,75.1,OBS
KMIA,2024-02-25,73.3,OBS
KMIA,2024-02-26,74.7,OBS
KMIA,2024-02-27,76.3,OBS
KMIA,2024-02-28,78.6,OBS
KMIA,2024-02-29,80.7,OBS
KMIA,2024-03-01,77.9,OBS
KMIA,2024-03-02,79.2,OBS
KMIA,2024-03-03,81.6,OBS
KMIA,2024-03-04,81.3,OBS
KMIA,2024-03-05,82.2,OBS
KMIA,2024-03-06,79.2,OBS
KMIA,2024-03-07,79.1,OBS
KMIA,2024-03-08,83.7,OBS
KMIA,2024-03-09,83.6,OBS
KMIA,2024-03-10,87.1,OBS
KMIA,2024-03-11,77.7,OBS
KMIA,2024-03-12,78.4,OBS
KMIA,2024-03-13,81.2,OBS
KMIA,2024-03-14,82.2,OBS
KMIA,2024-03-15,82.6,OBS
KMIA,2024-03-16,86.8,OBS
KMIA,2024-03-17,86.3,OBS
KMIA,2024-03-18,87.9,OBS
KMIA,2024-03-19,80.5,OBS
KMIA,2024-03-20,78.5,OBS
KMIA,2024-03-21,80.1,OBS
KMIA,2024-03-22,74.7,OBS
KMIA,2024-03-23,76.9,OBS
KMIA,2024-03-24,78.0,OBS
KMIA,2024-03-25,77.6,OBS
KMIA,2024-03-26,80.1,OBS
KMIA,2024-03-27,80.8,OBS
KMIA,2024-03-28,86.3,OBS
KMIA,2024-03-29,77.4,OBS
KMIA,2024-03-30,76.3,OBS
KMIA,2024-03-31,77.4,OBS
KMIA,2024-04-01,80.4,OBS
KMIA,2024-04-02,82.8,OBS
KMIA,2024-04-03,88.1,OBS
KMIA,2024-04-04,80.3,OBS
KMIA,2024-04-05,79.9,OBS
KMIA,2024-04-06,81.8,OBS
KMIA,2024-04-07,80.4,OBS
KMIA,2024-04-08,78.9,OBS
KMIA,2024-04-09,78.7,OBS
KMIA,2024-04-10,81.9,OBS
KMIA,2024-04-11,86.8,OBS
KMIA,2024-04-12,83.7,OBS
KMIA,2024-04-13,80.4,OBS
KMIA,2024-04-14,78.6,OBS
KMIA,2024-04-15,80.4,OBS
KMIA,2024-04-16,81.6,OBS
KMIA,2024-04-17,80.8,OBS
KMIA,2024-04-18,84.0,OBS
KMIA,2024-04-19,83.8,OBS
KMIA,2024-04-20,85.6,OBS
KMIA,2024-04-21,84.7,OBS
KMIA,2024-04-22,87.2,OBS
KMIA,2024-04-23,78.8,OBS
KMIA,2024-04-24,81.6,OBS
KMIA,2024-04-25,81.9,OBS
KMIA,2024-04-26,81.6,OBS
KMIA,2024-04-27,80.4,OBS
KMIA,2024-04-28,80.0,OBS
KMIA,2024-04-29,82.0,OBS
KMIA,2024-04-30,80.5,OBS
KMIA,2024-05-01,82.5,OBS
KMIA,2024-05-02,82.3,OBS
KMIA,2024-05-03,84.4,OBS
KMIA,2024-05-04,83.7,OBS
KMIA,2024-05-05,83.6,OBS
KMIA,2024-05-06,84.4,OBS
KMIA,2024-05-07,85.7,OBS
KMIA,2024-05-08,87.1,OBS
KMIA,2024-05-09,86.9,OBS
KMIA,2024-05-10,93.5,OBS
KMIA,2024-05-11,94.4,OBS
KMIA,2024-05-12,91.3,OBS
KMIA,2024-05-13,87.3,OBS
KMIA,2024-05-14,91.2,OBS
KMIA,2024-05-15,96.1,OBS
KMIA,2024-05-16,97.3,OBS
KMIA,2024-05-17,91.8,OBS
KMIA,2024-05-18,93.6,OBS
KMIA,2024-05-19,96.5,OBS
KMIA,2024-05-20,91.7,OBS
KMIA,2024-05-21,89.6,OBS
KMIA,2024-05-22,88.7,OBS
KMIA,2024-05-23,89.4,OBS
KMIA,2024-05-24,91.2,OBS
KMIA,2024-05-25,92.9,OBS
KMIA,2024-05-26,94.2,OBS
KMIA,2024-05-27,92.6,OBS
KMIA,2024-05-28,91.7,OBS
KMIA,2024-05-29,93.6,OBS
KMIA,2024-05-30,90.2,OBS
KMIA,2024-05-31,88.6,OBS
KMIA,2024-06-01,86.2,OBS
KMIA,2024-06-02,84.5,OBS
KMIA,2024-06-03,87.8,OBS
KMIA,2024-06-04,88.7,OBS
KMIA,2024-06-05,88.9,OBS
KMIA,2024-06-06,91.1,OBS
KMIA,2024-06-07,90.4,OBS
KMIA,2024-06-08,88.8,OBS
KMIA,2024-06-09,90.3,OBS
KMIA,2024-06-10,89.1,OBS
KMIA,2024-06-11,82.5,OBS
KMIA,2024-06-12,83.9,OBS
KMIA,2024-06-13,84.9,OBS
KMIA,2024-06-14,83.2,OBS
KMIA,2024-06-15,80.1,OBS
KMIA,2024-06-16,86.4,OBS
KMIA,2024-06-17,84.9,OBS
KMIA,2024-06-18,86.3,OBS
KMIA,2024-06-19,85.2,OBS
KMIA,2024-06-20,85.6,OBS
KMIA,2024-06-21,88.2,OBS
KMIA,2024-06-22,84.8,OBS
KMIA,2024-06-23,84.7,OBS
KMIA,2024-06-24,86.6,OBS
KMIA,2024-06-25,86.6,OBS
KMIA,2024-06-26,86.4,OBS
KMIA,2024-06-27,88.8,OBS
KMIA,2024-06-28,89.0,OBS
KMIA,2024-06-29,86.6,OBS
KMIA,2024-06-30,85.1,OBS
KMIA,2024-07-01,85.1,OBS
KMIA,2024-07-02,88.8,OBS
KMIA,2024-07-03,87.9,OBS
KMIA,2024-07-04,88.3,OBS
KMIA,2024-07-05,90.0,OBS
KMIA,2024-07-06,88.2,OBS
KMIA,2024-07-07,89.9,OBS
KMIA,2024-07-08,89.2,OBS
KMIA,2024-07-09,90.1,OBS
KMIA,2024-07-10,90.4,OBS
KMIA,2024-07-11,86.7,OBS
KMIA,2024-07-12,86.2,OBS
KMIA,2024-07-13,86.4,OBS
KMIA,2024-07-14,88.7,OBS
KMIA,2024-07-15,85.9,OBS
KMIA,2024-07-16,89.6,OBS
KMIA,2024-07-17,89.3,OBS
KMIA,2024-07-18,90.5,OBS
KMIA,2024-07-19,89.2,OBS
KMIA,2024-07-20,91.2,OBS
KMIA,2024-07-21,89.6,OBS
KMIA,2024-07-22,85.1,OBS
KMIA,2024-07-23,87.3,OBS
KMIA,2024-07-24,89.2,OBS
KMIA,2024-07-25,89.2,OBS
KMIA,2024-07-26,88.9,OBS
KMIA,2024-07-27,90.7,OBS
KMIA,2024-07-28,91.5,OBS
KMIA,2024-07-29,88.3,OBS
KMIA,2024-07-30,88.3,OBS
KMIA,2024-07-31,90.1,OBS
KMIA,2024-08-01,89.1,OBS
KMIA,2024-08-02,89.9,OBS
KMIA,2024-08-03,85.6,OBS
KMIA,2024-08-04,85.2,OBS
KMIA,2024-08-05,90.2,OBS
KMIA,2024-08-06,88.2,OBS
KMIA,2024-08-07,89.6,OBS
KMIA,2024-08-08,90.7,OBS
KMIA,2024-08-09,89.2,OBS
KMIA,2024-08-10,90.1,OBS
KMIA,2024-08-11,90.1,OBS
KMIA,2024-08-12,90.6,OBS
KMIA,2024-08-13,90.2,OBS
KMIA,2024-08-14,91.2,OBS
KMIA,2024-08-15,90.9,OBS
KMIA,2024-08-16,86.8,OBS
KMIA,2024-08-17,87.9,OBS
KMIA,2024-08-18,86.9,OBS
KMIA,2024-08-19,88.4,OBS
KMIA,2024-08-20,87.9,OBS
KMIA,2024-08-21,90.9,OBS
KMIA,2024-08-22,87.1,OBS
KMIA,2024-08-23,87.9,OBS
KMIA,2024-08-24,86.8,OBS
KMIA,2024-08-25,88.2,OBS
KMIA,2024-08-26,89.2,OBS
KMIA,2024-08-27,89.7,OBS
KMIA,2024-08-28,84.3,OBS
KMIA,2024-08-29,87.1,OBS
KMIA,2024-08-30,84.7,OBS
KMIA,2024-08-31,82.9,OBS
KMIA,2024-09-01,82.6,OBS
KMIA,2024-09-02,83.6,OBS
KMIA,2024-09-03,85.3,OBS
KMIA,2024-09-04,87.7,OBS
KMIA,2024-09-05,88.6,OBS
KMIA,2024-09-06,88.3,OBS
KMIA,2024-09-07,88.6,OBS
KMIA,2024-09-08,89.2,OBS
KMIA,2024-09-09,89.8,OBS
KMIA,2024-09-10,88.6,OBS
KMIA,2024-09-11,87.6,OBS
KMIA,2024-09-12,89.2,OBS
KMIA,2024-09-13,89.5,OBS
KMIA,2024-09-14,89.6,OBS
KMIA,2024-09-15,88.5,OBS
KMIA,2024-09-16,89.4,OBS
KMIA,2024-09-17,87.4,OBS
KMIA,2024-09-18,89.3,OBS
KMIA,2024-09-19,85.6,OBS
KMIA,2024-09-20,87.1,OBS
KMIA,2024-09-21,87.7,OBS
KMIA,2024-09-22,88.2,OBS
KMIA,2024-09-23,87.0,OBS
KMIA,2024-09-24,88.4,OBS
KMIA,2024-09-25,87.4,OBS
KMIA,2024-09-26,88.7,OBS
KMIA,2024-09-27,87.9,OBS
KMIA,2024-09-28,89.1,OBS
KMIA,2024-09-29,89.0,OBS
KMIA,2024-09-30,89.0,OBS
KMIA,2024-10-01,88.3,OBS
KMIA,2024-10-02,88.6,OBS
KMIA,2024-10-03,87.3,OBS
KMIA,2024-10-04,83.1,OBS
KMIA,2024-10-05,82.4,OBS
KMIA,2024-10-06,81.4,OBS
KMIA,2024-10-07,82.5,OBS
KMIA,2024-10-08,84.4,OBS
KMIA,2024-10-09,86.0,OBS
KMIA,2024-10-10,87.1,OBS
KMIA,2024-10-11,83.2,OBS
KMIA,2024-10-12,81.6,OBS
KMIA,2024-10-13,83.3,OBS
KMIA,2024-10-14,85.7,OBS
KMIA,2024-10-15,84.7,OBS
KMIA,2024-10-16,82.8,OBS
KMIA,2024-10-17,81.0,OBS
KMIA,2024-10-18,79.5,OBS
KMIA,2024-10-19,82.4,OBS
KMIA,2024-10-20,82.9,OBS
KMIA,2024-10-21,83.0,OBS
KMIA,2024-10-22,83.0,OBS
KMIA,2024-10-23,85.3,OBS
KMIA,2024-10-24,82.6,OBS
KMIA,2024-10-25,83.4,OBS
KMIA,2024-10-26,82.4,OBS
KMIA,2024-10-27,81.8,OBS
KMIA,2024-10-28,79.7,OBS
KMIA,2024-10-29,84.9,OBS
KMIA,2024-10-30,84.0,OBS
KMIA,2024-10-31,82.3,OBS
KMIA,2024-11-01,82.8,OBS
KMIA,2024-11-02,82.8,OBS
KMIA,2024-11-03,83.7,OBS
KMIA,2024-11-04,83.1,OBS
KMIA,2024-11-05,82.8,OBS
KMIA,2024-11-06,84.7,OBS
KMIA,2024-11-07,82.8,OBS
KMIA,2024-11-08,83.6,OBS
KMIA,2024-11-09,82.9,OBS
KMIA,2024-11-10,83.3,OBS
KMIA,2024-11-11,86.2,OBS
KMIA,2024-11-12,85.7,OBS
KMIA,2024-11-13,84.8,OBS
KMIA,2024-11-14,81.7,OBS
KMIA,2024-11-15,86.7,OBS
KMIA,2024-11-16,80.8,OBS
KMIA,2024-11-17,82.6,OBS
KMIA,2024-11-18,81.8,OBS
KMIA,2024-11-19,83.0,OBS
KMIA,2024-11-20,84.3,OBS
KMIA,2024-11-21,77.4,OBS
KMIA,2024-11-22,72.9,OBS
KMIA,2024-11-23,72.1,OBS
KMIA,2024-11-24,77.3,OBS
KMIA,2024-11-25,80.0,OBS
KMIA,2024-11-26,83.8,OBS
KMIA,2024-11-27,81.7,OBS
KMIA,2024-11-28,83.5,OBS
KMIA,2024-11-29,85.1,OBS
KMIA,2024-11-30,78.6,OBS
KMIA,2024-12-01,74.6,OBS
KMIA,2024-12-02,74.8,OBS
KMIA,2024-12-03,72.0,OBS
KMIA,2024-12-04,73.3,OBS
KMIA,2024-12-05,78.7,OBS
KMIA,2024-12-06,80.7,OBS
KMIA,2024-12-07,77.3,OBS
KMIA,2024-12-08,77.3,OBS
KMIA,2024-12-09,79.0,OBS
KMIA,2024-12-10,80.2,OBS
KMIA,2024-12-11,83.9,OBS
KMIA,2024-12-12,75.0,OBS
KMIA,2024-12-13,76.6,OBS
KMIA,2024-12-14,77.5,OBS
KMIA,2024-12-15,78.0,OBS
KMIA,2024-12-16,79.7,OBS
KMIA,2024-12-17,79.7,OBS
KMIA,2024-12-18,78.9,OBS
KMIA,2024-12-19,79.9,OBS
KMIA,2024-12-20,79.3,OBS
KMIA,2024-12-21,71.6,OBS
KMIA,2024-12-22,75.0,OBS
KMIA,2024-12-23,78.2,OBS
KMIA,2024-12-24,76.9,OBS
KMIA,2024-12-25,76.8,OBS
KMIA,2024-12-26,80.4,OBS
KMIA,2024-12-27,77.6,OBS
KMIA,2024-12-28,77.0,OBS
KMIA,2024-12-29,74.4,OBS
KMIA,2024-12-30,80.5,OBS
KMIA,2024-12-31,80.2,OBS
KMIA,2025-01-01,77.5,OBS
KMIA,2025-01-02,75.5,OBS
KMIA,2025-01-03,75.1,OBS
KMIA,2025-01-04,70.4,OBS
KMIA,2025-01-05,74.2,OBS
KMIA,2025-01-06,80.3,OBS
KMIA,2025-01-07,73.0,OBS
KMIA,2025-01-08,70.2,OBS
KMIA,2025-01-09,66.1,OBS
KMIA,2025-01-10,73.7,OBS
KMIA,2025-01-11,79.8,OBS
KMIA,2025-01-12,74.2,OBS
KMIA,2025-01-13,81.0,OBS
KMIA,2025-01-14,77.4,OBS
KMIA,2025-01-15,74.5,OBS
KMIA,2025-01-16,73.7,OBS
KMIA,2025-01-17,71.4,OBS
KMIA,2025-01-18,80.2,OBS
KMIA,2025-01-19,80.2,OBS
KMIA,2025-01-20,73.5,OBS
KMIA,2025-01-21,77.3,OBS
KMIA,2025-01-22,71.8,OBS
KMIA,2025-01-23,67.2,OBS
KMIA,2025-01-24,59.3,OBS
KMIA,2025-01-25,68.6,OBS
KMIA,2025-01-26,72.4,OBS
KMIA,2025-01-27,75.8,OBS
KMIA,2025-01-28,76.0,OBS
KMIA,2025-01-29,79.1,OBS
KMIA,2025-01-30,78.8,OBS
KMIA,2025-01-31,79.2,OBS
KMIA,2025-02-01,83.1,OBS
KMIA,2025-02-02,79.7,OBS
KMIA,2025-02-03,78.7,OBS
KMIA,2025-02-04,82.9,OBS
KMIA,2025-02-05,81.1,OBS
KMIA,2025-02-06,81.3,OBS
KMIA,2025-02-07,82.8,OBS
KMIA,2025-02-08,82.1,OBS
KMIA,2025-02-09,82.6,OBS
KMIA,2025-02-10,83.1,OBS
KMIA,2025-02-11,81.1,OBS
KMIA,2025-02-12,80.9,OBS
KMIA,2025-02-13,83.0,OBS
KMIA,2025-02-14,83.3,OBS
KMIA,2025-02-15,82.0,OBS
KMIA,2025-02-16,85.0,OBS
KMIA,2025-02-17,83.2,OBS
KMIA,2025-02-18,80.2,OBS
KMIA,2025-02-19,83.0,OBS
KMIA,2025-02-20,80.7,OBS
KMIA,2025-02-21,74.8,OBS
KMIA,2025-02-22,74.4,OBS
KMIA,2025-02-23,75.3,OBS
KMIA,2025-02-24,72.6,OBS
KMIA,2025-02-25,76.1,OBS
KMIA,2025-02-26,76.7,OBS
KMIA,2025-02-27,81.0,OBS
KMIA,2025-02-28,80.4,OBS
KMIA,2025-03-01,83.7,OBS
KMIA,2025-03-02,83.3,OBS
KMIA,2025-03-03,79.6,OBS
KMIA,2025-03-04,77.5,OBS
KMIA,2025-03-05,82.5,OBS
KMIA,2025-03-06,76.8,OBS
KMIA,2025-03-07,77.0,OBS
KMIA,2025-03-08,86.3,OBS
KMIA,2025-03-09,88.3,OBS
KMIA,2025-03-10,89.5,OBS
KMIA,2025-03-11,77.0,OBS
KMIA,2025-03-12,80.3,OBS
KMIA,2025-03-13,80.0,OBS
KMIA,2025-03-14,81.8,OBS
KMIA,2025-03-15,81.2,OBS
KMIA,2025-03-16,84.5,OBS
KMIA,2025-03-17,80.3,OBS
KMIA,2025-03-18,77.3,OBS
KMIA,2025-03-19,80.8,OBS
KMIA,2025-03-20,85.3,OBS
KMIA,2025-03-21,77.0,OBS
KMIA,2025-03-22,80.3,OBS
KMIA,2025-03-23,79.9,OBS
KMIA,2025-03-24,84.8,OBS
KMIA,2025-03-25,87.4,OBS
KMIA,2025-03-26,80.5,OBS
KMIA,2025-03-27,80.1,OBS
KMIA,2025-03-28,78.4,OBS
KMIA,2025-03-29,79.8,OBS
KMIA,2025-03-30,80.0,OBS
KMIA,2025-03-31,81.8,OBS
KMIA,2025-04-01,82.8,OBS
KMIA,2025-04-02,82.8,OBS
KMIA,2025-04-03,84.2,OBS
KMIA,2025-04-04,83.1,OBS
KMIA,2025-04-05,84.8,OBS
KMIA,2025-04-06,83.6,OBS
KMIA,2025-04-07,85.2,OBS
KMIA,2025-04-08,83.5,OBS
KMIA,2025-04-09,77.5,OBS
KMIA,2025-04-10,79.4,OBS
KMIA,2025-04-11,81.1,OBS
KMIA,2025-04-12,82.8,OBS
KMIA,2025-04-13,82.9,OBS
KMIA,2025-04-14,81.1,OBS
KMIA,2025-04-15,85.5,OBS
KMIA,2025-04-16,88.1,OBS
KMIA,2025-04-17,83.4,OBS
KMIA,2025-04-18,82.6,OBS
KMIA,2025-04-19,82.9,OBS
KMIA,2025-04-20,84.7,OBS
KMIA,2025-04-21,83.2,OBS
KMIA,2025-04-22,83.1,OBS
KMIA,2025-04-23,85.3,OBS
KMIA,2025-04-24,84.7,OBS
KMIA,2025-04-25,82.9,OBS
KMIA,2025-04-26,85.3,OBS
KMIA,2025-04-27,85.2,OBS
KMIA,2025-04-28,85.2,OBS
KMIA,2025-04-29,82.3,OBS
KMIA,2025-04-30,83.1,OBS
KMIA,2025-05-01,83.6,OBS
KMIA,2025-05-02,85.6,OBS
KMIA,2025-05-03,83.8,OBS
KMIA,2025-05-04,83.7,OBS
KMIA,2025-05-05,85.0,OBS
KMIA,2025-05-06,84.8,OBS
KMIA,2025-05-07,85.0,OBS
KMIA,2025-05-08,88.1,OBS
KMIA,2025-05-09,87.0,OBS
KMIA,2025-05-10,87.8,OBS
KMIA,2025-05-11,88.0,OBS
KMIA,2025-05-12,82.2,OBS
KMIA,2025-05-13,83.6,OBS
KMIA,2025-05-14,87.3,OBS
KMIA,2025-05-15,86.4,OBS
KMIA,2025-05-16,86.8,OBS
KMIA,2025-05-17,90.9,OBS
KMIA,2025-05-18,90.1,OBS
KMIA,2025-05-19,92.1,OBS
KMIA,2025-05-20,92.6,OBS
KMIA,2025-05-21,95.4,OBS
KMIA,2025-05-22,94.8,OBS
KMIA,2025-05-23,89.4,OBS
KMIA,2025-05-24,87.7,OBS
KMIA,2025-05-25,88.6,OBS
KMIA,2025-05-26,90.4,OBS
KMIA,2025-05-27,89.7,OBS
KMIA,2025-05-28,90.6,OBS
KMIA,2025-05-29,91.7,OBS
KMIA,2025-05-30,93.1,OBS
KMIA,2025-05-31,90.8,OBS
KMIA,2025-06-01,86.5,OBS
KMIA,2025-06-02,85.3,OBS
KMIA,2025-06-03,77.8,OBS
KMIA,2025-06-04,83.1,OBS
KMIA,2025-06-05,84.6,OBS
KMIA,2025-06-06,86.4,OBS
KMIA,2025-06-07,86.7,OBS
KMIA,2025-06-08,87.8,OBS
KMIA,2025-06-09,88.9,OBS
KMIA,2025-06-10,85.8,OBS
KMIA,2025-06-11,85.3,OBS
KMIA,2025-06-12,88.5,OBS
KMIA,2025-06-13,87.9,OBS
KMIA,2025-06-14,88.5,OBS
KMIA,2025-06-15,89.0,OBS
KMIA,2025-06-16,88.9,OBS
KMIA,2025-06-17,89.3,OBS
KMIA,2025-06-18,88.0,OBS
KMIA,2025-06-19,88.6,OBS
KMIA,2025-06-20,88.4,OBS
KMIA,2025-06-21,88.2,OBS
KMIA,2025-06-22,88.2,OBS
KMIA,2025-06-23,88.2,OBS
KMIA,2025-06-24,86.9,OBS
KMIA,2025-06-25,83.7,OBS
KMIA,2025-06-26,83.2,OBS
KMIA,2025-06-27,84.5,OBS
KMIA,2025-06-28,87.8,OBS
KMIA,2025-06-29,85.6,OBS
KMIA,2025-06-30,85.0,OBS
KMIA,2025-07-01,84.7,OBS
KMIA,2025-07-02,86.4,OBS
KMIA,2025-07-03,86.2,OBS
KMIA,2025-07-04,83.8,OBS
KMIA,2025-07-05,85.4,OBS
KMIA,2025-07-06,86.2,OBS
KMIA,2025-07-07,89.4,OBS
KMIA,2025-07-08,89.2,OBS
KMIA,2025-07-09,89.0,OBS
KMIA,2025-07-10,85.8,OBS
KMIA,2025-07-11,87.4,OBS
KMIA,2025-07-12,89.8,OBS
KMIA,2025-07-13,89.0,OBS
KMIA,2025-07-14,87.3,OBS
KMIA,2025-07-15,84.5,OBS
KMIA,2025-07-16,85.6,OBS
KMIA,2025-07-17,86.4,OBS
KMIA,2025-07-18,88.3,OBS
KMIA,2025-07-19,89.1,OBS
KMIA,2025-07-20,90.9,OBS
KMIA,2025-07-21,91.3,OBS
KMIA,2025-07-22,91.8,OBS
KMIA,2025-07-23,86.4,OBS
KMIA,2025-07-24,86.9,OBS
KMIA,2025-07-25,88.8,OBS
KMIA,2025-07-26,91.1,OBS
KMIA,2025-07-27,93.1,OBS
KMIA,2025-07-28,93.7,OBS
KMIA,2025-07-29,93.1,OBS
KMIA,2025-07-30,93.6,OBS
KMIA,2025-07-31,95.0,OBS
KMIA,2025-08-01,94.4,OBS
KMIA,2025-08-02,94.7,OBS
KMIA,2025-08-03,94.0,OBS
KMIA,2025-08-04,92.1,OBS
KMIA,2025-08-05,93.5,OBS
KMIA,2025-08-06,91.8,OBS
KMIA,2025-08-07,84.7,OBS
KMIA,2025-08-08,85.6,OBS
KMIA,2025-08-09,83.7,OBS
KMIA,2025-08-10,85.8,OBS
KMIA,2025-08-11,88.0,OBS
KMIA,2025-08-12,88.9,OBS
KMIA,2025-08-13,90.3,OBS
KMIA,2025-08-14,91.6,OBS
KMIA,2025-08-15,91.7,OBS
KMIA,2025-08-16,92.2,OBS
KMIA,2025-08-17,92.7,OBS
KMIA,2025-08-18,92.9,OBS
KMIA,2025-08-19,94.3,OBS
KMIA,2025-08-20,93.4,OBS
KMIA,2025-08-21,91.6,OBS
KMIA,2025-08-22,92.9,OBS
KMIA,2025-08-23,87.7,OBS
KMIA,2025-08-24,90.1,OBS
KMIA,2025-08-25,89.7,OBS
KMIA,2025-08-26,90.6,OBS
KMIA,2025-08-27,91.2,OBS
KMIA,2025-08-28,90.9,OBS
KMIA,2025-08-29,92.1,OBS
KMIA,2025-08-30,90.6,OBS
KMIA,2025-08-31,89.0,OBS
KMIA,2025-09-01,88.6,OBS
KMIA,2025-09-02,90.3,OBS
KMIA,2025-09-03,86.3,OBS
KMIA,2025-09-04,86.3,OBS
KMIA,2025-09-05,84.9,OBS
KMIA,2025-09-06,84.4,OBS
KMIA,2025-09-07,86.5,OBS
KMIA,2025-09-08,88.5,OBS
KMIA,2025-09-09,86.8,OBS
KMIA,2025-09-10,87.3,OBS
KMIA,2025-09-11,88.0,OBS
KMIA,2025-09-12,86.6,OBS
KMIA,2025-09-13,85.0,OBS
KMIA,2025-09-14,86.6,OBS
KMIA,2025-09-15,86.4,OBS
KMIA,2025-09-16,87.8,OBS
KMIA,2025-09-17,81.8,OBS
KMIA,2025-09-18,83.4,OBS
KMIA,2025-09-19,86.4,OBS
KMIA,2025-09-20,86.9,OBS
KMIA,2025-09-21,85.6,OBS
KMIA,2025-09-22,87.3,OBS
KMIA,2025-09-23,87.0,OBS
KMIA,2025-09-24,86.4,OBS
KMIA,2025-09-25,87.4,OBS
KMIA,2025-09-26,87.6,OBS
KMIA,2025-09-27,86.2,OBS
KMIA,2025-09-28,85.2,OBS
KMIA,2025-09-29,86.3,OBS
KMIA,2025-09-30,88.6,OBS
KMIA,2025-10-01,88.9,OBS
KMIA,2025-10-02,86.7,OBS
KMIA,2025-10-03,84.4,OBS
KMIA,2025-10-04,85.7,OBS
KMIA,2025-10-05,86.0,OBS
KMIA,2025-10-06,82.9,OBS
KMIA,2025-10-07,85.8,OBS
KMIA,2025-10-08,84.1,OBS
KMIA,2025-10-09,83.8,OBS
KMIA,2025-10-10,80.0,OBS
KMIA,2025-10-11,84.0,OBS
KMIA,2025-10-12,83.8,OBS
KMIA,2025-10-13,84.8,OBS
KMIA,2025-10-14,83.9,OBS
KMIA,2025-10-15,84.0,OBS
KMIA,2025-10-16,82.7,OBS
KMIA,2025-10-17,82.1,OBS
KMIA,2025-10-18,83.1,OBS
KMIA,2025-10-19,84.8,OBS
KMIA,2025-10-20,85.1,OBS
KMIA,2025-10-21,85.5,OBS
KMIA,2025-10-22,85.9,OBS
KMIA,2025-10-23,86.3,OBS
KMIA,2025-10-24,86.4,OBS
KMIA,2025-10-25,82.9,OBS
KMIA,2025-10-26,83.1,OBS
KMIA,2025-10-27,85.3,OBS
KMIA,2025-10-28,85.1,OBS
KMIA,2025-10-29,83.8,OBS
KMIA,2025-10-30,77.9,OBS
KMIA,2025-10-31,77.0,OBS
KMIA,2025-11-01,78.3,OBS
KMIA,2025-11-02,82.6,OBS
KMIA,2025-11-03,83.4,OBS
KMIA,2025-11-04,79.1,OBS
KMIA,2025-11-05,82.9,OBS
KMIA,2025-11-06,81.8,OBS
KMIA,2025-11-07,84.9,OBS
KMIA,2025-11-08,85.0,OBS
KMIA,2025-11-09,85.1,OBS
KMIA,2025-11-10,81.5,OBS
KMIA,2025-11-11,66.7,OBS
KMIA,2025-11-12,74.1,OBS
KMIA,2025-11-13,75.9,OBS
KMIA,2025-11-14,78.4,OBS
KMIA,2025-11-15,79.3,OBS
KMIA,2025-11-16,80.4,OBS
KMIA,2025-11-17,80.3,OBS
KMIA,2025-11-18,81.8,OBS
KMIA,2025-11-19,83.4,OBS
KMIA,2025-11-20,82.1,OBS
KMIA,2025-11-21,82.1,OBS
KMIA,2025-11-22,82.7,OBS
KMIA,2025-11-23,84.5,OBS
KMIA,2025-11-24,82.1,OBS
KMIA,2025-11-25,81.5,OBS
KMIA,2025-11-26,83.4,OBS
KMIA,2025-11-27,81.9,OBS
KMIA,2025-11-28,72.4,OBS
KMIA,2025-11-29,76.5,OBS
KMIA,2025-11-30,76.6,OBS
KMIA,2025-12-01,81.1,OBS
KMIA,2025-12-02,83.3,OBS
KMIA,2025-12-03,80.5,OBS
KMIA,2025-12-04,80.1,OBS
KMIA,2025-12-05,82.8,OBS
KMIA,2025-12-06,83.9,OBS
KMIA,2025-12-07,81.9,OBS
KMIA,2025-12-08,84.2,OBS
KMIA,2025-12-09,73.9,OBS
KMIA,2025-12-10,79.3,OBS
KMIA,2025-12-11,73.2,OBS
KMIA,2025-12-12,75.9,OBS
KMIA,2025-12-13,79.3,OBS
KMIA,2025-12-14,80.6,OBS
KMIA,2025-12-15,73.0,OBS
KMIA,2025-12-16,73.9,OBS
KMIA,2025-12-17,76.4,OBS
KMIA,2025-12-18,80.4,OBS
KMIA,2025-12-19,83.8,OBS
KMIA,2025-12-20,81.2,OBS
KMIA,2025-12-21,80.6,OBS
KMIA,2025-12-22,78.9,OBS
KMIA,2025-12-23,78.2,OBS
KMIA,2025-12-24,77.7,OBS
KMIA,2025-12-25,79.7,OBS
KMIA,2025-12-26,79.7,OBS
KMIA,2025-12-27,79.6,OBS
KMIA,2025-12-28,80.3,OBS
KMIA,2025-12-29,81.2,OBS
KMIA,2025-12-30,73.4,OBS
KMIA,2025-12-31,63.2,OBS
KMIA,2026-01-01,66.6,OBS
KMIA,2026-01-02,70.5,OBS
KMIA,2026-01-03,76.8,OBS
KMIA,2026-01-04,78.2,OBS
KMIA,2026-01-05,79.1,OBS
KMIA,2026-01-06,77.1,OBS
KMIA,2026-01-07,78.8,OBS
KMIA,2026-01-08,80.8,OBS
KMIA,2026-01-09,79.4,OBS
KMIA,2026-01-10,79.7,OBS
KMIA,2026-01-11,83.0,OBS
KMIA,2026-01-12,75.9,OBS
KMIA,2026-01-13,74.2,OBS
KMIA,2026-01-14,78.3,OBS
KMIA,2026-01-15,72.0,OBS
KMIA,2026-01-16,65.8,OBS
KMIA,2026-01-17,75.9,OBS
KMIA,2026-01-18,79.9,OBS
KMIA,2026-01-19,66.2,OBS
KMIA,2026-01-20,72.9,OBS
KMIA,2026-01-21,71.2,OBS
KMIA,2026-01-22,74.2,OBS
KMIA,2026-01-23,78.7,OBS
KMIA,2026-01-24,78.4,OBS
KMIA,2026-01-25,78.5,OBS
KMIA,2026-01-26,84.5,OBS
KMIA,2026-01-27,75.7,OBS
KMIA,2026-01-28,62.6,OBS
KMIA,2026-01-29,69.8,OBS
KMIA,2026-01-30,65.0,OBS
KMIA,2026-01-31,65.3,OBS
KMIA,2026-02-01,57.0,OBS
KMIA,2026-02-02,55.5,OBS
KMIA,2026-02-03,66.1,OBS
KMIA,2026-02-04,72.3,OBS
KMIA,2026-02-05,72.6,OBS
KMIA,2026-02-06,64.1,OBS
KMIA,2026-02-07,76.9,OBS
KMIA,2026-02-08,72.5,OBS
KMIA,2026-02-09,72.6,OBS
KMIA,2026-02-10,74.7,OBS
KMIA,2026-02-11,75.7,OBS
KMIA,2026-02-12,79.8,OBS
KMIA,2026-02-13,79.5,OBS
KMIA,2026-02-14,77.5,OBS
KMIA,2026-02-15,77.8,OBS
KMIA,2026-02-16,84.1,OBS
KMIA,2026-02-17,77.5,OBS
KMIA,2026-02-18,78.6,OBS
KMIA,2026-02-19,81.3,OBS
KMIA,2026-02-20,83.0,OBS
KMIA,2026-02-21,85.6,OBS
KMIA,2026-02-22,88.8,OBS
KMIA,2026-02-23,73.7,OBS
KMIA,2026-02-24,65.7,OBS
KMIA,2026-02-25,71.8,OBS
KMIA,2023-05-12,86.3,GFS
KMIA,2023-05-13,86.3,GFS
KMIA,2023-05-14,85.4,GFS
KMIA,2023-05-15,85.8,GFS
KMIA,2023-05-16,88.5,GFS
KMIA,2023-05-17,88.2,GFS
KMIA,2023-05-18,87.2,GFS
KMIA,2023-05-19,87.4,GFS
KMIA,2023-05-20,87.1,GFS
KMIA,2023-05-21,86.8,GFS
KMIA,2023-05-22,87.5,GFS
KMIA,2023-05-23,84.8,GFS
KMIA,2023-05-24,84.2,GFS
KMIA,2023-05-25,84.6,GFS
KMIA,2023-05-26,84.2,GFS
KMIA,2023-05-27,86.5,GFS
KMIA,2023-05-28,90.9,GFS
KMIA,2023-05-29,90.1,GFS
KMIA,2023-05-30,88.9,GFS
KMIA,2023-05-31,84.5,GFS
KMIA,2023-06-01,87.5,GFS
KMIA,2023-06-02,84.9,GFS
KMIA,2023-06-03,85.0,GFS
KMIA,2023-06-04,86.3,GFS
KMIA,2023-06-05,88.9,GFS
KMIA,2023-06-06,82.4,GFS
KMIA,2023-06-07,86.9,GFS
KMIA,2023-06-08,88.4,GFS
KMIA,2023-06-09,90.5,GFS
KMIA,2023-06-10,89.4,GFS
KMIA,2023-06-11,87.2,GFS
KMIA,2023-06-12,89.2,GFS
KMIA,2023-06-13,91.0,GFS
KMIA,2023-06-14,90.8,GFS
KMIA,2023-06-15,91.9,GFS
KMIA,2023-06-16,94.5,GFS
KMIA,2023-06-17,92.6,GFS
KMIA,2023-06-18,90.4,GFS
KMIA,2023-06-19,92.3,GFS
KMIA,2023-06-20,89.4,GFS
KMIA,2023-06-21,91.7,GFS
KMIA,2023-06-22,89.1,GFS
KMIA,2023-06-23,91.7,GFS
KMIA,2023-06-24,90.5,GFS
KMIA,2023-06-25,88.3,GFS
KMIA,2023-06-26,86.9,GFS
KMIA,2023-06-27,91.7,GFS
KMIA,2023-06-28,94.5,GFS
KMIA,2023-06-29,91.0,GFS
KMIA,2023-06-30,91.4,GFS
KMIA,2023-07-01,88.6,GFS
KMIA,2023-07-02,92.0,GFS
KMIA,2023-07-03,89.6,GFS
KMIA,2023-07-04,90.2,GFS
KMIA,2023-07-05,92.0,GFS
KMIA,2023-07-06,93.4,GFS
KMIA,2023-07-07,94.0,GFS
KMIA,2023-07-08,97.4,GFS
KMIA,2023-07-09,93.8,GFS
KMIA,2023-07-10,94.2,GFS
KMIA,2023-07-11,96.0,GFS
KMIA,2023-07-12,94.1,GFS
KMIA,2023-07-13,93.3,GFS
KMIA,2023-07-14,92.6,GFS
KMIA,2023-07-15,89.5,GFS
KMIA,2023-07-16,92.9,GFS
KMIA,2023-07-17,90.3,GFS
KMIA,2023-07-18,88.5,GFS
KMIA,2023-07-19,91.8,GFS
KMIA,2023-07-20,93.3,GFS
KMIA,2023-07-21,92.0,GFS
KMIA,2023-07-22,97.0,GFS
KMIA,2023-07-23,98.9,GFS
KMIA,2023-07-24,95.4,GFS
KMIA,2023-07-25,93.1,GFS
KMIA,2023-07-26,88.9,GFS
KMIA,2023-07-27,86.2,GFS
KMIA,2023-07-28,86.4,GFS
KMIA,2023-07-29,93.4,GFS
KMIA,2023-07-30,94.1,GFS
KMIA,2023-07-31,94.0,GFS
KMIA,2023-08-01,91.5,GFS
KMIA,2023-08-02,93.9,GFS
KMIA,2023-08-03,90.8,GFS
KMIA,2023-08-04,89.2,GFS
KMIA,2023-08-05,91.8,GFS
KMIA,2023-08-06,93.9,GFS
KMIA,2023-08-07,94.4,GFS
KMIA,2023-08-08,94.7,GFS
KMIA,2023-08-09,93.8,GFS
KMIA,2023-08-10,94.2,GFS
KMIA,2023-08-11,92.1,GFS
KMIA,2023-08-12,93.2,GFS
KMIA,2023-08-13,92.2,GFS
KMIA,2023-08-14,94.7,GFS
KMIA,2023-08-15,93.7,GFS
KMIA,2023-08-16,90.6,GFS
KMIA,2023-08-17,93.5,GFS
KMIA,2023-08-18,89.0,GFS
KMIA,2023-08-19,88.4,GFS
KMIA,2023-08-20,86.4,GFS
KMIA,2023-08-21,90.0,GFS
KMIA,2023-08-22,91.7,GFS
KMIA,2023-08-23,91.7,GFS
KMIA,2023-08-24,93.4,GFS
KMIA,2023-08-25,90.6,GFS
KMIA,2023-08-26,91.3,GFS
KMIA,2023-08-27,91.5,GFS
KMIA,2023-08-28,87.4,GFS
KMIA,2023-08-29,89.7,GFS
KMIA,2023-08-30,92.0,GFS
KMIA,2023-08-31,97.2,GFS
KMIA,2023-09-01,94.4,GFS
KMIA,2023-09-02,86.8,GFS
KMIA,2023-09-03,89.6,GFS
KMIA,2023-09-04,89.0,GFS
KMIA,2023-09-05,91.0,GFS
KMIA,2023-09-06,90.8,GFS
KMIA,2023-09-07,90.8,GFS
KMIA,2023-09-08,90.7,GFS
KMIA,2023-09-09,90.1,GFS
KMIA,2023-09-10,89.7,GFS
KMIA,2023-09-11,91.9,GFS
KMIA,2023-09-12,94.1,GFS
KMIA,2023-09-13,93.3,GFS
KMIA,2023-09-14,91.0,GFS
KMIA,2023-09-15,87.2,GFS
KMIA,2023-09-16,88.0,GFS
KMIA,2023-09-17,88.5,GFS
KMIA,2023-09-18,92.6,GFS
KMIA,2023-09-19,88.5,GFS
KMIA,2023-09-20,87.9,GFS
KMIA,2023-09-21,87.2,GFS
KMIA,2023-09-22,86.5,GFS
KMIA,2023-09-23,82.7,GFS
KMIA,2023-09-24,86.9,GFS
KMIA,2023-09-25,86.7,GFS
KMIA,2023-09-26,88.1,GFS
KMIA,2023-09-27,86.1,GFS
KMIA,2023-09-28,85.6,GFS
KMIA,2023-09-29,88.8,GFS
KMIA,2023-09-30,88.4,GFS
KMIA,2023-10-01,88.1,GFS
KMIA,2023-10-02,82.3,GFS
KMIA,2023-10-03,84.7,GFS
KMIA,2023-10-04,87.0,GFS
KMIA,2023-10-05,87.2,GFS
KMIA,2023-10-06,89.6,GFS
KMIA,2023-10-07,90.1,GFS
KMIA,2023-10-08,89.1,GFS
KMIA,2023-10-09,84.7,GFS
KMIA,2023-10-10,89.4,GFS
KMIA,2023-10-11,84.5,GFS
KMIA,2023-10-12,93.8,GFS
KMIA,2023-10-13,93.6,GFS
KMIA,2023-10-14,85.4,GFS
KMIA,2023-10-15,87.0,GFS
KMIA,2023-10-16,79.5,GFS
KMIA,2023-10-17,76.0,GFS
KMIA,2023-10-18,81.0,GFS
KMIA,2023-10-19,83.9,GFS
KMIA,2023-10-20,81.9,GFS
KMIA,2023-10-21,87.2,GFS
KMIA,2023-10-22,86.3,GFS
KMIA,2023-10-23,86.2,GFS
KMIA,2023-10-24,81.7,GFS
KMIA,2023-10-25,83.0,GFS
KMIA,2023-10-26,84.3,GFS
KMIA,2023-10-27,83.6,GFS
KMIA,2023-10-28,83.4,GFS
KMIA,2023-10-29,83.6,GFS
KMIA,2023-10-30,85.7,GFS
KMIA,2023-10-31,88.5,GFS
KMIA,2023-11-01,84.4,GFS
KMIA,2023-11-02,78.6,GFS
KMIA,2023-11-03,81.0,GFS
KMIA,2023-11-04,81.8,GFS
KMIA,2023-11-05,84.1,GFS
KMIA,2023-11-06,83.3,GFS
KMIA,2023-11-07,83.6,GFS
KMIA,2023-11-08,83.3,GFS
KMIA,2023-11-09,81.7,GFS
KMIA,2023-11-10,85.7,GFS
KMIA,2023-11-11,87.2,GFS
KMIA,2023-11-12,84.8,GFS
KMIA,2023-11-13,83.8,GFS
KMIA,2023-11-14,81.0,GFS
KMIA,2023-11-15,77.8,GFS
KMIA,2023-11-16,78.2,GFS
KMIA,2023-11-17,80.9,GFS
KMIA,2023-11-18,77.3,GFS
KMIA,2023-11-19,79.6,GFS
KMIA,2023-11-20,80.7,GFS
KMIA,2023-11-21,79.5,GFS
KMIA,2023-11-22,81.5,GFS
KMIA,2023-11-23,81.4,GFS
KMIA,2023-11-24,78.9,GFS
KMIA,2023-11-25,80.6,GFS
KMIA,2023-11-26,81.2,GFS
KMIA,2023-11-27,78.0,GFS
KMIA,2023-11-28,75.1,GFS
KMIA,2023-11-29,73.3,GFS
KMIA,2023-11-30,79.9,GFS
KMIA,2023-12-01,82.8,GFS
KMIA,2023-12-02,83.0,GFS
KMIA,2023-12-03,86.3,GFS
KMIA,2023-12-04,84.7,GFS
KMIA,2023-12-05,82.9,GFS
KMIA,2023-12-06,72.2,GFS
KMIA,2023-12-07,73.0,GFS
KMIA,2023-12-08,76.9,GFS
KMIA,2023-12-09,80.1,GFS
KMIA,2023-12-10,80.9,GFS
KMIA,2023-12-11,78.1,GFS
KMIA,2023-12-12,74.6,GFS
KMIA,2023-12-13,74.3,GFS
KMIA,2023-12-14,73.0,GFS
KMIA,2023-12-15,73.7,GFS
KMIA,2023-12-16,75.0,GFS
KMIA,2023-12-17,76.4,GFS
KMIA,2023-12-18,70.4,GFS
KMIA,2023-12-19,70.2,GFS
KMIA,2023-12-20,69.5,GFS
KMIA,2023-12-21,75.8,GFS
KMIA,2023-12-22,75.2,GFS
KMIA,2023-12-23,75.5,GFS
KMIA,2023-12-24,77.0,GFS
KMIA,2023-12-26,80.7,GFS
KMIA,2023-12-27,75.6,GFS
KMIA,2023-12-28,70.3,GFS
KMIA,2023-12-29,68.2,GFS
KMIA,2023-12-30,65.1,GFS
KMIA,2023-12-31,69.0,GFS
KMIA,2024-01-01,72.8,GFS
KMIA,2024-01-02,71.0,GFS
KMIA,2024-01-03,71.6,GFS
KMIA,2024-01-04,77.1,GFS
KMIA,2024-01-05,74.9,GFS
KMIA,2024-01-06,78.2,GFS
KMIA,2024-01-07,73.1,GFS
KMIA,2024-01-08,73.6,GFS
KMIA,2024-01-09,77.9,GFS
KMIA,2024-01-10,75.9,GFS
KMIA,2024-01-11,69.2,GFS
KMIA,2024-01-12,82.4,GFS
KMIA,2024-01-13,82.7,GFS
KMIA,2024-01-14,73.2,GFS
KMIA,2024-01-15,79.2,GFS
KMIA,2024-01-16,81.3,GFS
KMIA,2024-01-17,75.3,GFS
KMIA,2024-01-18,78.1,GFS
KMIA,2024-01-19,78.4,GFS
KMIA,2024-01-20,73.1,GFS
KMIA,2024-01-21,69.9,GFS
KMIA,2024-01-22,73.7,GFS
KMIA,2024-01-23,77.7,GFS
KMIA,2024-01-24,79.8,GFS
KMIA,2024-01-25,79.5,GFS
KMIA,2024-01-26,79.9,GFS
KMIA,2024-01-27,80.0,GFS
KMIA,2024-01-28,84.4,GFS
KMIA,2024-01-29,75.4,GFS
KMIA,2024-01-30,70.5,GFS
KMIA,2024-01-31,72.3,GFS
KMIA,2024-02-01,72.2,GFS
KMIA,2024-02-02,75.6,GFS
KMIA,2024-02-03,77.1,GFS
KMIA,2024-02-04,73.6,GFS
KMIA,2024-02-05,67.2,GFS
KMIA,2024-02-06,66.7,GFS
KMIA,2024-02-07,74.6,GFS
KMIA,2024-02-08,73.7,GFS
KMIA,2024-02-09,75.1,GFS
KMIA,2024-02-10,78.1,GFS
KMIA,2024-02-11,78.6,GFS
KMIA,2024-02-12,83.1,GFS
KMIA,2024-02-13,81.8,GFS
KMIA,2024-02-14,77.8,GFS
KMIA,2024-02-15,76.8,GFS
KMIA,2024-02-16,77.6,GFS
KMIA,2024-02-17,80.9,GFS
KMIA,2024-02-18,76.4,GFS
KMIA,2024-02-19,68.2,GFS
KMIA,2024-02-20,70.4,GFS
KMIA,2024-02-21,72.7,GFS
KMIA,2024-02-22,73.5,GFS
KMIA,2024-02-23,78.2,GFS
KMIA,2024-02-24,75.5,GFS
KMIA,2024-02-25,76.4,GFS
KMIA,2024-02-26,74.9,GFS
KMIA,2024-02-27,76.9,GFS
KMIA,2024-02-28,78.8,GFS
KMIA,2024-02-29,80.3,GFS
KMIA,2024-03-01,78.8,GFS
KMIA,2024-03-02,80.0,GFS
KMIA,2024-03-03,81.3,GFS
KMIA,2024-03-04,82.5,GFS
KMIA,2024-03-05,81.6,GFS
KMIA,2024-03-06,80.3,GFS
KMIA,2024-03-07,82.9,GFS
KMIA,2024-03-08,85.0,GFS
KMIA,2024-03-09,85.2,GFS
KMIA,2024-03-10,87.0,GFS
KMIA,2024-03-11,80.3,GFS
KMIA,2024-03-12,80.5,GFS
KMIA,2024-03-13,81.5,GFS
KMIA,2024-03-14,83.6,GFS
KMIA,2024-03-15,81.9,GFS
KMIA,2024-03-16,85.1,GFS
KMIA,2024-03-17,86.1,GFS
KMIA,2024-03-18,88.1,GFS
KMIA,2024-03-19,82.5,GFS
KMIA,2024-03-20,77.0,GFS
KMIA,2024-03-21,79.1,GFS
KMIA,2024-03-22,75.4,GFS
KMIA,2024-03-23,77.6,GFS
KMIA,2024-03-24,78.6,GFS
KMIA,2024-03-25,76.3,GFS
KMIA,2024-03-26,78.6,GFS
KMIA,2024-03-27,80.0,GFS
KMIA,2024-03-28,85.7,GFS
KMIA,2024-03-29,79.3,GFS
KMIA,2024-03-30,79.3,GFS
KMIA,2024-03-31,80.2,GFS
KMIA,2024-04-01,81.3,GFS
KMIA,2024-04-02,83.6,GFS
KMIA,2024-04-03,89.0,GFS
KMIA,2024-04-04,83.6,GFS
KMIA,2024-04-05,80.6,GFS
KMIA,2024-04-06,81.9,GFS
KMIA,2024-04-07,78.6,GFS
KMIA,2024-04-08,78.6,GFS
KMIA,2024-04-09,79.2,GFS
KMIA,2024-04-10,81.8,GFS
KMIA,2024-04-11,88.5,GFS
KMIA,2024-04-12,85.7,GFS
KMIA,2024-04-13,81.7,GFS
KMIA,2024-04-14,79.6,GFS
KMIA,2024-04-15,80.6,GFS
KMIA,2024-04-16,82.9,GFS
KMIA,2024-04-17,81.6,GFS
KMIA,2024-04-18,82.4,GFS
KMIA,2024-04-19,83.5,GFS
KMIA,2024-04-20,84.2,GFS
KMIA,2024-04-21,85.3,GFS
KMIA,2024-04-22,85.0,GFS
KMIA,2024-04-23,79.4,GFS
KMIA,2024-04-24,79.6,GFS
KMIA,2024-04-25,81.8,GFS
KMIA,2024-04-26,81.7,GFS
KMIA,2024-04-27,80.3,GFS
KMIA,2024-04-28,80.4,GFS
KMIA,2024-04-29,81.8,GFS
KMIA,2024-04-30,81.6,GFS
KMIA,2024-05-01,81.8,GFS
KMIA,2024-05-02,84.9,GFS
KMIA,2024-05-03,84.7,GFS
KMIA,2024-05-04,85.7,GFS
KMIA,2024-05-05,83.9,GFS
KMIA,2024-05-06,84.4,GFS
KMIA,2024-05-07,85.1,GFS
KMIA,2024-05-08,86.7,GFS
KMIA,2024-05-09,87.1,GFS
KMIA,2024-05-10,93.0,GFS
KMIA,2024-05-11,94.8,GFS
KMIA,2024-05-12,89.7,GFS
KMIA,2024-05-13,87.4,GFS
KMIA,2024-05-14,89.9,GFS
KMIA,2024-05-15,96.2,GFS
KMIA,2024-05-16,94.4,GFS
KMIA,2024-05-17,93.2,GFS
KMIA,2024-05-18,93.2,GFS
KMIA,2024-05-19,95.5,GFS
KMIA,2024-05-20,93.8,GFS
KMIA,2024-05-21,89.3,GFS
KMIA,2024-05-22,89.1,GFS
KMIA,2024-05-23,91.7,GFS
KMIA,2024-05-24,90.8,GFS
KMIA,2024-05-25,91.9,GFS
KMIA,2024-05-26,94.7,GFS
KMIA,2024-05-27,95.1,GFS
KMIA,2024-05-28,93.4,GFS
KMIA,2024-05-29,95.7,GFS
KMIA,2024-05-30,90.5,GFS
KMIA,2024-05-31,89.8,GFS
KMIA,2024-06-01,87.7,GFS
KMIA,2024-06-02,85.7,GFS
KMIA,2024-06-03,88.0,GFS
KMIA,2024-06-04,90.7,GFS
KMIA,2024-06-05,91.3,GFS
KMIA,2024-06-06,92.6,GFS
KMIA,2024-06-07,91.7,GFS
KMIA,2024-06-08,89.9,GFS
KMIA,2024-06-09,92.3,GFS
KMIA,2024-06-10,90.5,GFS
KMIA,2024-06-11,87.2,GFS
KMIA,2024-06-12,82.6,GFS
KMIA,2024-06-13,86.0,GFS
KMIA,2024-06-14,85.8,GFS
KMIA,2024-06-15,83.4,GFS
KMIA,2024-06-16,90.3,GFS
KMIA,2024-06-17,87.0,GFS
KMIA,2024-06-18,89.5,GFS
KMIA,2024-06-19,88.2,GFS
KMIA,2024-06-20,88.7,GFS
KMIA,2024-06-21,90.6,GFS
KMIA,2024-06-22,89.4,GFS
KMIA,2024-06-23,87.6,GFS
KMIA,2024-06-24,88.1,GFS
KMIA,2024-06-25,86.2,GFS
KMIA,2024-06-26,88.4,GFS
KMIA,2024-06-27,89.5,GFS
KMIA,2024-06-28,89.8,GFS
KMIA,2024-06-29,92.2,GFS
KMIA,2024-06-30,85.2,GFS
KMIA,2024-07-01,86.2,GFS
KMIA,2024-07-02,89.6,GFS
KMIA,2024-07-03,89.5,GFS
KMIA,2024-07-04,92.4,GFS
KMIA,2024-07-05,91.3,GFS
KMIA,2024-07-06,90.4,GFS
KMIA,2024-07-07,92.6,GFS
KMIA,2024-07-08,93.1,GFS
KMIA,2024-07-09,93.1,GFS
KMIA,2024-07-10,92.5,GFS
KMIA,2024-07-11,89.4,GFS
KMIA,2024-07-12,90.0,GFS
KMIA,2024-07-13,90.8,GFS
KMIA,2024-07-14,92.2,GFS
KMIA,2024-07-15,90.4,GFS
KMIA,2024-07-16,92.7,GFS
KMIA,2024-07-17,94.0,GFS
KMIA,2024-07-18,95.3,GFS
KMIA,2024-07-19,92.6,GFS
KMIA,2024-07-20,93.8,GFS
KMIA,2024-07-21,91.5,GFS
KMIA,2024-07-22,89.5,GFS
KMIA,2024-07-23,91.5,GFS
KMIA,2024-07-24,91.4,GFS
KMIA,2024-07-25,91.9,GFS
KMIA,2024-07-26,93.6,GFS
KMIA,2024-07-27,93.1,GFS
KMIA,2024-07-28,95.1,GFS
KMIA,2024-07-29,90.2,GFS
KMIA,2024-07-30,90.2,GFS
KMIA,2024-07-31,93.0,GFS
KMIA,2024-08-01,93.8,GFS
KMIA,2024-08-02,92.8,GFS
KMIA,2024-08-03,87.7,GFS
KMIA,2024-08-04,87.5,GFS
KMIA,2024-08-05,89.4,GFS
KMIA,2024-08-06,88.3,GFS
KMIA,2024-08-07,97.0,GFS
KMIA,2024-08-08,93.6,GFS
KMIA,2024-08-09,92.2,GFS
KMIA,2024-08-10,91.8,GFS
KMIA,2024-08-11,93.0,GFS
KMIA,2024-08-12,94.2,GFS
KMIA,2024-08-13,92.8,GFS
KMIA,2024-08-14,94.7,GFS
KMIA,2024-08-15,95.5,GFS
KMIA,2024-08-16,88.5,GFS
KMIA,2024-08-17,93.5,GFS
KMIA,2024-08-18,88.9,GFS
KMIA,2024-08-19,90.5,GFS
KMIA,2024-08-20,93.5,GFS
KMIA,2024-08-21,91.8,GFS
KMIA,2024-08-22,89.7,GFS
KMIA,2024-08-23,88.5,GFS
KMIA,2024-08-24,84.0,GFS
KMIA,2024-08-25,88.4,GFS
KMIA,2024-08-26,90.9,GFS
KMIA,2024-08-27,92.5,GFS
KMIA,2024-08-28,89.1,GFS
KMIA,2024-08-29,88.8,GFS
KMIA,2024-08-30,87.2,GFS
KMIA,2024-08-31,85.4,GFS
KMIA,2024-09-01,84.5,GFS
KMIA,2024-09-02,89.3,GFS
KMIA,2024-09-03,89.1,GFS
KMIA,2024-09-04,90.4,GFS
KMIA,2024-09-05,91.8,GFS
KMIA,2024-09-06,91.5,GFS
KMIA,2024-09-07,91.4,GFS
KMIA,2024-09-08,92.0,GFS
KMIA,2024-09-09,91.9,GFS
KMIA,2024-09-10,89.4,GFS
KMIA,2024-09-11,88.5,GFS
KMIA,2024-09-12,89.0,GFS
KMIA,2024-09-13,94.2,GFS
KMIA,2024-09-14,90.0,GFS
KMIA,2024-09-15,89.0,GFS
KMIA,2024-09-16,91.9,GFS
KMIA,2024-09-17,90.7,GFS
KMIA,2024-09-18,92.9,GFS
KMIA,2024-09-19,89.8,GFS
KMIA,2024-09-20,90.1,GFS
KMIA,2024-09-21,88.5,GFS
KMIA,2024-09-22,91.6,GFS
KMIA,2024-09-23,87.7,GFS
KMIA,2024-09-24,91.6,GFS
KMIA,2024-09-25,89.0,GFS
KMIA,2024-09-26,88.9,GFS
KMIA,2024-09-27,91.5,GFS
KMIA,2024-09-28,93.2,GFS
KMIA,2024-09-29,93.1,GFS
KMIA,2024-09-30,91.6,GFS
KMIA,2024-10-01,90.6,GFS
KMIA,2024-10-02,92.6,GFS
KMIA,2024-10-03,91.1,GFS
KMIA,2024-10-04,85.4,GFS
KMIA,2024-10-05,82.7,GFS
KMIA,2024-10-06,79.9,GFS
KMIA,2024-10-07,82.6,GFS
KMIA,2024-10-08,82.3,GFS
KMIA,2024-10-09,86.1,GFS
KMIA,2024-10-10,87.2,GFS
KMIA,2024-10-11,81.6,GFS
KMIA,2024-10-12,81.9,GFS
KMIA,2024-10-13,82.2,GFS
KMIA,2024-10-14,86.0,GFS
KMIA,2024-10-15,84.9,GFS
KMIA,2024-10-16,85.2,GFS
KMIA,2024-10-17,80.1,GFS
KMIA,2024-10-18,76.4,GFS
KMIA,2024-10-19,82.7,GFS
KMIA,2024-10-20,84.1,GFS
KMIA,2024-10-21,85.5,GFS
KMIA,2024-10-22,85.4,GFS
KMIA,2024-10-23,85.2,GFS
KMIA,2024-10-24,83.7,GFS
KMIA,2024-10-25,84.1,GFS
KMIA,2024-10-26,85.3,GFS
KMIA,2024-10-27,81.3,GFS
KMIA,2024-10-28,82.2,GFS
KMIA,2024-10-29,84.4,GFS
KMIA,2024-10-30,85.2,GFS
KMIA,2024-10-31,83.8,GFS
KMIA,2024-11-01,84.4,GFS
KMIA,2024-11-02,84.6,GFS
KMIA,2024-11-03,83.7,GFS
KMIA,2024-11-04,84.1,GFS
KMIA,2024-11-05,83.5,GFS
KMIA,2024-11-06,85.4,GFS
KMIA,2024-11-07,84.7,GFS
KMIA,2024-11-08,86.3,GFS
KMIA,2024-11-09,84.9,GFS
KMIA,2024-11-10,85.4,GFS
KMIA,2024-11-11,84.5,GFS
KMIA,2024-11-12,86.1,GFS
KMIA,2024-11-13,82.9,GFS
KMIA,2024-11-14,82.8,GFS
KMIA,2024-11-15,86.5,GFS
KMIA,2024-11-16,80.9,GFS
KMIA,2024-11-17,81.6,GFS
KMIA,2024-11-18,81.3,GFS
KMIA,2024-11-19,82.0,GFS
KMIA,2024-11-20,83.5,GFS
KMIA,2024-11-21,79.9,GFS
KMIA,2024-11-22,72.5,GFS
KMIA,2024-11-23,70.7,GFS
KMIA,2024-11-24,77.3,GFS
KMIA,2024-11-25,80.0,GFS
KMIA,2024-11-26,81.8,GFS
KMIA,2024-11-27,80.8,GFS
KMIA,2024-11-28,82.9,GFS
KMIA,2024-11-29,83.8,GFS
KMIA,2024-11-30,77.6,GFS
KMIA,2024-12-01,74.7,GFS
KMIA,2024-12-02,74.2,GFS
KMIA,2024-12-03,70.7,GFS
KMIA,2024-12-04,71.3,GFS
KMIA,2024-12-05,76.4,GFS
KMIA,2024-12-06,80.2,GFS
KMIA,2024-12-07,76.7,GFS
KMIA,2024-12-08,76.0,GFS
KMIA,2024-12-09,78.8,GFS
KMIA,2024-12-10,78.5,GFS
KMIA,2024-12-11,83.6,GFS
KMIA,2024-12-12,77.1,GFS
KMIA,2024-12-13,76.8,GFS
KMIA,2024-12-14,78.5,GFS
KMIA,2024-12-15,79.0,GFS
KMIA,2024-12-16,80.9,GFS
KMIA,2024-12-17,81.5,GFS
KMIA,2024-12-18,82.0,GFS
KMIA,2024-12-19,84.8,GFS
KMIA,2024-12-20,80.1,GFS
KMIA,2024-12-21,70.1,GFS
KMIA,2024-12-22,75.1,GFS
KMIA,2024-12-23,77.5,GFS
KMIA,2024-12-24,78.0,GFS
KMIA,2024-12-25,77.3,GFS
KMIA,2024-12-26,80.0,GFS
KMIA,2024-12-27,77.9,GFS
KMIA,2024-12-28,77.6,GFS
KMIA,2024-12-29,76.3,GFS
KMIA,2024-12-30,80.5,GFS
KMIA,2024-12-31,82.0,GFS
KMIA,2025-01-01,80.5,GFS
KMIA,2025-01-02,78.2,GFS
KMIA,2025-01-03,77.2,GFS
KMIA,2025-01-04,71.5,GFS
KMIA,2025-01-05,74.3,GFS
KMIA,2025-01-06,80.6,GFS
KMIA,2025-01-07,73.3,GFS
KMIA,2025-01-08,71.0,GFS
KMIA,2025-01-09,66.8,GFS
KMIA,2025-01-10,72.4,GFS
KMIA,2025-01-11,75.1,GFS
KMIA,2025-01-12,75.5,GFS
KMIA,2025-01-13,77.3,GFS
KMIA,2025-01-14,73.7,GFS
KMIA,2025-01-15,74.7,GFS
KMIA,2025-01-16,73.2,GFS
KMIA,2025-01-17,69.2,GFS
KMIA,2025-01-18,79.7,GFS
KMIA,2025-01-19,81.6,GFS
KMIA,2025-01-20,77.3,GFS
KMIA,2025-01-21,78.9,GFS
KMIA,2025-01-22,73.5,GFS
KMIA,2025-01-23,59.1,GFS
KMIA,2025-01-24,58.8,GFS
KMIA,2025-01-25,71.3,GFS
KMIA,2025-01-26,73.5,GFS
KMIA,2025-01-27,78.3,GFS
KMIA,2025-01-28,79.1,GFS
KMIA,2025-01-29,79.8,GFS
KMIA,2025-01-30,78.2,GFS
KMIA,2025-01-31,77.5,GFS
KMIA,2025-02-01,82.8,GFS
KMIA,2025-02-02,81.1,GFS
KMIA,2025-02-03,80.9,GFS
KMIA,2025-02-04,81.8,GFS
KMIA,2025-02-05,80.2,GFS
KMIA,2025-02-06,80.1,GFS
KMIA,2025-02-07,81.8,GFS
KMIA,2025-02-08,81.8,GFS
KMIA,2025-02-09,81.6,GFS
KMIA,2025-02-10,81.1,GFS
KMIA,2025-02-11,80.5,GFS
KMIA,2025-02-12,80.2,GFS
KMIA,2025-02-13,82.5,GFS
KMIA,2025-02-14,83.9,GFS
KMIA,2025-02-15,80.4,GFS
KMIA,2025-02-16,84.2,GFS
KMIA,2025-02-17,80.5,GFS
KMIA,2025-02-18,82.2,GFS
KMIA,2025-02-19,83.6,GFS
KMIA,2025-02-20,79.1,GFS
KMIA,2025-02-21,73.7,GFS
KMIA,2025-02-22,72.8,GFS
KMIA,2025-02-23,76.7,GFS
KMIA,2025-02-24,73.9,GFS
KMIA,2025-02-25,78.7,GFS
KMIA,2025-02-26,79.9,GFS
KMIA,2025-02-27,81.4,GFS
KMIA,2025-02-28,80.9,GFS
KMIA,2025-03-01,79.3,GFS
KMIA,2025-03-02,80.6,GFS
KMIA,2025-03-03,78.1,GFS
KMIA,2025-03-04,77.3,GFS
KMIA,2025-03-05,83.4,GFS
KMIA,2025-03-06,78.7,GFS
KMIA,2025-03-07,75.6,GFS
KMIA,2025-03-08,82.6,GFS
KMIA,2025-03-09,87.9,GFS
KMIA,2025-03-10,87.6,GFS
KMIA,2025-03-11,78.0,GFS
KMIA,2025-03-12,80.0,GFS
KMIA,2025-03-13,78.6,GFS
KMIA,2025-03-14,82.1,GFS
KMIA,2025-03-15,81.3,GFS
KMIA,2025-03-16,83.6,GFS
KMIA,2025-03-17,78.8,GFS
KMIA,2025-03-18,77.3,GFS
KMIA,2025-03-19,80.3,GFS
KMIA,2025-03-20,86.3,GFS
KMIA,2025-03-21,76.6,GFS
KMIA,2025-03-22,75.5,GFS
KMIA,2025-03-23,79.0,GFS
KMIA,2025-03-24,82.7,GFS
KMIA,2025-03-25,82.9,GFS
KMIA,2025-03-26,82.6,GFS
KMIA,2025-03-27,82.3,GFS
KMIA,2025-03-28,80.3,GFS
KMIA,2025-03-29,78.2,GFS
KMIA,2025-03-30,79.6,GFS
KMIA,2025-03-31,83.5,GFS
KMIA,2025-04-01,87.4,GFS
KMIA,2025-04-02,84.3,GFS
KMIA,2025-04-03,84.0,GFS
KMIA,2025-04-04,83.6,GFS
KMIA,2025-04-05,83.8,GFS
KMIA,2025-04-06,83.0,GFS
KMIA,2025-04-07,85.9,GFS
KMIA,2025-04-08,82.2,GFS
KMIA,2025-04-09,79.7,GFS
KMIA,2025-04-10,80.9,GFS
KMIA,2025-04-11,82.7,GFS
KMIA,2025-04-12,81.5,GFS
KMIA,2025-04-13,80.2,GFS
KMIA,2025-04-14,81.8,GFS
KMIA,2025-04-15,84.5,GFS
KMIA,2025-04-16,84.6,GFS
KMIA,2025-04-17,83.3,GFS
KMIA,2025-04-18,81.4,GFS
KMIA,2025-04-19,81.4,GFS
KMIA,2025-04-20,83.4,GFS
KMIA,2025-04-21,82.0,GFS
KMIA,2025-04-22,81.4,GFS
KMIA,2025-04-23,83.0,GFS
KMIA,2025-04-24,82.9,GFS
KMIA,2025-04-25,82.7,GFS
KMIA,2025-04-26,83.8,GFS
KMIA,2025-04-27,84.3,GFS
KMIA,2025-04-28,84.6,GFS
KMIA,2025-04-29,82.6,GFS
KMIA,2025-04-30,82.7,GFS
KMIA,2025-05-01,83.5,GFS
KMIA,2025-05-02,85.1,GFS
KMIA,2025-05-03,82.8,GFS
KMIA,2025-05-04,83.6,GFS
KMIA,2025-05-05,84.0,GFS
KMIA,2025-05-06,86.0,GFS
KMIA,2025-05-07,85.5,GFS
KMIA,2025-05-08,85.9,GFS
KMIA,2025-05-09,86.3,GFS
KMIA,2025-05-10,86.6,GFS
KMIA,2025-05-11,85.1,GFS
KMIA,2025-05-12,80.8,GFS
KMIA,2025-05-13,86.5,GFS
KMIA,2025-05-14,87.8,GFS
KMIA,2025-05-15,88.3,GFS
KMIA,2025-05-16,89.0,GFS
KMIA,2025-05-17,89.2,GFS
KMIA,2025-05-18,89.1,GFS
KMIA,2025-05-19,90.3,GFS
KMIA,2025-05-20,89.4,GFS
KMIA,2025-05-21,92.6,GFS
KMIA,2025-05-22,91.6,GFS
KMIA,2025-05-23,89.3,GFS
KMIA,2025-05-24,90.2,GFS
KMIA,2025-05-25,89.7,GFS
KMIA,2025-05-26,90.6,GFS
KMIA,2025-05-27,88.5,GFS
KMIA,2025-05-28,90.7,GFS
KMIA,2025-05-29,89.9,GFS
KMIA,2025-05-30,91.9,GFS
KMIA,2025-05-31,93.0,GFS
KMIA,2025-06-01,87.9,GFS
KMIA,2025-06-02,88.4,GFS
KMIA,2025-06-03,77.0,GFS
KMIA,2025-06-04,84.6,GFS
KMIA,2025-06-05,84.4,GFS
KMIA,2025-06-06,86.9,GFS
KMIA,2025-06-07,90.1,GFS
KMIA,2025-06-08,90.7,GFS
KMIA,2025-06-09,89.8,GFS
KMIA,2025-06-10,89.3,GFS
KMIA,2025-06-11,88.8,GFS
KMIA,2025-06-12,88.3,GFS
KMIA,2025-06-13,88.7,GFS
KMIA,2025-06-14,88.9,GFS
KMIA,2025-06-15,89.4,GFS
KMIA,2025-06-16,89.9,GFS
KMIA,2025-06-17,89.5,GFS
KMIA,2025-06-18,89.4,GFS
KMIA,2025-06-19,89.7,GFS
KMIA,2025-06-20,91.0,GFS
KMIA,2025-06-21,90.3,GFS
KMIA,2025-06-22,87.9,GFS
KMIA,2025-06-23,89.3,GFS
KMIA,2025-06-24,88.9,GFS
KMIA,2025-06-25,87.2,GFS
KMIA,2025-06-26,86.7,GFS
KMIA,2025-06-27,89.0,GFS
KMIA,2025-06-28,89.3,GFS
KMIA,2025-06-29,89.5,GFS
KMIA,2025-06-30,90.0,GFS
KMIA,2025-07-01,87.2,GFS
KMIA,2025-07-02,86.7,GFS
KMIA,2025-07-03,86.6,GFS
KMIA,2025-07-04,83.9,GFS
KMIA,2025-07-05,85.5,GFS
KMIA,2025-07-06,85.4,GFS
KMIA,2025-07-07,91.7,GFS
KMIA,2025-07-08,92.8,GFS
KMIA,2025-07-09,91.7,GFS
KMIA,2025-07-10,90.6,GFS
KMIA,2025-07-11,89.3,GFS
KMIA,2025-07-12,90.5,GFS
KMIA,2025-07-13,88.8,GFS
KMIA,2025-07-14,89.4,GFS
KMIA,2025-07-15,85.2,GFS
KMIA,2025-07-16,87.4,GFS
KMIA,2025-07-17,89.3,GFS
KMIA,2025-07-18,92.0,GFS
KMIA,2025-07-19,91.7,GFS
KMIA,2025-07-20,92.3,GFS
KMIA,2025-07-21,93.4,GFS
KMIA,2025-07-22,92.2,GFS
KMIA,2025-07-23,87.8,GFS
KMIA,2025-07-24,90.4,GFS
KMIA,2025-07-25,90.8,GFS
KMIA,2025-07-26,91.2,GFS
KMIA,2025-07-27,92.2,GFS
KMIA,2025-07-28,92.7,GFS
KMIA,2025-07-29,90.7,GFS
KMIA,2025-07-30,92.6,GFS
KMIA,2025-07-31,95.1,GFS
KMIA,2025-08-01,93.1,GFS
KMIA,2025-08-02,93.8,GFS
KMIA,2025-08-03,93.3,GFS
KMIA,2025-08-04,90.8,GFS
KMIA,2025-08-05,94.2,GFS
KMIA,2025-08-06,93.7,GFS
KMIA,2025-08-07,88.0,GFS
KMIA,2025-08-08,89.4,GFS
KMIA,2025-08-09,85.8,GFS
KMIA,2025-08-10,86.4,GFS
KMIA,2025-08-11,87.5,GFS
KMIA,2025-08-12,87.9,GFS
KMIA,2025-08-13,91.5,GFS
KMIA,2025-08-14,90.8,GFS
KMIA,2025-08-15,91.7,GFS
KMIA,2025-08-16,92.0,GFS
KMIA,2025-08-17,90.1,GFS
KMIA,2025-08-18,93.7,GFS
KMIA,2025-08-19,93.5,GFS
KMIA,2025-08-20,95.2,GFS
KMIA,2025-08-21,91.0,GFS
KMIA,2025-08-22,92.2,GFS
KMIA,2025-08-23,89.9,GFS
KMIA,2025-08-24,91.9,GFS
KMIA,2025-08-25,93.5,GFS
KMIA,2025-08-26,93.0,GFS
KMIA,2025-08-27,92.6,GFS
KMIA,2025-08-28,92.6,GFS
KMIA,2025-08-29,92.7,GFS
KMIA,2025-08-30,90.8,GFS
KMIA,2025-08-31,92.8,GFS
KMIA,2025-09-01,92.0,GFS
KMIA,2025-09-02,92.9,GFS
KMIA,2025-09-03,92.8,GFS
KMIA,2025-09-04,86.8,GFS
KMIA,2025-09-05,86.5,GFS
KMIA,2025-09-06,83.7,GFS
KMIA,2025-09-07,89.9,GFS
KMIA,2025-09-08,90.7,GFS
KMIA,2025-09-09,86.5,GFS
KMIA,2025-09-10,88.4,GFS
KMIA,2025-09-11,89.1,GFS
KMIA,2025-09-12,86.1,GFS
KMIA,2025-09-13,86.0,GFS
KMIA,2025-09-14,88.1,GFS
KMIA,2025-09-15,86.9,GFS
KMIA,2025-09-16,88.3,GFS
KMIA,2025-09-17,84.4,GFS
KMIA,2025-09-18,82.7,GFS
KMIA,2025-09-19,88.9,GFS
KMIA,2025-09-20,86.1,GFS
KMIA,2025-09-21,84.6,GFS
KMIA,2025-09-22,87.2,GFS
KMIA,2025-09-23,85.4,GFS
KMIA,2025-09-24,87.1,GFS
KMIA,2025-09-25,88.1,GFS
KMIA,2025-09-26,89.0,GFS
KMIA,2025-09-27,88.4,GFS
KMIA,2025-09-28,85.5,GFS
KMIA,2025-09-29,89.4,GFS
KMIA,2025-09-30,90.8,GFS
KMIA,2025-10-01,89.3,GFS
KMIA,2025-10-02,87.1,GFS
KMIA,2025-10-03,86.0,GFS
KMIA,2025-10-04,87.9,GFS
KMIA,2025-10-05,87.4,GFS
KMIA,2025-10-06,86.5,GFS
KMIA,2025-10-07,88.3,GFS
KMIA,2025-10-08,85.5,GFS
KMIA,2025-10-09,88.1,GFS
KMIA,2025-10-10,80.1,GFS
KMIA,2025-10-11,83.9,GFS
KMIA,2025-10-12,84.3,GFS
KMIA,2025-10-13,86.3,GFS
KMIA,2025-10-14,85.4,GFS
KMIA,2025-10-15,85.0,GFS
KMIA,2025-10-16,84.7,GFS
KMIA,2025-10-17,83.7,GFS
KMIA,2025-10-18,84.0,GFS
KMIA,2025-10-19,85.3,GFS
KMIA,2025-10-20,88.1,GFS
KMIA,2025-10-21,90.1,GFS
KMIA,2025-10-22,89.5,GFS
KMIA,2025-10-23,87.2,GFS
KMIA,2025-10-24,86.4,GFS
KMIA,2025-10-25,84.0,GFS
KMIA,2025-10-26,84.8,GFS
KMIA,2025-10-27,87.7,GFS
KMIA,2025-10-28,86.4,GFS
KMIA,2025-10-29,84.4,GFS
KMIA,2025-10-30,79.8,GFS
KMIA,2025-10-31,76.2,GFS
KMIA,2025-11-01,81.0,GFS
KMIA,2025-11-02,83.1,GFS
KMIA,2025-11-03,85.6,GFS
KMIA,2025-11-04,80.2,GFS
KMIA,2025-11-05,81.2,GFS
KMIA,2025-11-06,82.9,GFS
KMIA,2025-11-07,86.2,GFS
KMIA,2025-11-08,86.0,GFS
KMIA,2025-11-09,86.3,GFS
KMIA,2025-11-10,83.0,GFS
KMIA,2025-11-11,68.5,GFS
KMIA,2025-11-12,75.2,GFS
KMIA,2025-11-13,76.0,GFS
KMIA,2025-11-14,79.6,GFS
KMIA,2025-11-15,80.8,GFS
KMIA,2025-11-16,82.7,GFS
KMIA,2025-11-17,81.4,GFS
KMIA,2025-11-18,82.2,GFS
KMIA,2025-11-19,83.7,GFS
KMIA,2025-11-20,82.3,GFS
KMIA,2025-11-21,83.5,GFS
KMIA,2025-11-22,81.9,GFS
KMIA,2025-11-23,83.6,GFS
KMIA,2025-11-24,83.1,GFS
KMIA,2025-11-25,82.2,GFS
KMIA,2025-11-26,82.5,GFS
KMIA,2025-11-27,83.3,GFS
KMIA,2025-11-28,74.0,GFS
KMIA,2025-11-29,76.5,GFS
KMIA,2025-11-30,79.0,GFS
KMIA,2025-12-01,82.4,GFS
KMIA,2025-12-02,85.2,GFS
KMIA,2025-12-03,80.9,GFS
KMIA,2025-12-04,81.5,GFS
KMIA,2025-12-05,82.0,GFS
KMIA,2025-12-06,83.2,GFS
KMIA,2025-12-07,83.1,GFS
KMIA,2025-12-08,85.3,GFS
KMIA,2025-12-09,76.9,GFS
KMIA,2025-12-10,82.2,GFS
KMIA,2025-12-11,76.5,GFS
KMIA,2025-12-12,78.5,GFS
KMIA,2025-12-13,78.9,GFS
KMIA,2025-12-14,82.7,GFS
KMIA,2025-12-15,75.4,GFS
KMIA,2025-12-16,76.4,GFS
KMIA,2025-12-17,77.7,GFS
KMIA,2025-12-18,81.1,GFS
KMIA,2025-12-19,85.4,GFS
KMIA,2025-12-20,83.0,GFS
KMIA,2025-12-21,81.7,GFS
KMIA,2025-12-22,79.3,GFS
KMIA,2025-12-23,78.9,GFS
KMIA,2025-12-24,79.4,GFS
KMIA,2025-12-25,80.3,GFS
KMIA,2025-12-26,80.9,GFS
KMIA,2025-12-27,80.2,GFS
KMIA,2025-12-28,80.5,GFS
KMIA,2025-12-29,82.7,GFS
KMIA,2025-12-30,74.4,GFS
KMIA,2025-12-31,63.3,GFS
KMIA,2026-01-01,66.9,GFS
KMIA,2026-01-02,71.2,GFS
KMIA,2026-01-03,76.2,GFS
KMIA,2026-01-04,79.7,GFS
KMIA,2026-01-05,80.2,GFS
KMIA,2026-01-06,79.1,GFS
KMIA,2026-01-07,80.0,GFS
KMIA,2026-01-08,81.4,GFS
KMIA,2026-01-09,80.7,GFS
KMIA,2026-01-10,79.9,GFS
KMIA,2026-01-11,83.1,GFS
KMIA,2026-01-12,76.5,GFS
KMIA,2026-01-13,72.1,GFS
KMIA,2026-01-14,77.6,GFS
KMIA,2026-01-15,71.1,GFS
KMIA,2026-01-16,67.1,GFS
KMIA,2026-01-17,77.0,GFS
KMIA,2026-01-18,79.9,GFS
KMIA,2026-01-19,67.0,GFS
KMIA,2026-01-20,74.4,GFS
KMIA,2026-01-21,71.0,GFS
KMIA,2026-01-22,73.4,GFS
KMIA,2026-01-23,79.0,GFS
KMIA,2026-01-24,80.3,GFS
KMIA,2026-01-25,80.2,GFS
KMIA,2026-01-26,86.8,GFS
KMIA,2026-01-27,78.0,GFS
KMIA,2026-01-28,64.3,GFS
KMIA,2026-01-29,71.8,GFS
KMIA,2026-01-30,67.5,GFS
KMIA,2026-01-31,65.6,GFS
KMIA,2026-02-01,56.6,GFS
KMIA,2026-02-02,56.8,GFS
KMIA,2026-02-03,69.1,GFS
KMIA,2026-02-04,74.0,GFS
KMIA,2026-02-05,75.8,GFS
KMIA,2026-02-06,64.5,GFS
KMIA,2026-02-07,78.2,GFS
KMIA,2026-02-08,72.7,GFS
KMIA,2026-02-09,73.9,GFS
KMIA,2026-02-10,75.2,GFS
KMIA,2026-02-11,77.0,GFS
KMIA,2026-02-12,80.0,GFS
KMIA,2026-02-13,79.6,GFS
KMIA,2026-02-14,77.9,GFS
KMIA,2026-02-15,79.1,GFS
KMIA,2026-02-16,84.5,GFS
KMIA,2026-02-17,78.8,GFS
KMIA,2026-02-18,78.0,GFS
KMIA,2026-02-19,80.2,GFS
KMIA,2026-02-20,82.6,GFS
KMIA,2026-02-21,82.2,GFS
KMIA,2026-02-22,87.3,GFS
KMIA,2026-02-23,73.5,GFS
KMIA,2026-02-24,65.6,GFS
KMIA,2026-02-25,71.8,GFS
KMIA,2024-02-03,73.5,ECMWF
KMIA,2024-02-04,73.5,ECMWF
KMIA,2024-02-05,66.5,ECMWF
KMIA,2024-02-06,69.9,ECMWF
KMIA,2024-02-07,74.1,ECMWF
KMIA,2024-02-08,73.6,ECMWF
KMIA,2024-02-09,74.2,ECMWF
KMIA,2024-02-10,75.4,ECMWF
KMIA,2024-02-11,77.2,ECMWF
KMIA,2024-02-12,81.0,ECMWF
KMIA,2024-02-13,79.8,ECMWF
KMIA,2024-02-14,77.1,ECMWF
KMIA,2024-02-15,75.0,ECMWF
KMIA,2024-02-16,77.0,ECMWF
KMIA,2024-02-17,79.4,ECMWF
KMIA,2024-02-18,74.1,ECMWF
KMIA,2024-02-19,67.7,ECMWF
KMIA,2024-02-20,69.3,ECMWF
KMIA,2024-02-21,71.3,ECMWF
KMIA,2024-02-22,73.0,ECMWF
KMIA,2024-02-23,76.1,ECMWF
KMIA,2024-02-24,74.4,ECMWF
KMIA,2024-02-25,73.7,ECMWF
KMIA,2024-02-26,73.6,ECMWF
KMIA,2024-02-27,75.3,ECMWF
KMIA,2024-02-28,77.1,ECMWF
KMIA,2024-02-29,79.0,ECMWF
KMIA,2024-03-01,77.5,ECMWF
KMIA,2024-03-02,78.0,ECMWF
KMIA,2024-03-03,80.0,ECMWF
KMIA,2024-03-04,81.1,ECMWF
KMIA,2024-03-05,80.4,ECMWF
KMIA,2024-03-06,77.6,ECMWF
KMIA,2024-03-07,83.2,ECMWF
KMIA,2024-03-08,82.5,ECMWF
KMIA,2024-03-09,81.7,ECMWF
KMIA,2024-03-10,85.5,ECMWF
KMIA,2024-03-11,77.7,ECMWF
KMIA,2024-03-12,77.8,ECMWF
KMIA,2024-03-13,79.9,ECMWF
KMIA,2024-03-14,80.7,ECMWF
KMIA,2024-03-15,81.3,ECMWF
KMIA,2024-03-16,82.4,ECMWF
KMIA,2024-03-17,82.8,ECMWF
KMIA,2024-03-18,86.4,ECMWF
KMIA,2024-03-19,80.7,ECMWF
KMIA,2024-03-20,76.2,ECMWF
KMIA,2024-03-21,79.7,ECMWF
KMIA,2024-03-22,74.0,ECMWF
KMIA,2024-03-23,73.9,ECMWF
KMIA,2024-03-24,77.7,ECMWF
KMIA,2024-03-25,77.4,ECMWF
KMIA,2024-03-26,78.5,ECMWF
KMIA,2024-03-27,79.4,ECMWF
KMIA,2024-03-28,85.8,ECMWF
KMIA,2024-03-29,76.9,ECMWF
KMIA,2024-03-30,75.4,ECMWF
KMIA,2024-03-31,76.6,ECMWF
KMIA,2024-04-01,78.3,ECMWF
KMIA,2024-04-02,81.3,ECMWF
KMIA,2024-04-03,85.7,ECMWF
KMIA,2024-04-04,80.5,ECMWF
KMIA,2024-04-05,79.0,ECMWF
KMIA,2024-04-06,79.8,ECMWF
KMIA,2024-04-07,78.2,ECMWF
KMIA,2024-04-08,77.2,ECMWF
KMIA,2024-04-09,78.2,ECMWF
KMIA,2024-04-10,80.5,ECMWF
KMIA,2024-04-11,84.2,ECMWF
KMIA,2024-04-12,81.4,ECMWF
KMIA,2024-04-13,79.5,ECMWF
KMIA,2024-04-14,77.5,ECMWF
KMIA,2024-04-15,79.0,ECMWF
KMIA,2024-04-16,80.2,ECMWF
KMIA,2024-04-17,79.6,ECMWF
KMIA,2024-04-18,81.4,ECMWF
KMIA,2024-04-19,81.7,ECMWF
KMIA,2024-04-20,83.1,ECMWF
KMIA,2024-04-21,83.7,ECMWF
KMIA,2024-04-22,81.2,ECMWF
KMIA,2024-04-23,78.0,ECMWF
KMIA,2024-04-24,79.5,ECMWF
KMIA,2024-04-25,81.3,ECMWF
KMIA,2024-04-26,80.5,ECMWF
KMIA,2024-04-27,78.9,ECMWF
KMIA,2024-04-28,78.7,ECMWF
KMIA,2024-04-29,80.2,ECMWF
KMIA,2024-04-30,79.9,ECMWF
KMIA,2024-05-01,82.5,ECMWF
KMIA,2024-05-02,82.6,ECMWF
KMIA,2024-05-03,82.2,ECMWF
KMIA,2024-05-04,82.7,ECMWF
KMIA,2024-05-05,82.1,ECMWF
KMIA,2024-05-06,82.6,ECMWF
KMIA,2024-05-07,84.8,ECMWF
KMIA,2024-05-08,85.2,ECMWF
KMIA,2024-05-09,84.9,ECMWF
KMIA,2024-05-10,88.9,ECMWF
KMIA,2024-05-11,91.4,ECMWF
KMIA,2024-05-12,87.8,ECMWF
KMIA,2024-05-13,85.9,ECMWF
KMIA,2024-05-14,88.0,ECMWF
KMIA,2024-05-15,94.5,ECMWF
KMIA,2024-05-16,95.7,ECMWF
KMIA,2024-05-17,90.0,ECMWF
KMIA,2024-05-18,91.0,ECMWF
KMIA,2024-05-19,91.7,ECMWF
KMIA,2024-05-20,91.0,ECMWF
KMIA,2024-05-21,87.6,ECMWF
KMIA,2024-05-22,87.1,ECMWF
KMIA,2024-05-23,87.3,ECMWF
KMIA,2024-05-24,88.1,ECMWF
KMIA,2024-05-25,88.9,ECMWF
KMIA,2024-05-26,91.2,ECMWF
KMIA,2024-05-27,90.6,ECMWF
KMIA,2024-05-28,90.4,ECMWF
KMIA,2024-05-29,88.9,ECMWF
KMIA,2024-05-30,89.7,ECMWF
KMIA,2024-05-31,87.2,ECMWF
KMIA,2024-06-01,85.7,ECMWF
KMIA,2024-06-02,80.9,ECMWF
KMIA,2024-06-03,85.5,ECMWF
KMIA,2024-06-04,87.1,ECMWF
KMIA,2024-06-05,87.7,ECMWF
KMIA,2024-06-06,90.2,ECMWF
KMIA,2024-06-07,88.1,ECMWF
KMIA,2024-06-08,86.1,ECMWF
KMIA,2024-06-09,87.5,ECMWF
KMIA,2024-06-10,86.8,ECMWF
KMIA,2024-06-11,84.2,ECMWF
KMIA,2024-06-12,81.1,ECMWF
KMIA,2024-06-13,84.4,ECMWF
KMIA,2024-06-14,85.2,ECMWF
KMIA,2024-06-15,81.1,ECMWF
KMIA,2024-06-16,87.1,ECMWF
KMIA,2024-06-17,85.0,ECMWF
KMIA,2024-06-18,85.5,ECMWF
KMIA,2024-06-19,85.2,ECMWF
KMIA,2024-06-20,84.6,ECMWF
KMIA,2024-06-21,86.3,ECMWF
KMIA,2024-06-22,84.3,ECMWF
KMIA,2024-06-23,84.5,ECMWF
KMIA,2024-06-24,84.9,ECMWF
KMIA,2024-06-25,82.9,ECMWF
KMIA,2024-06-26,85.5,ECMWF
KMIA,2024-06-27,87.7,ECMWF
KMIA,2024-06-28,86.8,ECMWF
KMIA,2024-06-29,85.7,ECMWF
KMIA,2024-06-30,82.8,ECMWF
KMIA,2024-07-01,84.6,ECMWF
KMIA,2024-07-02,88.3,ECMWF
KMIA,2024-07-03,88.5,ECMWF
KMIA,2024-07-04,88.3,ECMWF
KMIA,2024-07-05,87.5,ECMWF
KMIA,2024-07-06,88.3,ECMWF
KMIA,2024-07-07,89.4,ECMWF
KMIA,2024-07-08,89.7,ECMWF
KMIA,2024-07-09,89.5,ECMWF
KMIA,2024-07-10,89.0,ECMWF
KMIA,2024-07-11,86.3,ECMWF
KMIA,2024-07-12,87.6,ECMWF
KMIA,2024-07-13,84.0,ECMWF
KMIA,2024-07-14,88.7,ECMWF
KMIA,2024-07-15,85.9,ECMWF
KMIA,2024-07-16,89.3,ECMWF
KMIA,2024-07-17,89.2,ECMWF
KMIA,2024-07-18,90.3,ECMWF
KMIA,2024-07-19,88.6,ECMWF
KMIA,2024-07-20,90.7,ECMWF
KMIA,2024-07-21,89.0,ECMWF
KMIA,2024-07-22,83.4,ECMWF
KMIA,2024-07-23,89.1,ECMWF
KMIA,2024-07-24,89.1,ECMWF
KMIA,2024-07-25,89.1,ECMWF
KMIA,2024-07-26,88.8,ECMWF
KMIA,2024-07-27,90.7,ECMWF
KMIA,2024-07-28,90.6,ECMWF
KMIA,2024-07-29,87.7,ECMWF
KMIA,2024-07-30,84.6,ECMWF
KMIA,2024-07-31,89.8,ECMWF
KMIA,2024-08-01,89.3,ECMWF
KMIA,2024-08-02,88.7,ECMWF
KMIA,2024-08-03,84.9,ECMWF
KMIA,2024-08-04,83.4,ECMWF
KMIA,2024-08-05,90.1,ECMWF
KMIA,2024-08-06,86.8,ECMWF
KMIA,2024-08-07,91.8,ECMWF
KMIA,2024-08-08,90.7,ECMWF
KMIA,2024-08-09,87.3,ECMWF
KMIA,2024-08-10,90.3,ECMWF
KMIA,2024-08-11,89.7,ECMWF
KMIA,2024-08-12,90.1,ECMWF
KMIA,2024-08-13,88.3,ECMWF
KMIA,2024-08-14,90.2,ECMWF
KMIA,2024-08-15,88.9,ECMWF
KMIA,2024-08-16,85.6,ECMWF
KMIA,2024-08-17,87.9,ECMWF
KMIA,2024-08-18,85.2,ECMWF
KMIA,2024-08-19,83.6,ECMWF
KMIA,2024-08-20,87.4,ECMWF
KMIA,2024-08-21,88.6,ECMWF
KMIA,2024-08-22,85.3,ECMWF
KMIA,2024-08-23,85.8,ECMWF
KMIA,2024-08-24,84.5,ECMWF
KMIA,2024-08-25,87.8,ECMWF
KMIA,2024-08-26,89.5,ECMWF
KMIA,2024-08-27,88.5,ECMWF
KMIA,2024-08-28,83.6,ECMWF
KMIA,2024-08-29,83.4,ECMWF
KMIA,2024-08-30,84.5,ECMWF
KMIA,2024-08-31,82.1,ECMWF
KMIA,2024-09-01,80.8,ECMWF
KMIA,2024-09-02,85.1,ECMWF
KMIA,2024-09-03,86.3,ECMWF
KMIA,2024-09-04,87.0,ECMWF
KMIA,2024-09-05,88.6,ECMWF
KMIA,2024-09-06,88.7,ECMWF
KMIA,2024-09-07,89.3,ECMWF
KMIA,2024-09-08,88.8,ECMWF
KMIA,2024-09-09,88.5,ECMWF
KMIA,2024-09-10,86.1,ECMWF
KMIA,2024-09-11,87.0,ECMWF
KMIA,2024-09-12,90.0,ECMWF
KMIA,2024-09-13,91.1,ECMWF
KMIA,2024-09-14,87.4,ECMWF
KMIA,2024-09-15,86.1,ECMWF
KMIA,2024-09-16,90.6,ECMWF
KMIA,2024-09-17,86.2,ECMWF
KMIA,2024-09-18,90.2,ECMWF
KMIA,2024-09-19,85.5,ECMWF
KMIA,2024-09-20,88.3,ECMWF
KMIA,2024-09-21,88.0,ECMWF
KMIA,2024-09-22,88.2,ECMWF
KMIA,2024-09-23,87.3,ECMWF
KMIA,2024-09-24,88.4,ECMWF
KMIA,2024-09-25,86.7,ECMWF
KMIA,2024-09-26,86.7,ECMWF
KMIA,2024-09-27,89.7,ECMWF
KMIA,2024-09-28,89.7,ECMWF
KMIA,2024-09-29,89.0,ECMWF
KMIA,2024-09-30,89.2,ECMWF
KMIA,2024-10-01,87.5,ECMWF
KMIA,2024-10-02,88.6,ECMWF
KMIA,2024-10-03,87.8,ECMWF
KMIA,2024-10-04,86.6,ECMWF
KMIA,2024-10-05,81.5,ECMWF
KMIA,2024-10-06,80.5,ECMWF
KMIA,2024-10-07,79.2,ECMWF
KMIA,2024-10-08,82.5,ECMWF
KMIA,2024-10-09,85.2,ECMWF
KMIA,2024-10-10,86.2,ECMWF
KMIA,2024-10-11,80.3,ECMWF
KMIA,2024-10-12,81.6,ECMWF
KMIA,2024-10-13,84.0,ECMWF
KMIA,2024-10-14,86.1,ECMWF
KMIA,2024-10-15,84.0,ECMWF
KMIA,2024-10-16,82.7,ECMWF
KMIA,2024-10-17,79.7,ECMWF
KMIA,2024-10-18,79.6,ECMWF
KMIA,2024-10-19,82.1,ECMWF
KMIA,2024-10-20,83.3,ECMWF
KMIA,2024-10-21,83.9,ECMWF
KMIA,2024-10-22,82.4,ECMWF
KMIA,2024-10-23,84.8,ECMWF
KMIA,2024-10-24,81.4,ECMWF
KMIA,2024-10-25,82.9,ECMWF
KMIA,2024-10-26,83.3,ECMWF
KMIA,2024-10-27,80.5,ECMWF
KMIA,2024-10-28,80.2,ECMWF
KMIA,2024-10-29,83.7,ECMWF
KMIA,2024-10-30,83.7,ECMWF
KMIA,2024-10-31,82.5,ECMWF
KMIA,2024-11-01,83.3,ECMWF
KMIA,2024-11-02,82.5,ECMWF
KMIA,2024-11-03,82.9,ECMWF
KMIA,2024-11-04,82.6,ECMWF
KMIA,2024-11-05,82.6,ECMWF
KMIA,2024-11-06,83.4,ECMWF
KMIA,2024-11-07,82.3,ECMWF
KMIA,2024-11-08,83.2,ECMWF
KMIA,2024-11-09,82.5,ECMWF
KMIA,2024-11-10,82.4,ECMWF
KMIA,2024-11-11,83.1,ECMWF
KMIA,2024-11-12,84.0,ECMWF
KMIA,2024-11-13,83.2,ECMWF
KMIA,2024-11-14,80.5,ECMWF
KMIA,2024-11-15,84.4,ECMWF
KMIA,2024-11-16,78.4,ECMWF
KMIA,2024-11-17,81.0,ECMWF
KMIA,2024-11-18,79.0,ECMWF
KMIA,2024-11-19,81.5,ECMWF
KMIA,2024-11-20,82.6,ECMWF
KMIA,2024-11-21,78.5,ECMWF
KMIA,2024-11-22,73.5,ECMWF
KMIA,2024-11-23,71.8,ECMWF
KMIA,2024-11-24,76.2,ECMWF
KMIA,2024-11-25,79.6,ECMWF
KMIA,2024-11-26,81.4,ECMWF
KMIA,2024-11-27,79.6,ECMWF
KMIA,2024-11-28,81.8,ECMWF
KMIA,2024-11-29,82.0,ECMWF
KMIA,2024-11-30,77.4,ECMWF
KMIA,2024-12-01,75.6,ECMWF
KMIA,2024-12-02,74.9,ECMWF
KMIA,2024-12-03,72.2,ECMWF
KMIA,2024-12-04,72.1,ECMWF
KMIA,2024-12-05,76.9,ECMWF
KMIA,2024-12-06,78.7,ECMWF
KMIA,2024-12-07,76.2,ECMWF
KMIA,2024-12-08,75.7,ECMWF
KMIA,2024-12-09,77.5,ECMWF
KMIA,2024-12-10,78.8,ECMWF
KMIA,2024-12-11,81.5,ECMWF
KMIA,2024-12-12,76.1,ECMWF
KMIA,2024-12-13,76.1,ECMWF
KMIA,2024-12-14,76.5,ECMWF
KMIA,2024-12-15,76.9,ECMWF
KMIA,2024-12-16,77.9,ECMWF
KMIA,2024-12-17,79.0,ECMWF
KMIA,2024-12-18,79.8,ECMWF
KMIA,2024-12-19,79.9,ECMWF
KMIA,2024-12-20,78.4,ECMWF
KMIA,2024-12-21,70.6,ECMWF
KMIA,2024-12-22,73.8,ECMWF
KMIA,2024-12-23,77.0,ECMWF
KMIA,2024-12-24,76.3,ECMWF
KMIA,2024-12-25,75.9,ECMWF
KMIA,2024-12-26,78.4,ECMWF
KMIA,2024-12-27,76.7,ECMWF
KMIA,2024-12-28,78.0,ECMWF
KMIA,2024-12-29,74.7,ECMWF
KMIA,2024-12-30,77.9,ECMWF
KMIA,2024-12-31,78.8,ECMWF
KMIA,2025-01-01,78.0,ECMWF
KMIA,2025-01-02,75.9,ECMWF
KMIA,2025-01-03,75.5,ECMWF
KMIA,2025-01-04,70.7,ECMWF
KMIA,2025-01-05,73.0,ECMWF
KMIA,2025-01-06,79.4,ECMWF
KMIA,2025-01-07,73.8,ECMWF
KMIA,2025-01-08,70.8,ECMWF
KMIA,2025-01-09,66.5,ECMWF
KMIA,2025-01-10,71.8,ECMWF
KMIA,2025-01-11,75.3,ECMWF
KMIA,2025-01-12,74.4,ECMWF
KMIA,2025-01-13,76.8,ECMWF
KMIA,2025-01-14,74.6,ECMWF
KMIA,2025-01-15,73.9,ECMWF
KMIA,2025-01-16,73.2,ECMWF
KMIA,2025-01-17,69.7,ECMWF
KMIA,2025-01-18,79.2,ECMWF
KMIA,2025-01-19,80.5,ECMWF
KMIA,2025-01-20,75.5,ECMWF
KMIA,2025-01-21,77.0,ECMWF
KMIA,2025-01-22,72.8,ECMWF
KMIA,2025-01-23,63.8,ECMWF
KMIA,2025-01-24,59.4,ECMWF
KMIA,2025-01-25,69.5,ECMWF
KMIA,2025-01-26,73.0,ECMWF
KMIA,2025-01-27,74.9,ECMWF
KMIA,2025-01-28,76.2,ECMWF
KMIA,2025-01-29,77.4,ECMWF
KMIA,2025-01-30,77.4,ECMWF
KMIA,2025-01-31,77.7,ECMWF
KMIA,2025-02-01,80.7,ECMWF
KMIA,2025-02-02,78.7,ECMWF
KMIA,2025-02-03,78.3,ECMWF
KMIA,2025-02-04,80.1,ECMWF
KMIA,2025-02-05,79.2,ECMWF
KMIA,2025-02-06,79.0,ECMWF
KMIA,2025-02-07,80.6,ECMWF
KMIA,2025-02-08,79.6,ECMWF
KMIA,2025-02-09,80.4,ECMWF
KMIA,2025-02-10,80.7,ECMWF
KMIA,2025-02-11,79.2,ECMWF
KMIA,2025-02-12,79.4,ECMWF
KMIA,2025-02-13,81.6,ECMWF
KMIA,2025-02-14,81.8,ECMWF
KMIA,2025-02-15,80.0,ECMWF
KMIA,2025-02-16,82.9,ECMWF
KMIA,2025-02-17,79.0,ECMWF
KMIA,2025-02-18,79.1,ECMWF
KMIA,2025-02-19,81.5,ECMWF
KMIA,2025-02-20,77.5,ECMWF
KMIA,2025-02-21,73.3,ECMWF
KMIA,2025-02-22,73.2,ECMWF
KMIA,2025-02-23,75.4,ECMWF
KMIA,2025-02-24,72.8,ECMWF
KMIA,2025-02-25,76.3,ECMWF
KMIA,2025-02-26,76.9,ECMWF
KMIA,2025-02-27,79.9,ECMWF
KMIA,2025-02-28,78.5,ECMWF
KMIA,2025-03-01,79.6,ECMWF
KMIA,2025-03-02,80.1,ECMWF
KMIA,2025-03-03,77.7,ECMWF
KMIA,2025-03-04,76.3,ECMWF
KMIA,2025-03-05,81.9,ECMWF
KMIA,2025-03-06,77.0,ECMWF
KMIA,2025-03-07,75.1,ECMWF
KMIA,2025-03-08,83.1,ECMWF
KMIA,2025-03-09,84.6,ECMWF
KMIA,2025-03-10,86.0,ECMWF
KMIA,2025-03-11,77.3,ECMWF
KMIA,2025-03-12,77.9,ECMWF
KMIA,2025-03-13,77.4,ECMWF
KMIA,2025-03-14,80.6,ECMWF
KMIA,2025-03-15,79.2,ECMWF
KMIA,2025-03-16,81.7,ECMWF
KMIA,2025-03-17,79.1,ECMWF
KMIA,2025-03-18,76.0,ECMWF
KMIA,2025-03-19,78.1,ECMWF
KMIA,2025-03-20,83.1,ECMWF
KMIA,2025-03-21,76.5,ECMWF
KMIA,2025-03-22,76.0,ECMWF
KMIA,2025-03-23,77.7,ECMWF
KMIA,2025-03-24,81.3,ECMWF
KMIA,2025-03-25,81.8,ECMWF
KMIA,2025-03-26,79.3,ECMWF
KMIA,2025-03-27,79.3,ECMWF
KMIA,2025-03-28,78.0,ECMWF
KMIA,2025-03-29,78.0,ECMWF
KMIA,2025-03-30,77.8,ECMWF
KMIA,2025-03-31,80.6,ECMWF
KMIA,2025-04-01,83.4,ECMWF
KMIA,2025-04-02,81.9,ECMWF
KMIA,2025-04-03,82.9,ECMWF
KMIA,2025-04-04,81.6,ECMWF
KMIA,2025-04-05,82.8,ECMWF
KMIA,2025-04-06,81.7,ECMWF
KMIA,2025-04-07,82.2,ECMWF
KMIA,2025-04-08,81.5,ECMWF
KMIA,2025-04-09,78.4,ECMWF
KMIA,2025-04-10,79.2,ECMWF
KMIA,2025-04-11,79.8,ECMWF
KMIA,2025-04-12,81.6,ECMWF
KMIA,2025-04-13,79.2,ECMWF
KMIA,2025-04-14,78.9,ECMWF
KMIA,2025-04-15,80.9,ECMWF
KMIA,2025-04-16,82.5,ECMWF
KMIA,2025-04-17,81.0,ECMWF
KMIA,2025-04-18,80.7,ECMWF
KMIA,2025-04-19,80.9,ECMWF
KMIA,2025-04-20,82.7,ECMWF
KMIA,2025-04-21,80.7,ECMWF
KMIA,2025-04-22,79.9,ECMWF
KMIA,2025-04-23,81.8,ECMWF
KMIA,2025-04-24,82.4,ECMWF
KMIA,2025-04-25,81.6,ECMWF
KMIA,2025-04-26,82.5,ECMWF
KMIA,2025-04-27,82.2,ECMWF
KMIA,2025-04-28,82.4,ECMWF
KMIA,2025-04-29,81.6,ECMWF
KMIA,2025-04-30,81.0,ECMWF
KMIA,2025-05-01,80.1,ECMWF
KMIA,2025-05-02,81.9,ECMWF
KMIA,2025-05-03,81.6,ECMWF
KMIA,2025-05-04,82.6,ECMWF
KMIA,2025-05-05,82.5,ECMWF
KMIA,2025-05-06,84.0,ECMWF
KMIA,2025-05-07,83.1,ECMWF
KMIA,2025-05-08,84.2,ECMWF
KMIA,2025-05-09,84.2,ECMWF
KMIA,2025-05-10,84.9,ECMWF
KMIA,2025-05-11,85.7,ECMWF
KMIA,2025-05-12,81.8,ECMWF
KMIA,2025-05-13,82.8,ECMWF
KMIA,2025-05-14,86.0,ECMWF
KMIA,2025-05-15,84.9,ECMWF
KMIA,2025-05-16,86.0,ECMWF
KMIA,2025-05-17,88.1,ECMWF
KMIA,2025-05-18,87.4,ECMWF
KMIA,2025-05-19,88.6,ECMWF
KMIA,2025-05-20,88.3,ECMWF
KMIA,2025-05-21,89.7,ECMWF
KMIA,2025-05-22,90.1,ECMWF
KMIA,2025-05-23,87.0,ECMWF
KMIA,2025-05-24,88.0,ECMWF
KMIA,2025-05-25,87.2,ECMWF
KMIA,2025-05-26,89.1,ECMWF
KMIA,2025-05-27,88.1,ECMWF
KMIA,2025-05-28,88.4,ECMWF
KMIA,2025-05-29,88.5,ECMWF
KMIA,2025-05-30,91.3,ECMWF
KMIA,2025-05-31,87.7,ECMWF
KMIA,2025-06-01,84.6,ECMWF
KMIA,2025-06-02,85.2,ECMWF
KMIA,2025-06-03,77.0,ECMWF
KMIA,2025-06-04,84.9,ECMWF
KMIA,2025-06-05,84.3,ECMWF
KMIA,2025-06-06,86.1,ECMWF
KMIA,2025-06-07,86.8,ECMWF
KMIA,2025-06-08,87.5,ECMWF
KMIA,2025-06-09,87.9,ECMWF
KMIA,2025-06-10,85.0,ECMWF
KMIA,2025-06-11,85.8,ECMWF
KMIA,2025-06-12,87.2,ECMWF
KMIA,2025-06-13,87.1,ECMWF
KMIA,2025-06-14,87.9,ECMWF
KMIA,2025-06-15,86.7,ECMWF
KMIA,2025-06-16,87.9,ECMWF
KMIA,2025-06-17,87.6,ECMWF
KMIA,2025-06-18,87.7,ECMWF
KMIA,2025-06-19,87.9,ECMWF
KMIA,2025-06-20,87.5,ECMWF
KMIA,2025-06-21,88.1,ECMWF
KMIA,2025-06-22,86.1,ECMWF
KMIA,2025-06-23,88.1,ECMWF
KMIA,2025-06-24,87.0,ECMWF
KMIA,2025-06-25,84.1,ECMWF
KMIA,2025-06-26,82.3,ECMWF
KMIA,2025-06-27,83.6,ECMWF
KMIA,2025-06-28,87.0,ECMWF
KMIA,2025-06-29,86.7,ECMWF
KMIA,2025-06-30,87.8,ECMWF
KMIA,2025-07-01,83.9,ECMWF
KMIA,2025-07-02,84.3,ECMWF
KMIA,2025-07-03,85.2,ECMWF
KMIA,2025-07-04,84.6,ECMWF
KMIA,2025-07-05,85.7,ECMWF
KMIA,2025-07-06,86.9,ECMWF
KMIA,2025-07-07,89.0,ECMWF
KMIA,2025-07-08,88.3,ECMWF
KMIA,2025-07-09,89.5,ECMWF
KMIA,2025-07-10,85.0,ECMWF
KMIA,2025-07-11,88.4,ECMWF
KMIA,2025-07-12,87.2,ECMWF
KMIA,2025-07-13,87.9,ECMWF
KMIA,2025-07-14,82.3,ECMWF
KMIA,2025-07-15,83.6,ECMWF
KMIA,2025-07-16,86.1,ECMWF
KMIA,2025-07-17,86.4,ECMWF
KMIA,2025-07-18,88.4,ECMWF
KMIA,2025-07-19,88.8,ECMWF
KMIA,2025-07-20,89.7,ECMWF
KMIA,2025-07-21,89.1,ECMWF
KMIA,2025-07-22,90.0,ECMWF
KMIA,2025-07-23,87.3,ECMWF
KMIA,2025-07-24,88.3,ECMWF
KMIA,2025-07-25,88.6,ECMWF
KMIA,2025-07-26,89.2,ECMWF
KMIA,2025-07-27,89.5,ECMWF
KMIA,2025-07-28,88.1,ECMWF
KMIA,2025-07-29,89.1,ECMWF
KMIA,2025-07-30,91.6,ECMWF
KMIA,2025-07-31,91.7,ECMWF
KMIA,2025-08-01,91.8,ECMWF
KMIA,2025-08-02,91.5,ECMWF
KMIA,2025-08-03,92.3,ECMWF
KMIA,2025-08-04,90.3,ECMWF
KMIA,2025-08-05,92.1,ECMWF
KMIA,2025-08-06,91.6,ECMWF
KMIA,2025-08-07,83.1,ECMWF
KMIA,2025-08-08,86.7,ECMWF
KMIA,2025-08-09,82.5,ECMWF
KMIA,2025-08-10,86.8,ECMWF
KMIA,2025-08-11,88.6,ECMWF
KMIA,2025-08-12,88.8,ECMWF
KMIA,2025-08-13,89.5,ECMWF
KMIA,2025-08-14,89.0,ECMWF
KMIA,2025-08-15,89.9,ECMWF
KMIA,2025-08-16,91.0,ECMWF
KMIA,2025-08-17,91.1,ECMWF
KMIA,2025-08-18,91.7,ECMWF
KMIA,2025-08-19,92.6,ECMWF
KMIA,2025-08-20,92.6,ECMWF
KMIA,2025-08-21,89.1,ECMWF
KMIA,2025-08-22,94.2,ECMWF
KMIA,2025-08-23,87.6,ECMWF
KMIA,2025-08-24,85.0,ECMWF
KMIA,2025-08-25,90.8,ECMWF
KMIA,2025-08-26,90.7,ECMWF
KMIA,2025-08-27,91.5,ECMWF
KMIA,2025-08-28,89.1,ECMWF
KMIA,2025-08-29,91.4,ECMWF
KMIA,2025-08-30,87.3,ECMWF
KMIA,2025-08-31,89.0,ECMWF
KMIA,2025-09-01,86.1,ECMWF
KMIA,2025-09-02,91.5,ECMWF
KMIA,2025-09-03,85.0,ECMWF
KMIA,2025-09-04,83.3,ECMWF
KMIA,2025-09-05,81.1,ECMWF
KMIA,2025-09-06,82.7,ECMWF
KMIA,2025-09-07,85.4,ECMWF
KMIA,2025-09-08,89.1,ECMWF
KMIA,2025-09-09,83.0,ECMWF
KMIA,2025-09-10,85.1,ECMWF
KMIA,2025-09-11,85.9,ECMWF
KMIA,2025-09-12,82.0,ECMWF
KMIA,2025-09-13,86.1,ECMWF
KMIA,2025-09-14,84.4,ECMWF
KMIA,2025-09-15,86.9,ECMWF
KMIA,2025-09-16,88.6,ECMWF
KMIA,2025-09-17,82.1,ECMWF
KMIA,2025-09-18,80.1,ECMWF
KMIA,2025-09-19,87.0,ECMWF
KMIA,2025-09-20,84.7,ECMWF
KMIA,2025-09-21,83.9,ECMWF
KMIA,2025-09-22,82.2,ECMWF
KMIA,2025-09-23,86.9,ECMWF
KMIA,2025-09-24,82.3,ECMWF
KMIA,2025-09-25,83.7,ECMWF
KMIA,2025-09-26,87.9,ECMWF
KMIA,2025-09-27,85.9,ECMWF
KMIA,2025-09-28,84.6,ECMWF
KMIA,2025-09-29,87.5,ECMWF
KMIA,2025-09-30,89.5,ECMWF
KMIA,2025-10-01,87.9,ECMWF
KMIA,2025-10-02,85.7,ECMWF
KMIA,2025-10-03,84.9,ECMWF
KMIA,2025-10-04,86.3,ECMWF
KMIA,2025-10-05,85.2,ECMWF
KMIA,2025-10-06,82.5,ECMWF
KMIA,2025-10-07,86.0,ECMWF
KMIA,2025-10-08,84.2,ECMWF
KMIA,2025-10-09,82.8,ECMWF
KMIA,2025-10-10,78.7,ECMWF
KMIA,2025-10-11,83.4,ECMWF
KMIA,2025-10-12,83.3,ECMWF
KMIA,2025-10-13,84.3,ECMWF
KMIA,2025-10-14,84.1,ECMWF
KMIA,2025-10-15,84.3,ECMWF
KMIA,2025-10-16,82.5,ECMWF
KMIA,2025-10-17,82.1,ECMWF
KMIA,2025-10-18,82.3,ECMWF
KMIA,2025-10-19,82.8,ECMWF
KMIA,2025-10-20,84.7,ECMWF
KMIA,2025-10-21,84.8,ECMWF
KMIA,2025-10-22,85.0,ECMWF
KMIA,2025-10-23,85.5,ECMWF
KMIA,2025-10-24,85.3,ECMWF
KMIA,2025-10-25,82.4,ECMWF
KMIA,2025-10-26,82.8,ECMWF
KMIA,2025-10-27,84.8,ECMWF
KMIA,2025-10-28,84.5,ECMWF
KMIA,2025-10-29,82.1,ECMWF
KMIA,2025-10-30,77.8,ECMWF
KMIA,2025-10-31,75.4,ECMWF
KMIA,2025-11-01,78.0,ECMWF
KMIA,2025-11-02,82.0,ECMWF
KMIA,2025-11-03,83.0,ECMWF
KMIA,2025-11-04,78.9,ECMWF
KMIA,2025-11-05,80.0,ECMWF
KMIA,2025-11-06,80.9,ECMWF
KMIA,2025-11-07,84.3,ECMWF
KMIA,2025-11-08,84.2,ECMWF
KMIA,2025-11-09,83.1,ECMWF
KMIA,2025-11-10,81.3,ECMWF
KMIA,2025-11-11,67.8,ECMWF
KMIA,2025-11-12,74.3,ECMWF
KMIA,2025-11-13,76.2,ECMWF
KMIA,2025-11-14,78.5,ECMWF
KMIA,2025-11-15,78.9,ECMWF
KMIA,2025-11-16,80.8,ECMWF
KMIA,2025-11-17,79.8,ECMWF
KMIA,2025-11-18,80.8,ECMWF
KMIA,2025-11-19,81.9,ECMWF
KMIA,2025-11-20,81.0,ECMWF
KMIA,2025-11-21,81.1,ECMWF
KMIA,2025-11-22,81.5,ECMWF
KMIA,2025-11-23,82.5,ECMWF
KMIA,2025-11-24,80.3,ECMWF
KMIA,2025-11-25,80.4,ECMWF
KMIA,2025-11-26,82.6,ECMWF
KMIA,2025-11-27,79.4,ECMWF
KMIA,2025-11-28,72.6,ECMWF
KMIA,2025-11-29,76.2,ECMWF
KMIA,2025-11-30,76.4,ECMWF
KMIA,2025-12-01,80.7,ECMWF
KMIA,2025-12-02,82.6,ECMWF
KMIA,2025-12-03,79.8,ECMWF
KMIA,2025-12-04,79.4,ECMWF
KMIA,2025-12-05,81.4,ECMWF
KMIA,2025-12-06,81.9,ECMWF
KMIA,2025-12-07,80.7,ECMWF
KMIA,2025-12-08,81.2,ECMWF
KMIA,2025-12-09,73.0,ECMWF
KMIA,2025-12-10,79.0,ECMWF
KMIA,2025-12-11,74.1,ECMWF
KMIA,2025-12-12,75.8,ECMWF
KMIA,2025-12-13,78.8,ECMWF
KMIA,2025-12-14,80.0,ECMWF
KMIA,2025-12-15,73.3,ECMWF
KMIA,2025-12-16,73.7,ECMWF
KMIA,2025-12-17,76.0,ECMWF
KMIA,2025-12-18,78.9,ECMWF
KMIA,2025-12-19,83.0,ECMWF
KMIA,2025-12-20,80.2,ECMWF
KMIA,2025-12-21,80.1,ECMWF
KMIA,2025-12-22,77.7,ECMWF
KMIA,2025-12-23,77.8,ECMWF
KMIA,2025-12-24,77.0,ECMWF
KMIA,2025-12-25,78.9,ECMWF
KMIA,2025-12-26,78.7,ECMWF
KMIA,2025-12-27,78.9,ECMWF
KMIA,2025-12-28,78.9,ECMWF
KMIA,2025-12-29,79.6,ECMWF
KMIA,2025-12-30,73.6,ECMWF
KMIA,2025-12-31,63.1,ECMWF
KMIA,2026-01-01,66.3,ECMWF
KMIA,2026-01-02,69.9,ECMWF
KMIA,2026-01-03,75.4,ECMWF
KMIA,2026-01-04,78.4,ECMWF
KMIA,2026-01-05,77.1,ECMWF
KMIA,2026-01-06,75.5,ECMWF
KMIA,2026-01-07,76.2,ECMWF
KMIA,2026-01-08,79.0,ECMWF
KMIA,2026-01-09,78.4,ECMWF
KMIA,2026-01-10,78.3,ECMWF
KMIA,2026-01-11,80.5,ECMWF
KMIA,2026-01-12,75.9,ECMWF
KMIA,2026-01-13,72.4,ECMWF
KMIA,2026-01-14,76.6,ECMWF
KMIA,2026-01-15,71.7,ECMWF
KMIA,2026-01-16,65.6,ECMWF
KMIA,2026-01-17,75.4,ECMWF
KMIA,2026-01-18,79.4,ECMWF
KMIA,2026-01-19,66.7,ECMWF
KMIA,2026-01-20,72.3,ECMWF
KMIA,2026-01-21,71.1,ECMWF
KMIA,2026-01-22,73.2,ECMWF
KMIA,2026-01-23,75.7,ECMWF
KMIA,2026-01-24,77.5,ECMWF
KMIA,2026-01-25,77.5,ECMWF
KMIA,2026-01-26,82.6,ECMWF
KMIA,2026-01-27,75.7,ECMWF
KMIA,2026-01-28,63.6,ECMWF
KMIA,2026-01-29,69.4,ECMWF
KMIA,2026-01-30,65.9,ECMWF
KMIA,2026-01-31,64.9,ECMWF
KMIA,2026-02-01,57.9,ECMWF
KMIA,2026-02-02,55.6,ECMWF
KMIA,2026-02-03,66.1,ECMWF
KMIA,2026-02-04,72.2,ECMWF
KMIA,2026-02-05,69.5,ECMWF
KMIA,2026-02-06,64.1,ECMWF
KMIA,2026-02-07,76.2,ECMWF
KMIA,2026-02-08,71.3,ECMWF
KMIA,2026-02-09,71.6,ECMWF
KMIA,2026-02-10,73.2,ECMWF
KMIA,2026-02-11,74.5,ECMWF
KMIA,2026-02-12,76.2,ECMWF
KMIA,2026-02-13,78.0,ECMWF
KMIA,2026-02-14,75.7,ECMWF
KMIA,2026-02-15,76.2,ECMWF
KMIA,2026-02-16,83.4,ECMWF
KMIA,2026-02-17,76.2,ECMWF
KMIA,2026-02-18,75.8,ECMWF
KMIA,2026-02-19,78.0,ECMWF
KMIA,2026-02-20,80.3,ECMWF
KMIA,2026-02-21,81.7,ECMWF
KMIA,2026-02-22,86.6,ECMWF
KMIA,2026-02-23,73.9,ECMWF
KMIA,2026-02-24,64.7,ECMWF
KMIA,2026-02-25,70.8,ECMWF
KMIA,2024-10-08,82.0,NBM
KMIA,2024-10-09,86.4,NBM
KMIA,2024-10-10,85.3,NBM
KMIA,2024-10-11,82.8,NBM
KMIA,2024-10-12,82.6,NBM
KMIA,2024-10-13,82.7,NBM
KMIA,2024-10-14,84.6,NBM
KMIA,2024-10-15,84.2,NBM
KMIA,2024-10-16,83.2,NBM
KMIA,2024-10-17,79.2,NBM
KMIA,2024-10-18,78.3,NBM
KMIA,2024-10-19,81.7,NBM
KMIA,2024-10-20,83.2,NBM
KMIA,2024-10-21,83.2,NBM
KMIA,2024-10-22,84.0,NBM
KMIA,2024-10-23,84.3,NBM
KMIA,2024-10-24,82.8,NBM
KMIA,2024-10-25,83.2,NBM
KMIA,2024-10-26,83.3,NBM
KMIA,2024-10-27,80.7,NBM
KMIA,2024-10-28,81.9,NBM
KMIA,2024-10-29,83.0,NBM
KMIA,2024-10-30,83.5,NBM
KMIA,2024-10-31,81.9,NBM
KMIA,2024-11-01,82.7,NBM
KMIA,2024-11-02,82.8,NBM
KMIA,2024-11-03,82.6,NBM
KMIA,2024-11-04,83.1,NBM
KMIA,2024-11-05,83.1,NBM
KMIA,2024-11-06,84.2,NBM
KMIA,2024-11-07,83.5,NBM
KMIA,2024-11-08,83.9,NBM
KMIA,2024-11-09,83.1,NBM
KMIA,2024-11-10,83.6,NBM
KMIA,2024-11-11,85.3,NBM
KMIA,2024-11-12,84.7,NBM
KMIA,2024-11-13,82.3,NBM
KMIA,2024-11-14,81.6,NBM
KMIA,2024-11-15,84.6,NBM
KMIA,2024-11-16,79.3,NBM
KMIA,2024-11-17,79.4,NBM
KMIA,2024-11-18,79.3,NBM
KMIA,2024-11-19,81.0,NBM
KMIA,2024-11-20,82.0,NBM
KMIA,2024-11-21,78.1,NBM
KMIA,2024-11-22,72.1,NBM
KMIA,2024-11-23,70.6,NBM
KMIA,2024-11-24,75.9,NBM
KMIA,2024-11-25,79.0,NBM
KMIA,2024-11-26,81.1,NBM
KMIA,2024-11-27,80.6,NBM
KMIA,2024-11-28,82.2,NBM
KMIA,2024-11-29,83.0,NBM
KMIA,2024-11-30,77.7,NBM
KMIA,2024-12-01,74.5,NBM
KMIA,2024-12-02,73.2,NBM
KMIA,2024-12-03,70.6,NBM
KMIA,2024-12-04,70.7,NBM
KMIA,2024-12-05,76.1,NBM
KMIA,2024-12-06,79.1,NBM
KMIA,2024-12-07,76.3,NBM
KMIA,2024-12-08,75.7,NBM
KMIA,2024-12-09,78.6,NBM
KMIA,2024-12-10,79.6,NBM
KMIA,2024-12-11,82.8,NBM
KMIA,2024-12-12,76.6,NBM
KMIA,2024-12-13,75.7,NBM
KMIA,2024-12-14,77.9,NBM
KMIA,2024-12-15,78.6,NBM
KMIA,2024-12-16,79.3,NBM
KMIA,2024-12-17,79.9,NBM
KMIA,2024-12-18,80.1,NBM
KMIA,2024-12-19,81.3,NBM
KMIA,2024-12-20,79.7,NBM
KMIA,2024-12-21,72.1,NBM
KMIA,2024-12-22,72.9,NBM
KMIA,2024-12-23,76.0,NBM
KMIA,2024-12-24,76.9,NBM
KMIA,2024-12-25,77.1,NBM
KMIA,2024-12-26,78.4,NBM
KMIA,2024-12-27,78.1,NBM
KMIA,2024-12-28,77.3,NBM
KMIA,2024-12-29,74.8,NBM
KMIA,2024-12-30,79.1,NBM
KMIA,2024-12-31,80.4,NBM
KMIA,2025-01-01,78.8,NBM
KMIA,2025-01-02,76.1,NBM
KMIA,2025-01-03,75.6,NBM
KMIA,2025-01-04,69.9,NBM
KMIA,2025-01-05,72.9,NBM
KMIA,2025-01-06,77.9,NBM
KMIA,2025-01-07,72.5,NBM
KMIA,2025-01-08,69.2,NBM
KMIA,2025-01-09,65.0,NBM
KMIA,2025-01-10,71.3,NBM
KMIA,2025-01-11,75.6,NBM
KMIA,2025-01-12,73.4,NBM
KMIA,2025-01-13,77.9,NBM
KMIA,2025-01-14,73.5,NBM
KMIA,2025-01-15,73.8,NBM
KMIA,2025-01-16,71.8,NBM
KMIA,2025-01-17,69.2,NBM
KMIA,2025-01-18,79.7,NBM
KMIA,2025-01-19,81.6,NBM
KMIA,2025-01-20,75.7,NBM
KMIA,2025-01-21,75.9,NBM
KMIA,2025-01-22,73.4,NBM
KMIA,2025-01-23,61.7,NBM
KMIA,2025-01-24,56.8,NBM
KMIA,2025-01-25,69.4,NBM
KMIA,2025-01-26,73.0,NBM
KMIA,2025-01-27,76.2,NBM
KMIA,2025-01-28,76.4,NBM
KMIA,2025-01-29,77.7,NBM
KMIA,2025-01-30,77.3,NBM
KMIA,2025-01-31,78.2,NBM
KMIA,2025-02-01,80.7,NBM
KMIA,2025-02-02,80.4,NBM
KMIA,2025-02-03,79.8,NBM
KMIA,2025-02-04,81.1,NBM
KMIA,2025-02-05,79.6,NBM
KMIA,2025-02-06,79.8,NBM
KMIA,2025-02-07,81.1,NBM
KMIA,2025-02-08,80.5,NBM
KMIA,2025-02-09,81.1,NBM
KMIA,2025-02-10,81.1,NBM
KMIA,2025-02-11,80.0,NBM
KMIA,2025-02-12,81.0,NBM
KMIA,2025-02-13,82.5,NBM
KMIA,2025-02-14,82.4,NBM
KMIA,2025-02-15,80.6,NBM
KMIA,2025-02-16,83.0,NBM
KMIA,2025-02-17,78.4,NBM
KMIA,2025-02-18,79.5,NBM
KMIA,2025-02-19,83.1,NBM
KMIA,2025-02-20,78.1,NBM
KMIA,2025-02-21,73.1,NBM
KMIA,2025-02-22,72.6,NBM
KMIA,2025-02-23,73.8,NBM
KMIA,2025-02-24,75.8,NBM
KMIA,2025-02-25,75.5,NBM
KMIA,2025-02-26,76.3,NBM
KMIA,2025-02-27,79.9,NBM
KMIA,2025-02-28,79.1,NBM
KMIA,2025-03-01,80.5,NBM
KMIA,2025-03-02,79.9,NBM
KMIA,2025-03-03,76.5,NBM
KMIA,2025-03-04,77.1,NBM
KMIA,2025-03-05,83.0,NBM
KMIA,2025-03-06,78.1,NBM
KMIA,2025-03-07,76.4,NBM
KMIA,2025-03-08,83.0,NBM
KMIA,2025-03-09,85.8,NBM
KMIA,2025-03-10,85.8,NBM
KMIA,2025-03-11,77.1,NBM
KMIA,2025-03-12,78.7,NBM
KMIA,2025-03-13,79.2,NBM
KMIA,2025-03-14,80.8,NBM
KMIA,2025-03-15,81.1,NBM
KMIA,2025-03-16,83.9,NBM
KMIA,2025-03-17,78.9,NBM
KMIA,2025-03-18,77.3,NBM
KMIA,2025-03-19,79.1,NBM
KMIA,2025-03-20,82.9,NBM
KMIA,2025-03-21,75.7,NBM
KMIA,2025-03-22,75.9,NBM
KMIA,2025-03-23,78.0,NBM
KMIA,2025-03-24,81.9,NBM
KMIA,2025-03-25,82.6,NBM
KMIA,2025-03-26,82.5,NBM
KMIA,2025-03-27,80.9,NBM
KMIA,2025-03-28,79.0,NBM
KMIA,2025-03-29,79.4,NBM
KMIA,2025-03-30,80.5,NBM
KMIA,2025-03-31,82.8,NBM
KMIA,2025-04-01,85.1,NBM
KMIA,2025-04-02,82.8,NBM
KMIA,2025-04-03,83.4,NBM
KMIA,2025-04-04,82.3,NBM
KMIA,2025-04-05,82.7,NBM
KMIA,2025-04-06,82.9,NBM
KMIA,2025-04-07,84.2,NBM
KMIA,2025-04-08,83.8,NBM
KMIA,2025-04-09,78.7,NBM
KMIA,2025-04-10,79.3,NBM
KMIA,2025-04-11,81.1,NBM
KMIA,2025-04-12,81.3,NBM
KMIA,2025-04-13,79.4,NBM
KMIA,2025-04-14,80.5,NBM
KMIA,2025-04-15,82.4,NBM
KMIA,2025-04-16,82.5,NBM
KMIA,2025-04-17,81.5,NBM
KMIA,2025-04-18,80.1,NBM
KMIA,2025-04-19,80.3,NBM
KMIA,2025-04-20,81.2,NBM
KMIA,2025-04-21,81.1,NBM
KMIA,2025-04-22,81.1,NBM
KMIA,2025-04-23,81.9,NBM
KMIA,2025-04-24,82.6,NBM
KMIA,2025-04-25,82.3,NBM
KMIA,2025-04-26,82.6,NBM
KMIA,2025-04-27,83.6,NBM
KMIA,2025-04-28,83.3,NBM
KMIA,2025-04-29,81.8,NBM
KMIA,2025-04-30,80.8,NBM
KMIA,2025-05-01,81.5,NBM
KMIA,2025-05-02,82.0,NBM
KMIA,2025-05-03,82.8,NBM
KMIA,2025-05-04,83.1,NBM
KMIA,2025-05-05,83.7,NBM
KMIA,2025-05-06,84.7,NBM
KMIA,2025-05-07,84.3,NBM
KMIA,2025-05-08,85.7,NBM
KMIA,2025-05-09,85.2,NBM
KMIA,2025-05-10,85.6,NBM
KMIA,2025-05-11,85.0,NBM
KMIA,2025-05-12,81.3,NBM
KMIA,2025-05-13,84.3,NBM
KMIA,2025-05-14,85.6,NBM
KMIA,2025-05-15,87.0,NBM
KMIA,2025-05-16,87.7,NBM
KMIA,2025-05-17,89.0,NBM
KMIA,2025-05-18,88.3,NBM
KMIA,2025-05-19,88.9,NBM
KMIA,2025-05-20,89.3,NBM
KMIA,2025-05-21,91.0,NBM
KMIA,2025-05-22,90.6,NBM
KMIA,2025-05-23,88.3,NBM
KMIA,2025-05-24,88.9,NBM
KMIA,2025-05-25,88.4,NBM
KMIA,2025-05-26,89.2,NBM
KMIA,2025-05-27,88.5,NBM
KMIA,2025-05-28,88.9,NBM
KMIA,2025-05-29,88.6,NBM
KMIA,2025-05-30,90.1,NBM
KMIA,2025-05-31,89.8,NBM
KMIA,2025-06-01,86.4,NBM
KMIA,2025-06-02,86.6,NBM
KMIA,2025-06-03,79.2,NBM
KMIA,2025-06-04,82.6,NBM
KMIA,2025-06-05,85.0,NBM
KMIA,2025-06-06,86.7,NBM
KMIA,2025-06-07,88.0,NBM
KMIA,2025-06-08,88.2,NBM
KMIA,2025-06-09,88.5,NBM
KMIA,2025-06-10,86.4,NBM
KMIA,2025-06-11,85.8,NBM
KMIA,2025-06-12,86.7,NBM
KMIA,2025-06-13,88.1,NBM
KMIA,2025-06-14,88.1,NBM
KMIA,2025-06-15,88.5,NBM
KMIA,2025-06-16,88.2,NBM
KMIA,2025-06-17,88.7,NBM
KMIA,2025-06-18,88.4,NBM
KMIA,2025-06-19,88.0,NBM
KMIA,2025-06-20,88.2,NBM
KMIA,2025-06-21,87.8,NBM
KMIA,2025-06-22,87.3,NBM
KMIA,2025-06-23,88.2,NBM
KMIA,2025-06-24,88.2,NBM
KMIA,2025-06-25,85.5,NBM
KMIA,2025-06-26,84.5,NBM
KMIA,2025-06-27,87.3,NBM
KMIA,2025-06-28,88.5,NBM
KMIA,2025-06-29,88.4,NBM
KMIA,2025-06-30,88.2,NBM
KMIA,2025-07-01,85.3,NBM
KMIA,2025-07-02,86.2,NBM
KMIA,2025-07-03,85.8,NBM
KMIA,2025-07-04,84.1,NBM
KMIA,2025-07-05,86.1,NBM
KMIA,2025-07-06,86.6,NBM
KMIA,2025-07-07,88.7,NBM
KMIA,2025-07-08,89.5,NBM
KMIA,2025-07-09,88.8,NBM
KMIA,2025-07-10,88.3,NBM
KMIA,2025-07-11,88.2,NBM
KMIA,2025-07-12,88.1,NBM
KMIA,2025-07-13,88.8,NBM
KMIA,2025-07-14,87.3,NBM
KMIA,2025-07-15,84.1,NBM
KMIA,2025-07-16,86.9,NBM
KMIA,2025-07-17,87.4,NBM
KMIA,2025-07-18,89.6,NBM
KMIA,2025-07-19,90.1,NBM
KMIA,2025-07-20,90.6,NBM
KMIA,2025-07-21,90.7,NBM
KMIA,2025-07-22,89.8,NBM
KMIA,2025-07-23,85.6,NBM
KMIA,2025-07-24,89.0,NBM
KMIA,2025-07-25,89.4,NBM
KMIA,2025-07-26,90.3,NBM
KMIA,2025-07-27,90.6,NBM
KMIA,2025-07-28,90.6,NBM
KMIA,2025-07-29,90.1,NBM
KMIA,2025-07-30,91.1,NBM
KMIA,2025-07-31,91.6,NBM
KMIA,2025-08-01,91.8,NBM
KMIA,2025-08-02,92.0,NBM
KMIA,2025-08-03,91.3,NBM
KMIA,2025-08-04,91.0,NBM
KMIA,2025-08-05,91.0,NBM
KMIA,2025-08-06,89.9,NBM
KMIA,2025-08-07,87.3,NBM
KMIA,2025-08-08,86.2,NBM
KMIA,2025-08-09,83.4,NBM
KMIA,2025-08-10,86.2,NBM
KMIA,2025-08-11,88.6,NBM
KMIA,2025-08-12,88.7,NBM
KMIA,2025-08-13,89.5,NBM
KMIA,2025-08-14,89.3,NBM
KMIA,2025-08-15,91.0,NBM
KMIA,2025-08-16,90.7,NBM
KMIA,2025-08-17,89.9,NBM
KMIA,2025-08-18,92.1,NBM
KMIA,2025-08-19,90.5,NBM
KMIA,2025-08-20,92.5,NBM
KMIA,2025-08-21,91.0,NBM
KMIA,2025-08-22,91.7,NBM
KMIA,2025-08-23,89.3,NBM
KMIA,2025-08-24,89.5,NBM
KMIA,2025-08-25,90.2,NBM
KMIA,2025-08-26,90.6,NBM
KMIA,2025-08-27,90.0,NBM
KMIA,2025-08-28,89.3,NBM
KMIA,2025-08-29,89.8,NBM
KMIA,2025-08-30,89.5,NBM
KMIA,2025-09-06,86.2,NBM
KMIA,2025-09-07,87.8,NBM
KMIA,2025-09-08,87.7,NBM
KMIA,2025-09-09,86.7,NBM
KMIA,2025-09-10,88.3,NBM
KMIA,2025-09-11,87.2,NBM
KMIA,2025-09-12,85.7,NBM
KMIA,2025-09-13,83.6,NBM
KMIA,2025-09-14,86.0,NBM
KMIA,2025-09-15,86.2,NBM
KMIA,2025-09-16,88.1,NBM
KMIA,2025-09-17,84.0,NBM
KMIA,2025-09-18,81.9,NBM
KMIA,2025-09-19,86.7,NBM
KMIA,2025-09-20,86.1,NBM
KMIA,2025-09-21,85.5,NBM
KMIA,2025-09-22,86.9,NBM
KMIA,2025-09-23,87.6,NBM
KMIA,2025-09-24,87.3,NBM
KMIA,2025-09-25,88.3,NBM
KMIA,2025-09-26,87.7,NBM
KMIA,2025-09-27,88.8,NBM
KMIA,2025-09-28,85.7,NBM
KMIA,2025-09-29,86.6,NBM
KMIA,2025-09-30,87.9,NBM
KMIA,2025-10-01,87.2,NBM
KMIA,2025-10-02,86.3,NBM
KMIA,2025-10-03,83.8,NBM
KMIA,2025-10-04,85.3,NBM
KMIA,2025-10-05,86.1,NBM
KMIA,2025-10-06,86.1,NBM
KMIA,2025-10-07,85.5,NBM
KMIA,2025-10-08,85.2,NBM
KMIA,2025-10-09,85.6,NBM
KMIA,2025-10-10,81.8,NBM
KMIA,2025-10-11,81.0,NBM
KMIA,2025-10-12,81.6,NBM
KMIA,2025-10-13,84.0,NBM
KMIA,2025-10-14,84.4,NBM
KMIA,2025-10-15,83.8,NBM
KMIA,2025-10-16,82.9,NBM
KMIA,2025-10-17,82.8,NBM
KMIA,2025-10-18,82.6,NBM
KMIA,2025-10-19,84.9,NBM
KMIA,2025-10-20,85.2,NBM
KMIA,2025-10-21,85.6,NBM
KMIA,2025-10-22,85.7,NBM
KMIA,2025-10-23,85.7,NBM
KMIA,2025-10-24,84.8,NBM
KMIA,2025-10-25,84.7,NBM
KMIA,2025-10-26,85.0,NBM
KMIA,2025-10-27,86.0,NBM
KMIA,2025-10-28,85.5,NBM
KMIA,2025-10-29,83.0,NBM
KMIA,2025-10-30,79.1,NBM
KMIA,2025-10-31,75.9,NBM
KMIA,2025-11-01,77.8,NBM
KMIA,2025-11-02,81.1,NBM
KMIA,2025-11-03,83.2,NBM
KMIA,2025-11-04,80.1,NBM
KMIA,2025-11-05,81.4,NBM
KMIA,2025-11-06,81.8,NBM
KMIA,2025-11-07,84.6,NBM
KMIA,2025-11-08,84.7,NBM
KMIA,2025-11-09,84.7,NBM
KMIA,2025-11-10,81.5,NBM
KMIA,2025-11-11,68.8,NBM
KMIA,2025-11-12,73.3,NBM
KMIA,2025-11-13,75.7,NBM
KMIA,2025-11-14,78.3,NBM
KMIA,2025-11-15,79.7,NBM
KMIA,2025-11-16,80.7,NBM
KMIA,2025-11-17,80.2,NBM
KMIA,2025-11-18,81.1,NBM
KMIA,2025-11-19,82.3,NBM
KMIA,2025-11-20,81.3,NBM
KMIA,2025-11-21,81.7,NBM
KMIA,2025-11-22,81.9,NBM
KMIA,2025-11-23,82.3,NBM
KMIA,2025-11-24,81.5,NBM
KMIA,2025-11-25,81.9,NBM
KMIA,2025-11-26,82.6,NBM
KMIA,2025-11-27,81.5,NBM
KMIA,2025-11-28,74.2,NBM
KMIA,2025-11-29,76.3,NBM
KMIA,2025-11-30,79.3,NBM
KMIA,2025-12-01,81.8,NBM
KMIA,2025-12-02,84.0,NBM
KMIA,2025-12-03,81.0,NBM
KMIA,2025-12-04,80.5,NBM
KMIA,2025-12-05,82.5,NBM
KMIA,2025-12-06,82.8,NBM
KMIA,2025-12-07,83.0,NBM
KMIA,2025-12-08,83.6,NBM
KMIA,2025-12-09,76.3,NBM
KMIA,2025-12-10,80.2,NBM
KMIA,2025-12-11,76.1,NBM
KMIA,2025-12-12,76.6,NBM
KMIA,2025-12-13,79.1,NBM
KMIA,2025-12-14,80.1,NBM
KMIA,2025-12-15,74.8,NBM
KMIA,2025-12-16,74.6,NBM
KMIA,2025-12-17,77.7,NBM
KMIA,2025-12-18,80.4,NBM
KMIA,2025-12-19,84.6,NBM
KMIA,2025-12-20,81.2,NBM
KMIA,2025-12-21,80.2,NBM
KMIA,2025-12-22,78.4,NBM
KMIA,2025-12-23,77.4,NBM
KMIA,2025-12-24,78.0,NBM
KMIA,2025-12-25,78.2,NBM
KMIA,2025-12-26,78.6,NBM
KMIA,2025-12-27,79.8,NBM
KMIA,2025-12-28,79.9,NBM
KMIA,2025-12-29,80.8,NBM
KMIA,2025-12-30,74.0,NBM
KMIA,2025-12-31,63.0,NBM
KMIA,2026-01-01,66.4,NBM
KMIA,2026-01-02,70.0,NBM
KMIA,2026-01-03,74.2,NBM
KMIA,2026-01-04,78.9,NBM
KMIA,2026-01-05,78.5,NBM
KMIA,2026-01-06,79.2,NBM
KMIA,2026-01-07,79.9,NBM
KMIA,2026-01-08,79.7,NBM
KMIA,2026-01-09,80.2,NBM
KMIA,2026-01-10,79.7,NBM
KMIA,2026-01-11,81.6,NBM
KMIA,2026-01-12,75.8,NBM
KMIA,2026-01-13,73.0,NBM
KMIA,2026-01-14,77.0,NBM
KMIA,2026-01-15,72.3,NBM
KMIA,2026-01-16,65.8,NBM
KMIA,2026-01-17,73.9,NBM
KMIA,2026-01-18,78.3,NBM
KMIA,2026-01-19,69.1,NBM
KMIA,2026-01-20,72.3,NBM
KMIA,2026-01-21,72.6,NBM
KMIA,2026-01-22,75.2,NBM
KMIA,2026-01-23,79.4,NBM
KMIA,2026-01-24,78.6,NBM
KMIA,2026-01-25,80.5,NBM
KMIA,2026-01-26,85.0,NBM
KMIA,2026-01-27,77.0,NBM
KMIA,2026-01-28,64.3,NBM
KMIA,2026-01-29,70.2,NBM
KMIA,2026-01-30,67.6,NBM
KMIA,2026-01-31,64.2,NBM
KMIA,2026-02-01,57.2,NBM
KMIA,2026-02-02,56.4,NBM
KMIA,2026-02-03,65.7,NBM
KMIA,2026-02-04,72.7,NBM
KMIA,2026-02-05,72.1,NBM
KMIA,2026-02-06,64.2,NBM
KMIA,2026-02-07,76.2,NBM
KMIA,2026-02-08,72.1,NBM
KMIA,2026-02-09,72.3,NBM
KMIA,2026-02-10,74.0,NBM
KMIA,2026-02-11,75.9,NBM
KMIA,2026-02-12,77.6,NBM
KMIA,2026-02-13,78.1,NBM
KMIA,2026-02-14,76.8,NBM
KMIA,2026-02-15,78.3,NBM
KMIA,2026-02-16,82.8,NBM
KMIA,2026-02-17,77.9,NBM
KMIA,2026-02-18,78.5,NBM
KMIA,2026-02-19,81.0,NBM
KMIA,2026-02-20,81.1,NBM
KMIA,2026-02-21,81.6,NBM
KMIA,2026-02-22,85.5,NBM
KMIA,2026-02-23,76.4,NBM
KMIA,2026-02-24,64.3,NBM
KMIA,2026-02-25,71.8,NBM
KMSP,2026-02-05,33.9,OBS
KMSP,2026-02-06,35.3,OBS
KMSP,2026-02-07,23.5,OBS
KMSP,2026-02-08,31.9,OBS
KMSP,2026-02-09,36.1,OBS
KMSP,2026-02-10,34.5,OBS
KMSP,2026-02-11,31.8,OBS
KMSP,2026-02-12,40.1,OBS
KMSP,2026-02-13,47.8,OBS
KMSP,2026-02-14,51.3,OBS
KMSP,2026-02-15,50.5,OBS
KMSP,2026-02-16,51.9,OBS
KMSP,2026-02-17,48.9,OBS
KMSP,2026-02-18,46.8,OBS
KMSP,2026-02-19,33.7,OBS
KMSP,2026-02-20,32.2,OBS
KMSP,2026-02-21,21.5,OBS
KMSP,2026-02-22,14.7,OBS
KMSP,2026-02-23,15.4,OBS
KMSP,2026-02-24,34.2,OBS
KMSP,2026-02-25,29.8,OBS
KMSP,2026-02-05,36.0,GFS
KMSP,2026-02-06,37.7,GFS
KMSP,2026-02-07,28.5,GFS
KMSP,2026-02-08,32.9,GFS
KMSP,2026-02-09,37.2,GFS
KMSP,2026-02-10,34.5,GFS
KMSP,2026-02-11,38.9,GFS
KMSP,2026-02-12,45.8,GFS
KMSP,2026-02-13,51.3,GFS
KMSP,2026-02-14,53.9,GFS
KMSP,2026-02-15,52.7,GFS
KMSP,2026-02-16,54.0,GFS
KMSP,2026-02-17,49.4,GFS
KMSP,2026-02-18,46.9,GFS
KMSP,2026-02-19,33.8,GFS
KMSP,2026-02-20,33.1,GFS
KMSP,2026-02-21,20.6,GFS
KMSP,2026-02-22,17.0,GFS
KMSP,2026-02-23,21.1,GFS
KMSP,2026-02-24,37.5,GFS
KMSP,2026-02-25,31.7,GFS
KMSP,2026-02-05,33.3,ECMWF
KMSP,2026-02-06,35.1,ECMWF
KMSP,2026-02-07,22.4,ECMWF
KMSP,2026-02-08,31.1,ECMWF
KMSP,2026-02-09,35.8,ECMWF
KMSP,2026-02-10,33.8,ECMWF
KMSP,2026-02-11,31.2,ECMWF
KMSP,2026-02-12,39.2,ECMWF
KMSP,2026-02-13,47.3,ECMWF
KMSP,2026-02-14,50.4,ECMWF
KMSP,2026-02-15,49.6,ECMWF
KMSP,2026-02-16,51.8,ECMWF
KMSP,2026-02-17,48.4,ECMWF
KMSP,2026-02-18,45.7,ECMWF
KMSP,2026-02-19,33.8,ECMWF
KMSP,2026-02-20,32.2,ECMWF
KMSP,2026-02-21,21.8,ECMWF
KMSP,2026-02-22,15.4,ECMWF
KMSP,2026-02-23,15.9,ECMWF
KMSP,2026-02-24,35.1,ECMWF
KMSP,2026-02-25,29.9,ECMWF
KMSP,2026-02-05,34.5,NBM
KMSP,2026-02-06,34.7,NBM
KMSP,2026-02-07,25.7,NBM
KMSP,2026-02-08,33.3,NBM
KMSP,2026-02-09,39.2,NBM
KMSP,2026-02-10,36.5,NBM
KMSP,2026-02-11,36.0,NBM
KMSP,2026-02-12,43.9,NBM
KMSP,2026-02-13,47.3,NBM
KMSP,2026-02-14,50.4,NBM
KMSP,2026-02-15,50.2,NBM
KMSP,2026-02-16,51.9,NBM
KMSP,2026-02-17,50.4,NBM
KMSP,2026-02-18,48.5,NBM
KMSP,2026-02-19,34.7,NBM
KMSP,2026-02-20,33.0,NBM
KMSP,2026-02-21,22.4,NBM
KMSP,2026-02-22,17.5,NBM
KMSP,2026-02-23,20.0,NBM
KMSP,2026-02-24,33.7,NBM
KMSP,2026-02-25,29.9,NBM
KMSY,2026-01-15,58.5,OBS
KMSY,2026-01-16,65.8,OBS
KMSY,2026-01-17,60.5,OBS
KMSY,2026-01-18,49.5,OBS
KMSY,2026-01-19,53.5,OBS
KMSY,2026-01-20,59.0,OBS
KMSY,2026-01-21,68.0,OBS
KMSY,2026-01-22,69.3,OBS
KMSY,2026-01-23,63.3,OBS
KMSY,2026-01-24,62.6,OBS
KMSY,2026-01-25,70.1,OBS
KMSY,2026-01-26,40.7,OBS
KMSY,2026-01-27,43.5,OBS
KMSY,2026-01-28,49.7,OBS
KMSY,2026-01-29,55.0,OBS
KMSY,2026-01-30,58.1,OBS
KMSY,2026-01-31,52.6,OBS
KMSY,2026-02-01,42.4,OBS
KMSY,2026-02-02,55.6,OBS
KMSY,2026-02-03,68.5,OBS
KMSY,2026-02-04,62.7,OBS
KMSY,2026-02-05,53.6,OBS
KMSY,2026-02-06,72.3,OBS
KMSY,2026-02-07,63.6,OBS
KMSY,2026-02-08,67.2,OBS
KMSY,2026-02-09,70.7,OBS
KMSY,2026-02-10,74.6,OBS
KMSY,2026-02-11,75.2,OBS
KMSY,2026-02-12,67.8,OBS
KMSY,2026-02-13,70.4,OBS
KMSY,2026-02-14,72.9,OBS
KMSY,2026-02-15,72.7,OBS
KMSY,2026-02-16,66.2,OBS
KMSY,2026-02-17,70.3,OBS
KMSY,2026-02-18,76.4,OBS
KMSY,2026-02-19,80.4,OBS
KMSY,2026-02-20,80.6,OBS
KMSY,2026-02-21,82.8,OBS
KMSY,2026-02-22,74.6,OBS
KMSY,2026-02-23,55.8,OBS
KMSY,2026-02-24,60.6,OBS
KMSY,2026-02-25,72.6,OBS
KMSY,2026-01-15,61.0,GFS
KMSY,2026-01-16,68.3,GFS
KMSY,2026-01-17,62.1,GFS
KMSY,2026-01-18,51.1,GFS
KMSY,2026-01-19,57.1,GFS
KMSY,2026-01-20,63.4,GFS
KMSY,2026-01-21,70.5,GFS
KMSY,2026-01-22,67.0,GFS
KMSY,2026-01-23,62.6,GFS
KMSY,2026-01-24,58.0,GFS
KMSY,2026-01-25,70.9,GFS
KMSY,2026-01-26,40.5,GFS
KMSY,2026-01-27,46.7,GFS
KMSY,2026-01-28,52.6,GFS
KMSY,2026-01-29,59.5,GFS
KMSY,2026-01-30,59.6,GFS
KMSY,2026-01-31,55.3,GFS
KMSY,2026-02-01,45.2,GFS
KMSY,2026-02-02,59.8,GFS
KMSY,2026-02-03,71.0,GFS
KMSY,2026-02-04,64.3,GFS
KMSY,2026-02-05,54.5,GFS
KMSY,2026-02-06,73.8,GFS
KMSY,2026-02-07,67.3,GFS
KMSY,2026-02-08,71.5,GFS
KMSY,2026-02-09,74.6,GFS
KMSY,2026-02-10,77.3,GFS
KMSY,2026-02-11,79.3,GFS
KMSY,2026-02-12,71.6,GFS
KMSY,2026-02-13,69.8,GFS
KMSY,2026-02-14,75.1,GFS
KMSY,2026-02-15,74.0,GFS
KMSY,2026-02-16,66.9,GFS
KMSY,2026-02-17,73.4,GFS
KMSY,2026-02-18,78.2,GFS
KMSY,2026-02-19,82.3,GFS
KMSY,2026-02-20,83.2,GFS
KMSY,2026-02-21,85.4,GFS
KMSY,2026-02-22,78.9,GFS
KMSY,2026-02-23,57.8,GFS
KMSY,2026-02-24,61.4,GFS
KMSY,2026-02-25,73.9,GFS
KMSY,2026-01-15,58.9,ECMWF
KMSY,2026-01-16,65.6,ECMWF
KMSY,2026-01-17,60.2,ECMWF
KMSY,2026-01-18,49.7,ECMWF
KMSY,2026-01-19,53.2,ECMWF
KMSY,2026-01-20,58.2,ECMWF
KMSY,2026-01-21,67.0,ECMWF
KMSY,2026-01-22,66.1,ECMWF
KMSY,2026-01-23,62.0,ECMWF
KMSY,2026-01-24,59.0,ECMWF
KMSY,2026-01-25,69.2,ECMWF
KMSY,2026-01-26,40.8,ECMWF
KMSY,2026-01-27,43.4,ECMWF
KMSY,2026-01-28,49.4,ECMWF
KMSY,2026-01-29,55.1,ECMWF
KMSY,2026-01-30,57.6,ECMWF
KMSY,2026-01-31,52.8,ECMWF
KMSY,2026-02-01,42.0,ECMWF
KMSY,2026-02-02,55.4,ECMWF
KMSY,2026-02-03,67.2,ECMWF
KMSY,2026-02-04,61.8,ECMWF
KMSY,2026-02-05,53.7,ECMWF
KMSY,2026-02-06,70.6,ECMWF
KMSY,2026-02-07,62.8,ECMWF
KMSY,2026-02-08,66.1,ECMWF
KMSY,2026-02-09,69.3,ECMWF
KMSY,2026-02-10,73.3,ECMWF
KMSY,2026-02-11,74.8,ECMWF
KMSY,2026-02-12,67.9,ECMWF
KMSY,2026-02-13,68.7,ECMWF
KMSY,2026-02-14,72.1,ECMWF
KMSY,2026-02-15,71.5,ECMWF
KMSY,2026-02-16,66.2,ECMWF
KMSY,2026-02-17,70.5,ECMWF
KMSY,2026-02-18,76.5,ECMWF
KMSY,2026-02-19,79.8,ECMWF
KMSY,2026-02-20,80.4,ECMWF
KMSY,2026-02-21,81.4,ECMWF
KMSY,2026-02-22,74.7,ECMWF
KMSY,2026-02-23,56.1,ECMWF
KMSY,2026-02-24,59.5,ECMWF
KMSY,2026-02-25,71.8,ECMWF
KMSY,2026-01-15,61.0,NBM
KMSY,2026-01-16,68.0,NBM
KMSY,2026-01-17,62.9,NBM
KMSY,2026-01-18,51.8,NBM
KMSY,2026-01-19,56.5,NBM
KMSY,2026-01-20,60.7,NBM
KMSY,2026-01-21,69.5,NBM
KMSY,2026-01-22,69.7,NBM
KMSY,2026-01-23,64.6,NBM
KMSY,2026-01-24,62.1,NBM
KMSY,2026-01-25,68.2,NBM
KMSY,2026-01-26,42.0,NBM
KMSY,2026-01-27,46.2,NBM
KMSY,2026-01-28,51.5,NBM
KMSY,2026-01-29,58.4,NBM
KMSY,2026-01-30,58.4,NBM
KMSY,2026-01-31,52.7,NBM
KMSY,2026-02-01,44.1,NBM
KMSY,2026-02-02,58.6,NBM
KMSY,2026-02-03,70.0,NBM
KMSY,2026-02-04,64.1,NBM
KMSY,2026-02-05,54.3,NBM
KMSY,2026-02-06,71.4,NBM
KMSY,2026-02-07,65.0,NBM
KMSY,2026-02-08,70.2,NBM
KMSY,2026-02-09,72.2,NBM
KMSY,2026-02-10,75.2,NBM
KMSY,2026-02-11,76.7,NBM
KMSY,2026-02-12,71.2,NBM
KMSY,2026-02-13,70.6,NBM
KMSY,2026-02-14,74.2,NBM
KMSY,2026-02-15,72.3,NBM
KMSY,2026-02-16,66.9,NBM
KMSY,2026-02-17,72.2,NBM
KMSY,2026-02-18,77.6,NBM
KMSY,2026-02-19,81.0,NBM
KMSY,2026-02-20,82.5,NBM
KMSY,2026-02-21,83.0,NBM
KMSY,2026-02-22,75.1,NBM
KMSY,2026-02-23,57.5,NBM
KMSY,2026-02-24,62.9,NBM
KMSY,2026-02-25,73.7,NBM
KOKC,2026-02-12,71.6,OBS
KOKC,2026-02-13,76.0,OBS
KOKC,2026-02-14,71.8,OBS
KOKC,2026-02-15,66.1,OBS
KOKC,2026-02-16,72.4,OBS
KOKC,2026-02-17,73.8,OBS
KOKC,2026-02-18,73.0,OBS
KOKC,2026-02-19,68.2,OBS
KOKC,2026-02-20,50.2,OBS
KOKC,2026-02-21,49.4,OBS
KOKC,2026-02-22,47.8,OBS
KOKC,2026-02-23,53.9,OBS
KOKC,2026-02-24,71.5,OBS
KOKC,2026-02-25,74.4,OBS
KOKC,2026-02-12,72.1,GFS
KOKC,2026-02-13,75.4,GFS
KOKC,2026-02-14,70.9,GFS
KOKC,2026-02-15,68.0,GFS
KOKC,2026-02-16,73.4,GFS
KOKC,2026-02-17,73.5,GFS
KOKC,2026-02-18,73.2,GFS
KOKC,2026-02-19,69.9,GFS
KOKC,2026-02-20,51.6,GFS
KOKC,2026-02-21,49.5,GFS
KOKC,2026-02-22,48.8,GFS
KOKC,2026-02-23,54.8,GFS
KOKC,2026-02-24,71.0,GFS
KOKC,2026-02-25,74.1,GFS
KOKC,2026-02-12,70.9,ECMWF
KOKC,2026-02-13,75.0,ECMWF
KOKC,2026-02-14,72.3,ECMWF
KOKC,2026-02-15,65.1,ECMWF
KOKC,2026-02-16,71.2,ECMWF
KOKC,2026-02-17,72.6,ECMWF
KOKC,2026-02-18,72.4,ECMWF
KOKC,2026-02-19,68.2,ECMWF
KOKC,2026-02-20,49.0,ECMWF
KOKC,2026-02-21,48.8,ECMWF
KOKC,2026-02-22,47.1,ECMWF
KOKC,2026-02-23,52.8,ECMWF
KOKC,2026-02-24,70.2,ECMWF
KOKC,2026-02-25,73.2,ECMWF
KOKC,2026-02-12,70.7,NBM
KOKC,2026-02-13,75.4,NBM
KOKC,2026-02-14,70.7,NBM
KOKC,2026-02-15,66.2,NBM
KOKC,2026-02-16,71.9,NBM
KOKC,2026-02-17,75.3,NBM
KOKC,2026-02-18,73.1,NBM
KOKC,2026-02-19,67.1,NBM
KOKC,2026-02-20,53.9,NBM
KOKC,2026-02-21,48.9,NBM
KOKC,2026-02-22,48.3,NBM
KOKC,2026-02-23,53.2,NBM
KOKC,2026-02-24,70.3,NBM
KOKC,2026-02-25,74.4,NBM
KORD,2021-08-20,84.9,OBS
KORD,2021-08-21,86.8,OBS
KORD,2021-08-22,79.8,OBS
KORD,2021-08-23,88.3,OBS
KORD,2021-08-24,88.7,OBS
KORD,2021-08-25,92.3,OBS
KORD,2021-08-26,87.9,OBS
KORD,2021-08-27,90.3,OBS
KORD,2021-08-28,90.6,OBS
KORD,2021-08-29,87.2,OBS
KORD,2021-08-30,84.4,OBS
KORD,2021-08-31,81.1,OBS
KORD,2021-09-01,74.8,OBS
KORD,2021-09-02,77.2,OBS
KORD,2021-09-03,76.7,OBS
KORD,2021-09-04,77.3,OBS
KORD,2021-09-05,81.2,OBS
KORD,2021-09-06,80.4,OBS
KORD,2021-09-07,86.2,OBS
KORD,2021-09-08,76.7,OBS
KORD,2021-09-09,73.5,OBS
KORD,2021-09-10,78.3,OBS
KORD,2021-09-11,86.9,OBS
KORD,2021-09-12,89.5,OBS
KORD,2021-09-13,86.2,OBS
KORD,2021-09-14,86.5,OBS
KORD,2021-09-15,75.2,OBS
KORD,2021-09-16,80.5,OBS
KORD,2021-09-17,87.2,OBS
KORD,2021-09-18,76.5,OBS
KORD,2021-09-19,86.5,OBS
KORD,2021-09-20,81.4,OBS
KORD,2021-09-22,62.9,OBS
KORD,2021-09-23,66.6,OBS
KORD,2021-09-24,75.8,OBS
KORD,2021-09-25,73.3,OBS
KORD,2021-09-26,79.8,OBS
KORD,2021-09-27,85.4,OBS
KORD,2021-09-28,71.1,OBS
KORD,2021-09-29,78.1,OBS
KORD,2021-09-30,77.5,OBS
KORD,2021-10-01,85.2,OBS
KORD,2021-10-02,76.2,OBS
KORD,2021-10-03,74.1,OBS
KORD,2021-10-04,68.9,OBS
KORD,2021-10-05,65.1,OBS
KORD,2021-10-06,68.3,OBS
KORD,2021-10-07,73.4,OBS
KORD,2021-10-08,73.3,OBS
KORD,2021-10-09,78.1,OBS
KORD,2021-10-10,77.9,OBS
KORD,2021-10-11,74.8,OBS
KORD,2021-10-12,70.5,OBS
KORD,2021-10-13,71.7,OBS
KORD,2021-10-14,68.9,OBS
KORD,2021-10-15,60.5,OBS
KORD,2021-10-16,57.8,OBS
KORD,2021-10-17,63.7,OBS
KORD,2021-10-18,68.8,OBS
KORD,2021-10-19,68.2,OBS
KORD,2021-10-20,70.2,OBS
KORD,2021-10-21,66.9,OBS
KORD,2021-10-22,55.6,OBS
KORD,2021-10-23,54.2,OBS
KORD,2021-10-24,48.9,OBS
KORD,2021-10-25,51.2,OBS
KORD,2021-10-26,55.6,OBS
KORD,2021-10-27,53.9,OBS
KORD,2021-10-28,54.8,OBS
KORD,2021-10-29,54.3,OBS
KORD,2021-10-30,58.8,OBS
KORD,2021-10-31,52.6,OBS
KORD,2021-11-01,47.7,OBS
KORD,2021-11-02,44.9,OBS
KORD,2021-11-03,43.7,OBS
KORD,2021-11-04,46.3,OBS
KORD,2021-11-05,50.3,OBS
KORD,2021-11-06,55.9,OBS
KORD,2021-11-07,62.2,OBS
KORD,2021-11-08,63.1,OBS
KORD,2021-11-09,56.3,OBS
KORD,2021-11-10,55.0,OBS
KORD,2021-11-11,55.0,OBS
KORD,2021-11-12,47.5,OBS
KORD,2021-11-13,40.5,OBS
KORD,2021-11-14,37.6,OBS
KORD,2021-11-15,34.0,OBS
KORD,2021-11-16,47.4,OBS
KORD,2021-11-17,60.5,OBS
KORD,2021-11-18,46.9,OBS
KORD,2021-11-19,37.8,OBS
KORD,2021-11-20,47.2,OBS
KORD,2021-11-21,52.7,OBS
KORD,2021-11-22,41.5,OBS
KORD,2021-11-23,42.1,OBS
KORD,2021-11-24,50.2,OBS
KORD,2021-11-25,49.9,OBS
KORD,2021-11-26,31.7,OBS
KORD,2021-11-27,39.0,OBS
KORD,2021-11-29,39.4,OBS
KORD,2021-11-30,48.0,OBS
KORD,2021-12-01,50.8,OBS
KORD,2021-12-02,55.3,OBS
KORD,2021-12-03,48.3,OBS
KORD,2021-12-04,39.6,OBS
KORD,2021-12-05,45.1,OBS
KORD,2021-12-06,40.1,OBS
KORD,2021-12-07,25.3,OBS
KORD,2021-12-08,33.4,OBS
KORD,2021-12-09,43.9,OBS
KORD,2021-12-10,45.1,OBS
KORD,2021-12-11,58.2,OBS
KORD,2021-12-12,47.3,OBS
KORD,2021-12-13,48.5,OBS
KORD,2021-12-14,50.5,OBS
KORD,2021-12-15,65.4,OBS
KORD,2021-12-16,63.1,OBS
KORD,2021-12-17,35.7,OBS
KORD,2021-12-18,38.1,OBS
KORD,2021-12-19,35.6,OBS
KORD,2021-12-20,40.6,OBS
KORD,2021-12-21,39.6,OBS
KORD,2021-12-22,32.8,OBS
KORD,2021-12-23,45.5,OBS
KORD,2021-12-24,56.9,OBS
KORD,2021-12-25,53.9,OBS
KORD,2021-12-26,41.5,OBS
KORD,2021-12-29,35.6,OBS
KORD,2021-12-30,38.8,OBS
KORD,2021-12-31,42.1,OBS
KORD,2022-01-01,39.5,OBS
KORD,2022-01-02,29.4,OBS
KORD,2022-01-03,19.4,OBS
KORD,2022-01-04,33.3,OBS
KORD,2022-01-05,30.3,OBS
KORD,2022-01-06,12.4,OBS
KORD,2022-01-07,11.2,OBS
KORD,2022-01-08,29.2,OBS
KORD,2022-01-09,33.6,OBS
KORD,2022-01-10,13.6,OBS
KORD,2022-01-11,34.2,OBS
KORD,2022-01-12,38.6,OBS
KORD,2022-01-13,41.1,OBS
KORD,2022-01-14,33.5,OBS
KORD,2022-01-15,28.7,OBS
KORD,2022-01-16,29.4,OBS
KORD,2022-01-17,28.9,OBS
KORD,2022-01-18,43.1,OBS
KORD,2022-01-19,40.2,OBS
KORD,2022-01-20,18.5,OBS
KORD,2022-01-21,25.2,OBS
KORD,2022-01-22,32.7,OBS
KORD,2022-01-23,24.4,OBS
KORD,2022-01-24,27.2,OBS
KORD,2022-01-25,12.5,OBS
KORD,2022-01-26,8.5,OBS
KORD,2022-01-27,30.2,OBS
KORD,2022-01-28,27.0,OBS
KORD,2022-01-29,20.7,OBS
KORD,2022-01-30,29.3,OBS
KORD,2022-01-31,31.4,OBS
KORD,2022-02-01,45.2,OBS
KORD,2022-02-02,37.5,OBS
KORD,2022-02-03,22.5,OBS
KORD,2022-02-04,22.5,OBS
KORD,2022-02-05,17.8,OBS
KORD,2022-02-06,31.2,OBS
KORD,2022-02-07,26.8,OBS
KORD,2022-02-08,36.0,OBS
KORD,2022-02-09,40.5,OBS
KORD,2022-02-10,35.5,OBS
KORD,2022-02-11,45.4,OBS
KORD,2022-02-12,32.4,OBS
KORD,2022-02-13,20.0,OBS
KORD,2022-02-14,28.9,OBS
KORD,2022-02-15,38.0,OBS
KORD,2022-02-16,56.6,OBS
KORD,2022-02-17,49.6,OBS
KORD,2022-02-18,30.1,OBS
KORD,2022-02-19,30.6,OBS
KORD,2022-02-20,53.2,OBS
KORD,2022-02-21,45.8,OBS
KORD,2022-02-22,51.0,OBS
KORD,2022-02-23,26.8,OBS
KORD,2022-02-24,27.0,OBS
KORD,2022-02-25,28.6,OBS
KORD,2022-02-26,35.2,OBS
KORD,2022-02-27,43.5,OBS
KORD,2022-02-28,53.8,OBS
KORD,2022-03-01,49.5,OBS
KORD,2022-03-02,54.4,OBS
KORD,2022-03-03,43.6,OBS
KORD,2022-03-04,39.9,OBS
KORD,2022-03-05,67.1,OBS
KORD,2022-03-06,64.0,OBS
KORD,2022-03-07,36.9,OBS
KORD,2022-03-08,38.4,OBS
KORD,2022-03-09,41.9,OBS
KORD,2022-03-10,31.4,OBS
KORD,2022-03-11,36.0,OBS
KORD,2022-03-12,24.4,OBS
KORD,2022-03-13,52.3,OBS
KORD,2022-03-14,59.8,OBS
KORD,2022-03-15,51.3,OBS
KORD,2022-03-16,66.4,OBS
KORD,2022-03-17,68.7,OBS
KORD,2022-03-18,48.6,OBS
KORD,2022-03-19,39.7,OBS
KORD,2022-03-20,60.9,OBS
KORD,2022-03-21,69.6,OBS
KORD,2022-03-22,60.3,OBS
KORD,2022-03-23,61.4,OBS
KORD,2022-03-24,50.4,OBS
KORD,2022-03-25,48.3,OBS
KORD,2022-03-26,39.2,OBS
KORD,2022-03-27,35.5,OBS
KORD,2022-03-28,32.2,OBS
KORD,2022-03-29,41.0,OBS
KORD,2022-03-30,57.7,OBS
KORD,2022-03-31,57.7,OBS
KORD,2022-04-01,44.8,OBS
KORD,2022-04-02,40.7,OBS
KORD,2022-04-03,49.9,OBS
KORD,2022-04-04,53.3,OBS
KORD,2022-04-05,51.4,OBS
KORD,2022-04-06,56.4,OBS
KORD,2022-04-07,49.2,OBS
KORD,2022-04-08,40.1,OBS
KORD,2022-04-09,47.8,OBS
KORD,2022-04-10,59.5,OBS
KORD,2022-04-11,58.6,OBS
KORD,2022-04-12,67.6,OBS
KORD,2022-04-13,71.5,OBS
KORD,2022-04-14,56.1,OBS
KORD,2022-04-15,52.3,OBS
KORD,2022-04-16,46.7,OBS
KORD,2022-04-17,41.3,OBS
KORD,2022-04-18,44.1,OBS
KORD,2022-04-19,51.0,OBS
KORD,2022-04-20,51.7,OBS
KORD,2022-04-21,66.6,OBS
KORD,2022-04-22,60.3,OBS
KORD,2022-04-23,79.8,OBS
KORD,2022-04-24,75.7,OBS
KORD,2022-04-25,66.6,OBS
KORD,2022-04-26,51.0,OBS
KORD,2022-04-27,47.2,OBS
KORD,2022-04-28,48.7,OBS
KORD,2022-04-29,61.1,OBS
KORD,2022-04-30,70.8,OBS
KORD,2022-05-01,63.7,OBS
KORD,2022-05-02,59.6,OBS
KORD,2022-05-03,52.2,OBS
KORD,2022-05-04,52.7,OBS
KORD,2022-05-05,54.1,OBS
KORD,2022-05-06,48.2,OBS
KORD,2022-05-07,60.0,OBS
KORD,2022-05-08,64.1,OBS
KORD,2022-05-09,76.5,OBS
KORD,2022-05-10,85.5,OBS
KORD,2022-05-11,81.2,OBS
KORD,2022-05-12,87.0,OBS
KORD,2022-05-13,85.6,OBS
KORD,2022-05-14,83.3,OBS
KORD,2022-05-15,75.4,OBS
KORD,2022-05-16,73.2,OBS
KORD,2022-05-17,70.8,OBS
KORD,2022-05-18,64.7,OBS
KORD,2022-05-19,82.1,OBS
KORD,2022-05-20,86.0,OBS
KORD,2022-05-21,70.0,OBS
KORD,2022-05-22,64.0,OBS
KORD,2022-05-23,57.9,OBS
KORD,2022-05-24,62.2,OBS
KORD,2022-05-25,76.5,OBS
KORD,2022-05-26,74.5,OBS
KORD,2022-05-27,71.4,OBS
KORD,2022-05-28,73.6,OBS
KORD,2022-05-29,81.2,OBS
KORD,2022-05-30,84.2,OBS
KORD,2022-05-31,82.4,OBS
KORD,2022-06-01,74.4,OBS
KORD,2022-06-02,75.9,OBS
KORD,2022-06-03,77.6,OBS
KORD,2022-06-04,72.1,OBS
KORD,2022-06-05,72.8,OBS
KORD,2022-06-06,80.7,OBS
KORD,2022-06-07,71.2,OBS
KORD,2022-06-08,67.3,OBS
KORD,2022-06-09,76.6,OBS
KORD,2022-06-10,75.2,OBS
KORD,2022-06-11,72.1,OBS
KORD,2022-06-12,71.2,OBS
KORD,2022-06-13,84.1,OBS
KORD,2022-06-14,93.8,OBS
KORD,2022-06-15,93.0,OBS
KORD,2022-06-16,91.0,OBS
KORD,2022-06-17,86.4,OBS
KORD,2022-06-18,76.2,OBS
KORD,2022-06-19,83.0,OBS
KORD,2022-06-20,91.3,OBS
KORD,2022-06-21,96.6,OBS
KORD,2022-06-22,93.7,OBS
KORD,2022-06-23,84.3,OBS
KORD,2022-06-24,90.8,OBS
KORD,2022-06-25,83.1,OBS
KORD,2022-06-26,80.3,OBS
KORD,2022-06-27,77.5,OBS
KORD,2022-06-28,83.6,OBS
KORD,2022-06-29,84.6,OBS
KORD,2022-06-30,90.9,OBS
KORD,2022-07-01,85.8,OBS
KORD,2022-07-02,82.8,OBS
KORD,2022-07-03,83.5,OBS
KORD,2022-07-04,87.4,OBS
KORD,2022-07-05,92.8,OBS
KORD,2022-07-06,78.3,OBS
KORD,2022-07-07,82.4,OBS
KORD,2022-07-08,77.7,OBS
KORD,2022-07-09,73.5,OBS
KORD,2022-07-10,83.8,OBS
KORD,2022-07-11,86.0,OBS
KORD,2022-07-12,84.8,OBS
KORD,2022-07-13,80.0,OBS
KORD,2022-07-14,76.6,OBS
KORD,2022-07-15,76.6,OBS
KORD,2022-07-16,74.4,OBS
KORD,2022-07-17,77.5,OBS
KORD,2022-07-18,89.0,OBS
KORD,2022-07-19,86.6,OBS
KORD,2022-07-20,88.8,OBS
KORD,2022-07-21,86.7,OBS
KORD,2022-07-22,87.3,OBS
KORD,2022-07-23,86.1,OBS
KORD,2022-07-24,86.1,OBS
KORD,2022-07-25,81.1,OBS
KORD,2022-07-26,80.5,OBS
KORD,2022-07-27,83.4,OBS
KORD,2022-07-28,80.6,OBS
KORD,2022-07-29,78.6,OBS
KORD,2022-07-30,80.9,OBS
KORD,2022-07-31,83.7,OBS
KORD,2022-08-01,86.6,OBS
KORD,2022-08-02,89.9,OBS
KORD,2022-08-03,90.5,OBS
KORD,2022-08-04,81.3,OBS
KORD,2022-08-05,83.4,OBS
KORD,2022-08-06,90.7,OBS
KORD,2022-08-07,84.7,OBS
KORD,2022-08-08,84.6,OBS
KORD,2022-08-09,72.5,OBS
KORD,2022-08-10,83.8,OBS
KORD,2022-08-11,78.3,OBS
KORD,2022-08-12,74.8,OBS
KORD,2022-08-13,79.7,OBS
KORD,2022-08-14,75.6,OBS
KORD,2022-08-15,74.6,OBS
KORD,2022-08-16,75.9,OBS
KORD,2022-08-17,77.7,OBS
KORD,2022-08-18,81.8,OBS
KORD,2022-08-19,83.2,OBS
KORD,2022-08-20,79.8,OBS
KORD,2022-08-21,74.7,OBS
KORD,2022-08-22,79.2,OBS
KORD,2022-08-23,82.1,OBS
KORD,2022-08-24,82.8,OBS
KORD,2022-08-25,83.1,OBS
KORD,2022-08-26,74.0,OBS
KORD,2022-08-27,80.1,OBS
KORD,2022-08-28,87.5,OBS
KORD,2022-08-29,88.7,OBS
KORD,2022-08-30,79.8,OBS
KORD,2022-08-31,83.9,OBS
KORD,2022-09-01,86.0,OBS
KORD,2022-09-02,86.1,OBS
KORD,2022-09-03,83.0,OBS
KORD,2022-09-04,72.8,OBS
KORD,2022-09-05,69.6,OBS
KORD,2022-09-06,76.6,OBS
KORD,2022-09-07,77.5,OBS
KORD,2022-09-08,81.1,OBS
KORD,2022-09-09,82.2,OBS
KORD,2022-09-10,83.3,OBS
KORD,2022-09-11,77.8,OBS
KORD,2022-09-12,65.6,OBS
KORD,2022-09-13,77.4,OBS
KORD,2022-09-14,77.7,OBS
KORD,2022-09-15,80.0,OBS
KORD,2022-09-16,81.9,OBS
KORD,2022-09-17,85.1,OBS
KORD,2022-09-18,83.8,OBS
KORD,2022-09-19,76.3,OBS
KORD,2022-09-20,87.3,OBS
KORD,2022-09-21,83.0,OBS
KORD,2022-09-22,71.3,OBS
KORD,2022-09-23,63.3,OBS
KORD,2022-09-24,70.1,OBS
KORD,2022-09-25,67.6,OBS
KORD,2022-09-26,62.3,OBS
KORD,2022-09-27,57.5,OBS
KORD,2022-09-28,58.0,OBS
KORD,2022-09-29,60.3,OBS
KORD,2022-09-30,63.4,OBS
KORD,2022-10-01,65.7,OBS
KORD,2022-10-02,62.1,OBS
KORD,2022-10-03,64.8,OBS
KORD,2022-10-04,71.2,OBS
KORD,2022-10-05,73.0,OBS
KORD,2022-10-06,73.7,OBS
KORD,2022-10-07,56.7,OBS
KORD,2022-10-08,55.5,OBS
KORD,2022-10-09,65.5,OBS
KORD,2022-10-10,70.2,OBS
KORD,2022-10-11,71.9,OBS
KORD,2022-10-12,68.7,OBS
KORD,2022-10-13,53.2,OBS
KORD,2022-10-14,58.4,OBS
KORD,2022-10-15,52.2,OBS
KORD,2022-10-16,53.5,OBS
KORD,2022-10-17,47.4,OBS
KORD,2022-10-18,45.7,OBS
KORD,2022-10-19,45.9,OBS
KORD,2022-10-20,57.9,OBS
KORD,2022-10-21,70.8,OBS
KORD,2022-10-22,75.9,OBS
KORD,2022-10-23,74.7,OBS
KORD,2022-10-24,73.8,OBS
KORD,2022-10-25,71.2,OBS
KORD,2022-10-26,53.6,OBS
KORD,2022-10-27,50.9,OBS
KORD,2022-10-28,56.9,OBS
KORD,2022-10-29,61.7,OBS
KORD,2022-10-30,60.8,OBS
KORD,2022-10-31,57.8,OBS
KORD,2022-11-01,65.9,OBS
KORD,2022-11-02,68.8,OBS
KORD,2022-11-03,70.3,OBS
KORD,2022-11-04,70.0,OBS
KORD,2022-11-05,70.2,OBS
KORD,2022-11-06,60.4,OBS
KORD,2022-11-07,52.2,OBS
KORD,2022-11-08,50.7,OBS
KORD,2022-11-09,68.4,OBS
KORD,2022-11-10,72.3,OBS
KORD,2022-11-11,65.1,OBS
KORD,2022-11-12,37.7,OBS
KORD,2022-11-13,37.0,OBS
KORD,2022-11-14,39.9,OBS
KORD,2022-11-15,36.0,OBS
KORD,2022-11-16,35.7,OBS
KORD,2022-11-17,34.8,OBS
KORD,2022-11-18,29.8,OBS
KORD,2022-11-19,29.8,OBS
KORD,2022-11-20,32.9,OBS
KORD,2022-11-21,45.1,OBS
KORD,2022-11-22,48.8,OBS
KORD,2022-11-23,52.3,OBS
KORD,2022-11-24,52.4,OBS
KORD,2022-11-25,50.1,OBS
KORD,2022-11-26,52.1,OBS
KORD,2022-11-27,44.2,OBS
KORD,2022-11-28,46.5,OBS
KORD,2022-11-29,57.8,OBS
KORD,2022-11-30,54.4,OBS
KORD,2022-12-01,35.2,OBS
KORD,2022-12-02,50.7,OBS
KORD,2022-12-03,50.2,OBS
KORD,2022-12-04,37.8,OBS
KORD,2022-12-05,42.2,OBS
KORD,2022-12-06,43.7,OBS
KORD,2022-12-07,45.1,OBS
KORD,2022-12-08,41.6,OBS
KORD,2022-12-09,36.0,OBS
KORD,2022-12-10,39.3,OBS
KORD,2022-12-11,39.6,OBS
KORD,2022-12-12,42.0,OBS
KORD,2022-12-13,38.0,OBS
KORD,2022-12-14,45.6,OBS
KORD,2022-12-15,39.8,OBS
KORD,2022-12-16,32.3,OBS
KORD,2022-12-17,27.0,OBS
KORD,2022-12-18,23.5,OBS
KORD,2022-12-19,26.6,OBS
KORD,2022-12-20,36.0,OBS
KORD,2022-12-21,29.9,OBS
KORD,2022-12-22,34.0,OBS
KORD,2022-12-23,3.8,OBS
KORD,2022-12-24,14.8,OBS
KORD,2022-12-25,14.2,OBS
KORD,2022-12-26,23.8,OBS
KORD,2022-12-27,26.4,OBS
KORD,2022-12-28,45.4,OBS
KORD,2022-12-29,56.8,OBS
KORD,2022-12-30,54.1,OBS
KORD,2022-12-31,38.0,OBS
KORD,2023-01-01,47.6,OBS
KORD,2023-01-02,41.8,OBS
KORD,2023-01-03,49.0,OBS
KORD,2023-01-04,48.8,OBS
KORD,2023-01-05,33.4,OBS
KORD,2023-01-06,33.2,OBS
KORD,2023-01-07,33.2,OBS
KORD,2023-01-08,34.6,OBS
KORD,2023-01-09,42.7,OBS
KORD,2023-01-10,46.0,OBS
KORD,2023-01-11,52.4,OBS
KORD,2023-01-12,45.0,OBS
KORD,2023-01-13,36.0,OBS
KORD,2023-01-14,32.6,OBS
KORD,2023-01-15,42.6,OBS
KORD,2023-01-16,45.9,OBS
KORD,2023-01-17,48.4,OBS
KORD,2023-01-18,39.7,OBS
KORD,2023-01-19,40.4,OBS
KORD,2023-01-20,36.1,OBS
KORD,2023-01-21,36.0,OBS
KORD,2023-01-22,34.6,OBS
KORD,2023-01-23,30.9,OBS
KORD,2023-01-24,37.8,OBS
KORD,2023-01-25,34.4,OBS
KORD,2023-01-26,32.3,OBS
KORD,2023-01-27,37.0,OBS
KORD,2023-01-28,32.4,OBS
KORD,2023-01-29,29.8,OBS
KORD,2023-01-30,23.1,OBS
KORD,2023-01-31,11.2,OBS
KORD,2023-02-01,26.8,OBS
KORD,2023-02-02,31.2,OBS
KORD,2023-02-03,21.6,OBS
KORD,2023-02-04,40.2,OBS
KORD,2023-02-05,42.1,OBS
KORD,2023-02-06,42.8,OBS
KORD,2023-02-07,50.5,OBS
KORD,2023-02-08,44.5,OBS
KORD,2023-02-09,42.3,OBS
KORD,2023-02-10,36.3,OBS
KORD,2023-02-11,44.9,OBS
KORD,2023-02-12,49.7,OBS
KORD,2023-02-13,49.3,OBS
KORD,2023-02-14,54.6,OBS
KORD,2023-02-15,51.3,OBS
KORD,2023-02-16,35.2,OBS
KORD,2023-02-17,30.3,OBS
KORD,2023-02-18,44.6,OBS
KORD,2023-02-19,50.4,OBS
KORD,2023-02-20,44.0,OBS
KORD,2023-02-21,39.0,OBS
KORD,2023-02-22,33.3,OBS
KORD,2023-02-23,41.5,OBS
KORD,2023-02-24,29.6,OBS
KORD,2023-02-25,39.0,OBS
KORD,2023-02-26,49.5,OBS
KORD,2023-02-27,58.8,OBS
KORD,2023-02-28,51.2,OBS
KORD,2023-03-01,56.8,OBS
KORD,2023-03-02,47.1,OBS
KORD,2023-03-03,37.5,OBS
KORD,2023-03-04,49.6,OBS
KORD,2023-03-05,46.9,OBS
KORD,2023-03-06,57.6,OBS
KORD,2023-03-07,42.3,OBS
KORD,2023-03-08,42.0,OBS
KORD,2023-03-09,39.2,OBS
KORD,2023-03-10,35.9,OBS
KORD,2023-03-11,39.7,OBS
KORD,2023-03-12,38.0,OBS
KORD,2023-03-13,33.2,OBS
KORD,2023-03-14,36.8,OBS
KORD,2023-03-15,49.1,OBS
KORD,2023-03-16,51.6,OBS
KORD,2023-03-17,47.9,OBS
KORD,2023-03-18,29.1,OBS
KORD,2023-03-19,41.3,OBS
KORD,2023-03-20,48.7,OBS
KORD,2023-03-21,52.7,OBS
KORD,2023-03-22,56.0,OBS
KORD,2023-03-23,47.5,OBS
KORD,2023-03-24,43.1,OBS
KORD,2023-03-25,42.3,OBS
KORD,2023-03-26,48.0,OBS
KORD,2023-03-27,44.0,OBS
KORD,2023-03-28,49.6,OBS
KORD,2023-03-29,42.7,OBS
KORD,2023-03-30,49.4,OBS
KORD,2023-03-31,69.0,OBS
KORD,2023-04-01,60.9,OBS
KORD,2023-04-02,53.5,OBS
KORD,2023-04-03,58.6,OBS
KORD,2023-04-04,71.2,OBS
KORD,2023-04-05,70.2,OBS
KORD,2023-04-06,51.0,OBS
KORD,2023-04-07,47.2,OBS
KORD,2023-04-08,60.5,OBS
KORD,2023-04-09,64.9,OBS
KORD,2023-04-10,67.1,OBS
KORD,2023-04-11,72.8,OBS
KORD,2023-04-12,75.9,OBS
KORD,2023-04-13,76.8,OBS
KORD,2023-04-14,79.7,OBS
KORD,2023-04-15,78.3,OBS
KORD,2023-04-16,72.9,OBS
KORD,2023-04-17,41.1,OBS
KORD,2023-04-18,54.9,OBS
KORD,2023-04-19,61.9,OBS
KORD,2023-04-20,78.3,OBS
KORD,2023-04-21,63.3,OBS
KORD,2023-04-22,52.7,OBS
KORD,2023-04-23,43.1,OBS
KORD,2023-04-24,51.5,OBS
KORD,2023-04-25,46.0,OBS
KORD,2023-04-26,48.0,OBS
KORD,2023-04-27,63.9,OBS
KORD,2023-04-28,57.2,OBS
KORD,2023-04-29,57.5,OBS
KORD,2023-04-30,51.2,OBS
KORD,2023-05-01,44.9,OBS
KORD,2023-05-02,52.8,OBS
KORD,2023-05-03,56.0,OBS
KORD,2023-05-04,69.3,OBS
KORD,2023-05-05,76.1,OBS
KORD,2023-05-06,78.6,OBS
KORD,2023-05-07,81.1,OBS
KORD,2023-05-08,58.1,OBS
KORD,2023-05-09,66.1,OBS
KORD,2023-05-10,74.8,OBS
KORD,2023-05-11,79.5,OBS
KORD,2023-05-12,73.7,OBS
KORD,2023-05-13,65.2,OBS
KORD,2023-05-14,59.2,OBS
KORD,2023-05-15,62.2,OBS
KORD,2023-05-16,77.1,OBS
KORD,2023-05-17,58.8,OBS
KORD,2023-05-18,71.4,OBS
KORD,2023-05-19,73.7,OBS
KORD,2023-05-20,66.5,OBS
KORD,2023-05-21,77.2,OBS
KORD,2023-05-22,79.2,OBS
KORD,2023-05-23,83.0,OBS
KORD,2023-05-24,73.8,OBS
KORD,2023-05-25,58.5,OBS
KORD,2023-05-26,66.5,OBS
KORD,2023-05-27,71.1,OBS
KORD,2023-05-28,77.5,OBS
KORD,2023-05-29,80.9,OBS
KORD,2023-05-30,85.9,OBS
KORD,2023-05-31,90.6,OBS
KORD,2023-06-01,89.4,OBS
KORD,2023-06-02,87.8,OBS
KORD,2023-06-03,85.2,OBS
KORD,2023-06-04,77.6,OBS
KORD,2023-06-05,81.3,OBS
KORD,2023-06-06,76.0,OBS
KORD,2023-06-07,70.7,OBS
KORD,2023-06-08,71.1,OBS
KORD,2023-06-09,79.0,OBS
KORD,2023-06-10,84.8,OBS
KORD,2023-06-11,78.4,OBS
KORD,2023-06-12,68.3,OBS
KORD,2023-06-13,66.9,OBS
KORD,2023-06-14,73.3,OBS
KORD,2023-06-15,81.2,OBS
KORD,2023-06-16,66.4,OBS
KORD,2023-06-17,77.4,OBS
KORD,2023-06-18,82.9,OBS
KORD,2023-06-19,81.9,OBS
KORD,2023-06-20,78.8,OBS
KORD,2023-06-21,84.1,OBS
KORD,2023-06-22,81.8,OBS
KORD,2023-06-23,82.8,OBS
KORD,2023-06-24,89.7,OBS
KORD,2023-06-25,83.9,OBS
KORD,2023-06-26,77.0,OBS
KORD,2023-06-27,75.5,OBS
KORD,2023-06-28,82.9,OBS
KORD,2023-06-29,88.2,OBS
KORD,2023-06-30,92.5,OBS
KORD,2023-07-01,82.5,OBS
KORD,2023-07-02,74.3,OBS
KORD,2023-07-03,82.4,OBS
KORD,2023-07-04,89.1,OBS
KORD,2023-07-05,90.3,OBS
KORD,2023-07-06,78.2,OBS
KORD,2023-07-07,77.8,OBS
KORD,2023-07-08,73.1,OBS
KORD,2023-07-09,81.9,OBS
KORD,2023-07-10,85.1,OBS
KORD,2023-07-11,84.3,OBS
KORD,2023-07-12,78.9,OBS
KORD,2023-07-13,76.6,OBS
KORD,2023-07-14,86.4,OBS
KORD,2023-07-15,84.9,OBS
KORD,2023-07-16,81.9,OBS
KORD,2023-07-17,79.6,OBS
KORD,2023-07-18,77.7,OBS
KORD,2023-07-19,83.0,OBS
KORD,2023-07-20,85.2,OBS
KORD,2023-07-21,77.9,OBS
KORD,2023-07-22,83.1,OBS
KORD,2023-07-23,84.4,OBS
KORD,2023-07-24,86.1,OBS
KORD,2023-07-25,90.0,OBS
KORD,2023-07-26,89.5,OBS
KORD,2023-07-27,87.8,OBS
KORD,2023-07-28,91.5,OBS
KORD,2023-07-29,78.5,OBS
KORD,2023-07-30,76.6,OBS
KORD,2023-07-31,80.9,OBS
KORD,2023-08-01,82.9,OBS
KORD,2023-08-02,83.5,OBS
KORD,2023-08-03,86.4,OBS
KORD,2023-08-04,83.4,OBS
KORD,2023-08-05,73.9,OBS
KORD,2023-08-06,72.3,OBS
KORD,2023-08-07,75.9,OBS
KORD,2023-08-08,83.2,OBS
KORD,2023-08-09,80.7,OBS
KORD,2023-08-10,83.6,OBS
KORD,2023-08-11,82.1,OBS
KORD,2023-08-12,84.1,OBS
KORD,2023-08-13,80.6,OBS
KORD,2023-08-14,73.7,OBS
KORD,2023-08-15,73.8,OBS
KORD,2023-08-16,80.0,OBS
KORD,2023-08-17,78.3,OBS
KORD,2023-08-18,77.0,OBS
KORD,2023-08-19,81.2,OBS
KORD,2023-08-20,87.4,OBS
KORD,2023-08-21,77.7,OBS
KORD,2023-08-22,86.6,OBS
KORD,2023-08-23,98.4,OBS
KORD,2023-08-24,99.1,OBS
KORD,2023-08-25,81.6,OBS
KORD,2023-08-26,77.7,OBS
KORD,2023-08-27,71.9,OBS
KORD,2023-08-28,77.3,OBS
KORD,2023-08-29,83.1,OBS
KORD,2023-08-30,67.9,OBS
KORD,2023-08-31,74.5,OBS
KORD,2023-09-01,82.4,OBS
KORD,2023-09-02,88.2,OBS
KORD,2023-09-03,93.7,OBS
KORD,2023-09-04,92.8,OBS
KORD,2023-09-05,90.1,OBS
KORD,2023-09-06,83.8,OBS
KORD,2023-09-07,71.9,OBS
KORD,2023-09-08,66.6,OBS
KORD,2023-09-09,72.0,OBS
KORD,2023-09-10,79.8,OBS
KORD,2023-09-11,73.7,OBS
KORD,2023-09-12,69.6,OBS
KORD,2023-09-13,66.1,OBS
KORD,2023-09-14,69.5,OBS
KORD,2023-09-15,75.4,OBS
KORD,2023-09-16,66.4,OBS
KORD,2023-09-17,65.3,OBS
KORD,2023-09-18,67.9,OBS
KORD,2023-09-19,66.2,OBS
KORD,2023-09-20,78.6,OBS
KORD,2023-09-21,75.2,OBS
KORD,2023-09-22,75.2,OBS
KORD,2023-09-23,74.8,OBS
KORD,2023-09-24,74.0,OBS
KORD,2023-09-25,73.1,OBS
KORD,2023-09-26,72.7,OBS
KORD,2023-09-27,69.2,OBS
KORD,2023-09-28,69.6,OBS
KORD,2023-09-29,73.8,OBS
KORD,2023-09-30,80.3,OBS
KORD,2023-10-01,81.2,OBS
KORD,2023-10-02,82.4,OBS
KORD,2023-10-03,82.5,OBS
KORD,2023-10-04,81.9,OBS
KORD,2023-10-05,74.3,OBS
KORD,2023-10-06,64.5,OBS
KORD,2023-10-07,56.7,OBS
KORD,2023-10-08,54.0,OBS
KORD,2023-10-09,54.5,OBS
KORD,2023-10-10,59.2,OBS
KORD,2023-10-11,62.8,OBS
KORD,2023-10-12,58.5,OBS
KORD,2023-10-13,57.2,OBS
KORD,2023-10-14,55.0,OBS
KORD,2023-10-15,57.9,OBS
KORD,2023-10-16,55.2,OBS
KORD,2023-10-17,60.1,OBS
KORD,2023-10-18,64.8,OBS
KORD,2023-10-19,62.3,OBS
KORD,2023-10-20,58.3,OBS
KORD,2023-10-21,63.8,OBS
KORD,2023-10-22,55.6,OBS
KORD,2023-10-23,62.2,OBS
KORD,2023-10-24,76.6,OBS
KORD,2023-10-25,71.1,OBS
KORD,2023-10-26,67.5,OBS
KORD,2023-10-27,69.8,OBS
KORD,2023-10-28,57.9,OBS
KORD,2023-10-29,46.9,OBS
KORD,2023-10-30,40.5,OBS
KORD,2023-10-31,36.6,OBS
KORD,2023-11-01,41.1,OBS
KORD,2023-11-02,50.6,OBS
KORD,2023-11-03,53.2,OBS
KORD,2023-11-04,56.0,OBS
KORD,2023-11-05,57.1,OBS
KORD,2023-11-06,67.7,OBS
KORD,2023-11-07,59.7,OBS
KORD,2023-11-08,57.0,OBS
KORD,2023-11-09,53.7,OBS
KORD,2023-11-10,46.6,OBS
KORD,2023-11-11,48.7,OBS
KORD,2023-11-12,53.1,OBS
KORD,2023-11-13,58.5,OBS
KORD,2023-11-14,56.5,OBS
KORD,2023-11-15,60.3,OBS
KORD,2023-11-16,62.2,OBS
KORD,2023-11-17,61.0,OBS
KORD,2023-11-18,49.8,OBS
KORD,2023-11-19,51.1,OBS
KORD,2023-11-20,46.2,OBS
KORD,2023-11-21,44.9,OBS
KORD,2023-11-22,45.3,OBS
KORD,2023-11-23,45.8,OBS
KORD,2023-11-24,39.0,OBS
KORD,2023-11-25,35.4,OBS
KORD,2023-11-26,33.3,OBS
KORD,2023-11-27,31.5,OBS
KORD,2023-11-28,24.5,OBS
KORD,2023-11-29,42.6,OBS
KORD,2023-11-30,50.2,OBS
KORD,2023-12-01,41.9,OBS
KORD,2023-12-02,42.7,OBS
KORD,2023-12-03,39.2,OBS
KORD,2023-12-04,40.4,OBS
KORD,2023-12-05,40.1,OBS
KORD,2023-12-06,37.4,OBS
KORD,2023-12-07,51.0,OBS
KORD,2023-12-08,55.7,OBS
KORD,2023-12-09,53.0,OBS
KORD,2023-12-10,41.5,OBS
KORD,2023-12-11,34.7,OBS
KORD,2023-12-12,36.0,OBS
KORD,2023-12-13,38.8,OBS
KORD,2023-12-14,47.6,OBS
KORD,2023-12-15,50.4,OBS
KORD,2023-12-16,44.1,OBS
KORD,2023-12-17,43.3,OBS
KORD,2023-12-18,41.3,OBS
KORD,2023-12-19,32.6,OBS
KORD,2023-12-20,42.2,OBS
KORD,2023-12-21,41.8,OBS
KORD,2023-12-22,45.1,OBS
KORD,2023-12-23,48.7,OBS
KORD,2023-12-24,58.9,OBS
KORD,2023-12-26,53.0,OBS
KORD,2023-12-27,40.7,OBS
KORD,2023-12-28,38.3,OBS
KORD,2023-12-29,39.3,OBS
KORD,2023-12-30,42.3,OBS
KORD,2023-12-31,35.5,OBS
KORD,2024-01-01,33.7,OBS
KORD,2024-01-02,36.3,OBS
KORD,2024-01-03,35.8,OBS
KORD,2024-01-04,34.6,OBS
KORD,2024-01-05,36.7,OBS
KORD,2024-01-06,32.2,OBS
KORD,2024-01-07,34.7,OBS
KORD,2024-01-08,36.0,OBS
KORD,2024-01-09,33.8,OBS
KORD,2024-01-10,33.4,OBS
KORD,2024-01-11,32.2,OBS
KORD,2024-01-12,36.9,OBS
KORD,2024-01-13,34.4,OBS
KORD,2024-01-14,7.5,OBS
KORD,2024-01-15,-2.1,OBS
KORD,2024-01-16,-0.8,OBS
KORD,2024-01-17,14.5,OBS
KORD,2024-01-18,23.7,OBS
KORD,2024-01-19,17.9,OBS
KORD,2024-01-20,17.0,OBS
KORD,2024-01-21,20.6,OBS
KORD,2024-01-22,32.7,OBS
KORD,2024-01-23,34.5,OBS
KORD,2024-01-24,37.2,OBS
KORD,2024-01-25,40.5,OBS
KORD,2024-01-26,39.5,OBS
KORD,2024-01-27,39.1,OBS
KORD,2024-01-28,39.0,OBS
KORD,2024-01-29,43.7,OBS
KORD,2024-01-30,41.6,OBS
KORD,2024-01-31,45.2,OBS
KORD,2024-02-01,53.3,OBS
KORD,2024-02-02,39.1,OBS
KORD,2024-02-03,41.4,OBS
KORD,2024-02-04,41.7,OBS
KORD,2024-02-05,38.8,OBS
KORD,2024-02-06,48.7,OBS
KORD,2024-02-07,47.2,OBS
KORD,2024-02-08,58.2,OBS
KORD,2024-02-09,54.8,OBS
KORD,2024-02-10,46.5,OBS
KORD,2024-02-11,40.4,OBS
KORD,2024-02-12,43.5,OBS
KORD,2024-02-13,40.5,OBS
KORD,2024-02-14,44.3,OBS
KORD,2024-02-15,41.8,OBS
KORD,2024-02-16,33.9,OBS
KORD,2024-02-17,29.1,OBS
KORD,2024-02-18,43.8,OBS
KORD,2024-02-19,49.0,OBS
KORD,2024-02-20,54.2,OBS
KORD,2024-02-21,58.5,OBS
KORD,2024-02-22,55.4,OBS
KORD,2024-02-23,50.6,OBS
KORD,2024-02-24,33.3,OBS
KORD,2024-02-25,56.4,OBS
KORD,2024-02-26,65.6,OBS
KORD,2024-02-27,70.7,OBS
KORD,2024-02-28,56.9,OBS
KORD,2024-02-29,42.2,OBS
KORD,2024-03-01,43.9,OBS
KORD,2024-03-02,56.8,OBS
KORD,2024-03-03,67.9,OBS
KORD,2024-03-04,71.5,OBS
KORD,2024-03-05,67.0,OBS
KORD,2024-03-06,46.1,OBS
KORD,2024-03-07,49.6,OBS
KORD,2024-03-08,44.2,OBS
KORD,2024-03-09,44.5,OBS
KORD,2024-03-10,45.4,OBS
KORD,2024-03-11,61.7,OBS
KORD,2024-03-12,66.3,OBS
KORD,2024-03-13,63.2,OBS
KORD,2024-03-14,64.5,OBS
KORD,2024-03-15,51.5,OBS
KORD,2024-03-16,56.9,OBS
KORD,2024-03-17,47.3,OBS
KORD,2024-03-18,37.3,OBS
KORD,2024-03-19,54.8,OBS
KORD,2024-03-20,46.6,OBS
KORD,2024-03-21,38.3,OBS
KORD,2024-03-22,37.0,OBS
KORD,2024-03-23,33.6,OBS
KORD,2024-03-24,44.2,OBS
KORD,2024-03-25,58.6,OBS
KORD,2024-03-26,54.6,OBS
KORD,2024-03-27,44.2,OBS
KORD,2024-03-28,50.5,OBS
KORD,2024-03-29,47.8,OBS
KORD,2024-03-30,63.0,OBS
KORD,2024-03-31,49.0,OBS
KORD,2024-04-01,50.2,OBS
KORD,2024-04-02,52.6,OBS
KORD,2024-04-03,37.8,OBS
KORD,2024-04-04,39.7,OBS
KORD,2024-04-05,46.4,OBS
KORD,2024-04-06,49.8,OBS
KORD,2024-04-07,52.5,OBS
KORD,2024-04-08,69.3,OBS
KORD,2024-04-09,62.7,OBS
KORD,2024-04-10,65.4,OBS
KORD,2024-04-11,55.7,OBS
KORD,2024-04-12,61.2,OBS
KORD,2024-04-13,66.3,OBS
KORD,2024-04-14,77.8,OBS
KORD,2024-04-15,69.9,OBS
KORD,2024-04-16,70.8,OBS
KORD,2024-04-17,71.2,OBS
KORD,2024-04-18,60.2,OBS
KORD,2024-04-19,55.0,OBS
KORD,2024-04-20,51.8,OBS
KORD,2024-04-21,56.3,OBS
KORD,2024-04-22,62.8,OBS
KORD,2024-04-23,64.8,OBS
KORD,2024-04-24,59.0,OBS
KORD,2024-04-25,54.4,OBS
KORD,2024-04-26,58.8,OBS
KORD,2024-04-27,78.6,OBS
KORD,2024-04-28,77.6,OBS
KORD,2024-04-29,70.9,OBS
KORD,2024-04-30,72.3,OBS
KORD,2024-05-01,71.8,OBS
KORD,2024-05-02,79.0,OBS
KORD,2024-05-03,73.8,OBS
KORD,2024-05-04,78.4,OBS
KORD,2024-05-05,65.4,OBS
KORD,2024-05-06,67.7,OBS
KORD,2024-05-07,74.4,OBS
KORD,2024-05-08,76.3,OBS
KORD,2024-05-09,63.8,OBS
KORD,2024-05-10,64.8,OBS
KORD,2024-05-11,65.9,OBS
KORD,2024-05-12,78.1,OBS
KORD,2024-05-13,76.6,OBS
KORD,2024-05-14,64.6,OBS
KORD,2024-05-15,62.6,OBS
KORD,2024-05-16,72.9,OBS
KORD,2024-05-17,77.5,OBS
KORD,2024-05-18,81.5,OBS
KORD,2024-05-19,76.0,OBS
KORD,2024-05-20,81.1,OBS
KORD,2024-05-21,86.2,OBS
KORD,2024-05-22,82.5,OBS
KORD,2024-05-23,78.4,OBS
KORD,2024-05-24,77.0,OBS
KORD,2024-05-25,72.6,OBS
KORD,2024-05-26,74.2,OBS
KORD,2024-05-27,72.0,OBS
KORD,2024-05-28,70.7,OBS
KORD,2024-05-29,66.0,OBS
KORD,2024-05-30,67.0,OBS
KORD,2024-05-31,76.7,OBS
KORD,2024-06-01,71.7,OBS
KORD,2024-06-02,73.2,OBS
KORD,2024-06-03,82.3,OBS
KORD,2024-06-04,84.2,OBS
KORD,2024-06-05,79.2,OBS
KORD,2024-06-06,75.7,OBS
KORD,2024-06-07,76.0,OBS
KORD,2024-06-08,80.5,OBS
KORD,2024-06-09,78.2,OBS
KORD,2024-06-10,70.2,OBS
KORD,2024-06-11,76.4,OBS
KORD,2024-06-12,88.7,OBS
KORD,2024-06-13,88.4,OBS
KORD,2024-06-14,81.9,OBS
KORD,2024-06-15,86.6,OBS
KORD,2024-06-16,89.2,OBS
KORD,2024-06-17,93.4,OBS
KORD,2024-06-18,90.6,OBS
KORD,2024-06-19,92.5,OBS
KORD,2024-06-20,88.5,OBS
KORD,2024-06-21,93.6,OBS
KORD,2024-06-22,92.9,OBS
KORD,2024-06-23,89.3,OBS
KORD,2024-06-24,85.6,OBS
KORD,2024-06-25,93.4,OBS
KORD,2024-06-26,88.7,OBS
KORD,2024-06-27,80.3,OBS
KORD,2024-06-28,73.5,OBS
KORD,2024-06-29,88.4,OBS
KORD,2024-06-30,83.8,OBS
KORD,2024-07-01,71.4,OBS
KORD,2024-07-02,83.9,OBS
KORD,2024-07-03,88.7,OBS
KORD,2024-07-04,84.3,OBS
KORD,2024-07-05,80.9,OBS
KORD,2024-07-06,79.1,OBS
KORD,2024-07-07,84.8,OBS
KORD,2024-07-08,85.7,OBS
KORD,2024-07-09,80.6,OBS
KORD,2024-07-10,80.8,OBS
KORD,2024-07-11,76.4,OBS
KORD,2024-07-12,81.9,OBS
KORD,2024-07-13,88.8,OBS
KORD,2024-07-14,89.4,OBS
KORD,2024-07-15,91.4,OBS
KORD,2024-07-16,87.2,OBS
KORD,2024-07-17,80.2,OBS
KORD,2024-07-18,71.6,OBS
KORD,2024-07-19,79.2,OBS
KORD,2024-07-20,78.3,OBS
KORD,2024-07-21,81.3,OBS
KORD,2024-07-22,79.6,OBS
KORD,2024-07-23,84.1,OBS
KORD,2024-07-24,78.2,OBS
KORD,2024-07-25,75.2,OBS
KORD,2024-07-26,79.3,OBS
KORD,2024-07-27,83.8,OBS
KORD,2024-07-28,82.6,OBS
KORD,2024-07-29,81.7,OBS
KORD,2024-07-30,90.0,OBS
KORD,2024-07-31,89.6,OBS
KORD,2024-08-01,86.8,OBS
KORD,2024-08-02,84.6,OBS
KORD,2024-08-03,87.3,OBS
KORD,2024-08-04,90.2,OBS
KORD,2024-08-05,90.1,OBS
KORD,2024-08-06,71.3,OBS
KORD,2024-08-07,75.3,OBS
KORD,2024-08-08,83.3,OBS
KORD,2024-08-09,80.1,OBS
KORD,2024-08-10,76.0,OBS
KORD,2024-08-11,78.5,OBS
KORD,2024-08-12,82.0,OBS
KORD,2024-08-13,81.3,OBS
KORD,2024-08-14,82.9,OBS
KORD,2024-08-15,76.6,OBS
KORD,2024-08-16,85.6,OBS
KORD,2024-08-17,80.7,OBS
KORD,2024-08-18,75.7,OBS
KORD,2024-08-19,73.6,OBS
KORD,2024-08-20,70.3,OBS
KORD,2024-08-21,73.0,OBS
KORD,2024-08-22,77.6,OBS
KORD,2024-08-23,81.1,OBS
KORD,2024-08-24,89.2,OBS
KORD,2024-08-25,91.6,OBS
KORD,2024-08-26,95.2,OBS
KORD,2024-08-27,97.4,OBS
KORD,2024-08-28,92.2,OBS
KORD,2024-08-29,83.9,OBS
KORD,2024-08-30,86.6,OBS
KORD,2024-08-31,84.3,OBS
KORD,2024-09-01,77.9,OBS
KORD,2024-09-02,73.1,OBS
KORD,2024-09-03,75.4,OBS
KORD,2024-09-04,81.4,OBS
KORD,2024-09-05,87.3,OBS
KORD,2024-09-06,76.7,OBS
KORD,2024-09-07,63.6,OBS
KORD,2024-09-08,73.8,OBS
KORD,2024-09-09,80.4,OBS
KORD,2024-09-10,81.8,OBS
KORD,2024-09-11,86.4,OBS
KORD,2024-09-12,84.9,OBS
KORD,2024-09-13,82.5,OBS
KORD,2024-09-14,85.0,OBS
KORD,2024-09-15,87.5,OBS
KORD,2024-09-16,87.7,OBS
KORD,2024-09-17,82.4,OBS
KORD,2024-09-18,85.6,OBS
KORD,2024-09-19,89.2,OBS
KORD,2024-09-20,88.9,OBS
KORD,2024-09-21,90.4,OBS
KORD,2024-09-22,78.5,OBS
KORD,2024-09-23,67.5,OBS
KORD,2024-09-24,66.4,OBS
KORD,2024-09-25,74.9,OBS
KORD,2024-09-26,73.9,OBS
KORD,2024-09-27,69.4,OBS
KORD,2024-09-28,68.0,OBS
KORD,2024-09-29,71.5,OBS
KORD,2024-09-30,76.4,OBS
KORD,2024-10-01,68.0,OBS
KORD,2024-10-02,68.2,OBS
KORD,2024-10-03,75.8,OBS
KORD,2024-10-04,68.1,OBS
KORD,2024-10-05,80.3,OBS
KORD,2024-10-06,77.4,OBS
KORD,2024-10-07,65.3,OBS
KORD,2024-10-08,71.3,OBS
KORD,2024-10-09,67.3,OBS
KORD,2024-10-10,69.6,OBS
KORD,2024-10-11,81.5,OBS
KORD,2024-10-12,71.6,OBS
KORD,2024-10-13,64.7,OBS
KORD,2024-10-14,55.8,OBS
KORD,2024-10-15,50.0,OBS
KORD,2024-10-16,54.8,OBS
KORD,2024-10-17,61.5,OBS
KORD,2024-10-18,65.8,OBS
KORD,2024-10-19,68.3,OBS
KORD,2024-10-20,76.0,OBS
KORD,2024-10-21,77.1,OBS
KORD,2024-10-22,71.9,OBS
KORD,2024-10-23,67.6,OBS
KORD,2024-10-24,62.5,OBS
KORD,2024-10-25,64.9,OBS
KORD,2024-10-26,56.0,OBS
KORD,2024-10-27,56.9,OBS
KORD,2024-10-28,64.7,OBS
KORD,2024-10-29,78.6,OBS
KORD,2024-10-30,76.7,OBS
KORD,2024-10-31,72.9,OBS
KORD,2024-11-01,52.2,OBS
KORD,2024-11-02,55.0,OBS
KORD,2024-11-03,60.0,OBS
KORD,2024-11-04,69.1,OBS
KORD,2024-11-05,66.5,OBS
KORD,2024-11-06,63.0,OBS
KORD,2024-11-07,56.3,OBS
KORD,2024-11-08,58.5,OBS
KORD,2024-11-09,52.8,OBS
KORD,2024-11-10,60.7,OBS
KORD,2024-11-11,55.2,OBS
KORD,2024-11-12,45.9,OBS
KORD,2024-11-13,48.8,OBS
KORD,2024-11-14,55.4,OBS
KORD,2024-11-15,53.4,OBS
KORD,2024-11-16,51.9,OBS
KORD,2024-11-17,58.2,OBS
KORD,2024-11-18,55.3,OBS
KORD,2024-11-19,62.2,OBS
KORD,2024-11-20,54.6,OBS
KORD,2024-11-21,39.0,OBS
KORD,2024-11-22,47.1,OBS
KORD,2024-11-23,44.9,OBS
KORD,2024-11-24,47.9,OBS
KORD,2024-11-25,50.7,OBS
KORD,2024-11-26,42.6,OBS
KORD,2024-11-27,41.5,OBS
KORD,2024-11-28,37.0,OBS
KORD,2024-11-29,28.0,OBS
KORD,2024-11-30,26.3,OBS
KORD,2024-12-01,25.6,OBS
KORD,2024-12-02,26.7,OBS
KORD,2024-12-03,29.8,OBS
KORD,2024-12-04,37.9,OBS
KORD,2024-12-05,30.2,OBS
KORD,2024-12-06,30.8,OBS
KORD,2024-12-07,43.4,OBS
KORD,2024-12-08,49.7,OBS
KORD,2024-12-09,48.3,OBS
KORD,2024-12-10,44.0,OBS
KORD,2024-12-11,32.3,OBS
KORD,2024-12-12,20.6,OBS
KORD,2024-12-13,23.7,OBS
KORD,2024-12-14,34.9,OBS
KORD,2024-12-15,45.1,OBS
KORD,2024-12-16,49.8,OBS
KORD,2024-12-17,40.3,OBS
KORD,2024-12-18,34.7,OBS
KORD,2024-12-19,30.7,OBS
KORD,2024-12-20,32.7,OBS
KORD,2024-12-21,24.9,OBS
KORD,2024-12-22,31.1,OBS
KORD,2024-12-23,38.2,OBS
KORD,2024-12-24,36.1,OBS
KORD,2024-12-25,37.4,OBS
KORD,2024-12-26,46.5,OBS
KORD,2024-12-27,46.7,OBS
KORD,2024-12-28,50.2,OBS
KORD,2024-12-29,44.1,OBS
KORD,2024-12-30,41.7,OBS
KORD,2024-12-31,39.3,OBS
KORD,2025-01-01,33.4,OBS
KORD,2025-01-02,31.5,OBS
KORD,2025-01-03,28.6,OBS
KORD,2025-01-04,23.0,OBS
KORD,2025-01-05,21.2,OBS
KORD,2025-01-06,28.8,OBS
KORD,2025-01-07,25.4,OBS
KORD,2025-01-08,23.5,OBS
KORD,2025-01-09,24.2,OBS
KORD,2025-01-10,28.9,OBS
KORD,2025-01-11,30.2,OBS
KORD,2025-01-12,34.8,OBS
KORD,2025-01-13,28.6,OBS
KORD,2025-01-14,15.1,OBS
KORD,2025-01-15,15.1,OBS
KORD,2025-01-16,36.2,OBS
KORD,2025-01-17,42.3,OBS
KORD,2025-01-18,40.0,OBS
KORD,2025-01-19,22.8,OBS
KORD,2025-01-20,10.5,OBS
KORD,2025-01-21,6.8,OBS
KORD,2025-01-22,23.1,OBS
KORD,2025-01-23,22.8,OBS
KORD,2025-01-24,15.7,OBS
KORD,2025-01-25,36.6,OBS
KORD,2025-01-26,33.5,OBS
KORD,2025-01-27,38.6,OBS
KORD,2025-01-28,42.7,OBS
KORD,2025-01-29,44.6,OBS
KORD,2025-01-30,47.8,OBS
KORD,2025-01-31,42.6,OBS
KORD,2025-02-01,33.6,OBS
KORD,2025-02-02,47.8,OBS
KORD,2025-02-03,40.8,OBS
KORD,2025-02-04,34.5,OBS
KORD,2025-02-05,29.8,OBS
KORD,2025-02-06,37.5,OBS
KORD,2025-02-07,35.8,OBS
KORD,2025-02-08,32.5,OBS
KORD,2025-02-09,30.4,OBS
KORD,2025-02-10,33.6,OBS
KORD,2025-02-11,27.4,OBS
KORD,2025-02-12,27.2,OBS
KORD,2025-02-13,26.5,OBS
KORD,2025-02-14,21.6,OBS
KORD,2025-02-15,31.4,OBS
KORD,2025-02-16,30.0,OBS
KORD,2025-02-17,16.3,OBS
KORD,2025-02-18,4.6,OBS
KORD,2025-02-19,10.1,OBS
KORD,2025-02-20,17.3,OBS
KORD,2025-02-21,22.3,OBS
KORD,2025-02-22,28.2,OBS
KORD,2025-02-23,40.7,OBS
KORD,2025-02-24,53.2,OBS
KORD,2025-02-25,52.7,OBS
KORD,2025-02-26,46.5,OBS
KORD,2025-02-27,47.3,OBS
KORD,2025-02-28,56.3,OBS
KORD,2025-03-01,47.0,OBS
KORD,2025-03-02,34.8,OBS
KORD,2025-03-03,47.5,OBS
KORD,2025-03-04,52.2,OBS
KORD,2025-03-05,51.8,OBS
KORD,2025-03-06,39.6,OBS
KORD,2025-03-07,35.7,OBS
KORD,2025-03-08,48.0,OBS
KORD,2025-03-09,56.3,OBS
KORD,2025-03-10,64.5,OBS
KORD,2025-03-11,58.0,OBS
KORD,2025-03-12,48.2,OBS
KORD,2025-03-13,55.0,OBS
KORD,2025-03-14,73.6,OBS
KORD,2025-03-15,68.7,OBS
KORD,2025-03-16,56.2,OBS
KORD,2025-03-17,49.6,OBS
KORD,2025-03-18,67.8,OBS
KORD,2025-03-19,61.4,OBS
KORD,2025-03-20,41.0,OBS
KORD,2025-03-21,56.2,OBS
KORD,2025-03-22,52.5,OBS
KORD,2025-03-23,50.1,OBS
KORD,2025-03-24,46.8,OBS
KORD,2025-03-25,48.5,OBS
KORD,2025-03-26,49.3,OBS
KORD,2025-03-27,54.7,OBS
KORD,2025-03-28,75.9,OBS
KORD,2025-03-29,69.7,OBS
KORD,2025-03-30,70.4,OBS
KORD,2025-03-31,59.2,OBS
KORD,2025-04-01,39.6,OBS
KORD,2025-04-02,71.0,OBS
KORD,2025-04-03,68.5,OBS
KORD,2025-04-04,47.9,OBS
KORD,2025-04-05,54.6,OBS
KORD,2025-04-06,47.7,OBS
KORD,2025-04-07,43.3,OBS
KORD,2025-04-08,41.4,OBS
KORD,2025-04-09,47.7,OBS
KORD,2025-04-10,43.4,OBS
KORD,2025-04-11,48.7,OBS
KORD,2025-04-12,57.8,OBS
KORD,2025-04-13,61.5,OBS
KORD,2025-04-14,61.2,OBS
KORD,2025-04-15,54.5,OBS
KORD,2025-04-16,48.7,OBS
KORD,2025-04-17,66.6,OBS
KORD,2025-04-18,80.5,OBS
KORD,2025-04-19,72.4,OBS
KORD,2025-04-20,55.8,OBS
KORD,2025-04-21,61.2,OBS
KORD,2025-04-22,71.7,OBS
KORD,2025-04-23,72.9,OBS
KORD,2025-04-24,70.7,OBS
KORD,2025-04-25,60.0,OBS
KORD,2025-04-26,52.7,OBS
KORD,2025-04-27,66.8,OBS
KORD,2025-04-28,82.1,OBS
KORD,2025-04-29,78.9,OBS
KORD,2025-04-30,63.0,OBS
KORD,2025-05-01,69.4,OBS
KORD,2025-05-02,63.8,OBS
KORD,2025-05-03,50.9,OBS
KORD,2025-05-04,55.9,OBS
KORD,2025-05-05,61.2,OBS
KORD,2025-05-06,72.2,OBS
KORD,2025-05-07,69.7,OBS
KORD,2025-05-08,55.2,OBS
KORD,2025-05-09,62.6,OBS
KORD,2025-05-10,70.0,OBS
KORD,2025-05-11,71.7,OBS
KORD,2025-05-12,79.3,OBS
KORD,2025-05-13,79.3,OBS
KORD,2025-05-14,78.3,OBS
KORD,2025-05-15,94.6,OBS
KORD,2025-05-16,81.9,OBS
KORD,2025-05-17,68.0,OBS
KORD,2025-05-18,62.8,OBS
KORD,2025-05-19,51.8,OBS
KORD,2025-05-20,56.4,OBS
KORD,2025-05-21,54.7,OBS
KORD,2025-05-22,54.9,OBS
KORD,2025-05-23,61.5,OBS
KORD,2025-05-24,60.9,OBS
KORD,2025-05-25,62.7,OBS
KORD,2025-05-26,63.1,OBS
KORD,2025-05-27,65.2,OBS
KORD,2025-05-28,62.4,OBS
KORD,2025-05-29,70.8,OBS
KORD,2025-05-30,76.0,OBS
KORD,2025-05-31,72.5,OBS
KORD,2025-06-01,69.2,OBS
KORD,2025-06-02,87.2,OBS
KORD,2025-06-03,89.1,OBS
KORD,2025-06-04,85.9,OBS
KORD,2025-06-05,70.0,OBS
KORD,2025-06-06,72.5,OBS
KORD,2025-06-07,73.3,OBS
KORD,2025-06-08,79.5,OBS
KORD,2025-06-09,71.4,OBS
KORD,2025-06-10,76.4,OBS
KORD,2025-06-11,91.0,OBS
KORD,2025-06-12,88.4,OBS
KORD,2025-06-13,71.7,OBS
KORD,2025-06-14,72.7,OBS
KORD,2025-06-15,78.4,OBS
KORD,2025-06-16,84.7,OBS
KORD,2025-06-17,90.1,OBS
KORD,2025-06-18,82.8,OBS
KORD,2025-06-19,80.2,OBS
KORD,2025-06-20,81.3,OBS
KORD,2025-06-21,92.3,OBS
KORD,2025-06-22,94.2,OBS
KORD,2025-06-23,95.7,OBS
KORD,2025-06-24,94.5,OBS
KORD,2025-06-25,82.8,OBS
KORD,2025-06-26,89.2,OBS
KORD,2025-06-27,85.7,OBS
KORD,2025-06-28,84.2,OBS
KORD,2025-06-29,90.3,OBS
KORD,2025-06-30,87.5,OBS
KORD,2025-07-01,87.3,OBS
KORD,2025-07-02,90.4,OBS
KORD,2025-07-03,94.4,OBS
KORD,2025-07-04,87.6,OBS
KORD,2025-07-05,92.8,OBS
KORD,2025-07-06,90.3,OBS
KORD,2025-07-07,76.2,OBS
KORD,2025-07-08,83.6,OBS
KORD,2025-07-09,80.1,OBS
KORD,2025-07-10,80.7,OBS
KORD,2025-07-11,87.3,OBS
KORD,2025-07-12,83.1,OBS
KORD,2025-07-13,81.1,OBS
KORD,2025-07-14,85.6,OBS
KORD,2025-07-15,91.2,OBS
KORD,2025-07-16,91.1,OBS
KORD,2025-07-17,81.5,OBS
KORD,2025-07-18,80.7,OBS
KORD,2025-07-19,84.0,OBS
KORD,2025-07-20,83.3,OBS
KORD,2025-07-21,80.9,OBS
KORD,2025-07-22,89.7,OBS
KORD,2025-07-23,93.4,OBS
KORD,2025-07-24,95.3,OBS
KORD,2025-07-25,83.3,OBS
KORD,2025-07-26,83.7,OBS
KORD,2025-07-27,86.4,OBS
KORD,2025-07-28,87.9,OBS
KORD,2025-07-29,91.6,OBS
KORD,2025-07-30,88.1,OBS
KORD,2025-07-31,72.1,OBS
KORD,2025-08-01,73.6,OBS
KORD,2025-08-02,78.1,OBS
KORD,2025-08-03,79.2,OBS
KORD,2025-08-04,81.6,OBS
KORD,2025-08-05,83.8,OBS
KORD,2025-08-06,90.9,OBS
KORD,2025-08-07,90.4,OBS
KORD,2025-08-08,93.5,OBS
KORD,2025-08-09,92.6,OBS
KORD,2025-08-10,90.2,OBS
KORD,2025-08-11,90.0,OBS
KORD,2025-08-12,86.9,OBS
KORD,2025-08-13,84.9,OBS
KORD,2025-08-14,83.0,OBS
KORD,2025-08-15,93.9,OBS
KORD,2025-08-16,95.3,OBS
KORD,2025-08-17,87.0,OBS
KORD,2025-08-18,86.4,OBS
KORD,2025-08-19,78.4,OBS
KORD,2025-08-20,74.4,OBS
KORD,2025-08-21,74.7,OBS
KORD,2025-08-22,81.1,OBS
KORD,2025-08-23,81.9,OBS
KORD,2025-08-24,74.5,OBS
KORD,2025-08-25,69.5,OBS
KORD,2025-08-26,71.7,OBS
KORD,2025-08-27,77.6,OBS
KORD,2025-08-28,75.5,OBS
KORD,2025-08-29,69.5,OBS
KORD,2025-08-30,69.9,OBS
KORD,2025-08-31,73.9,OBS
KORD,2025-09-01,75.0,OBS
KORD,2025-09-02,79.7,OBS
KORD,2025-09-03,72.9,OBS
KORD,2025-09-04,65.1,OBS
KORD,2025-09-05,64.7,OBS
KORD,2025-09-06,64.8,OBS
KORD,2025-09-07,66.4,OBS
KORD,2025-09-08,70.0,OBS
KORD,2025-09-09,73.7,OBS
KORD,2025-09-10,80.3,OBS
KORD,2025-09-11,76.9,OBS
KORD,2025-09-12,84.5,OBS
KORD,2025-09-13,80.3,OBS
KORD,2025-09-14,78.8,OBS
KORD,2025-09-15,80.8,OBS
KORD,2025-09-16,83.5,OBS
KORD,2025-09-17,82.7,OBS
KORD,2025-09-18,86.1,OBS
KORD,2025-09-19,86.7,OBS
KORD,2025-09-20,79.3,OBS
KORD,2025-09-21,75.7,OBS
KORD,2025-09-22,76.6,OBS
KORD,2025-09-23,75.3,OBS
KORD,2025-09-24,68.9,OBS
KORD,2025-09-25,72.1,OBS
KORD,2025-09-26,78.8,OBS
KORD,2025-09-27,83.4,OBS
KORD,2025-09-28,75.8,OBS
KORD,2025-09-29,85.6,OBS
KORD,2025-09-30,80.5,OBS
KORD,2025-10-01,74.1,OBS
KORD,2025-10-02,82.7,OBS
KORD,2025-10-03,88.2,OBS
KORD,2025-10-04,84.8,OBS
KORD,2025-10-05,83.8,OBS
KORD,2025-10-06,82.9,OBS
KORD,2025-10-07,67.6,OBS
KORD,2025-10-08,62.7,OBS
KORD,2025-10-09,61.1,OBS
KORD,2025-10-10,65.8,OBS
KORD,2025-10-11,64.0,OBS
KORD,2025-10-12,66.0,OBS
KORD,2025-10-13,66.2,OBS
KORD,2025-10-14,67.6,OBS
KORD,2025-10-15,59.0,OBS
KORD,2025-10-16,65.8,OBS
KORD,2025-10-17,72.9,OBS
KORD,2025-10-18,73.7,OBS
KORD,2025-10-19,63.8,OBS
KORD,2025-10-20,63.4,OBS
KORD,2025-10-21,58.0,OBS
KORD,2025-10-22,49.4,OBS
KORD,2025-10-23,51.3,OBS
KORD,2025-10-24,50.7,OBS
KORD,2025-10-25,53.2,OBS
KORD,2025-10-26,55.5,OBS
KORD,2025-10-27,54.9,OBS
KORD,2025-10-28,55.8,OBS
KORD,2025-10-29,55.0,OBS
KORD,2025-10-30,55.4,OBS
KORD,2025-10-31,52.3,OBS
KORD,2025-11-01,50.3,OBS
KORD,2025-11-02,52.4,OBS
KORD,2025-11-03,59.1,OBS
KORD,2025-11-04,60.9,OBS
KORD,2025-11-05,59.8,OBS
KORD,2025-11-06,57.3,OBS
KORD,2025-11-07,62.4,OBS
KORD,2025-11-08,54.8,OBS
KORD,2025-11-09,42.4,OBS
KORD,2025-11-10,31.5,OBS
KORD,2025-11-11,38.0,OBS
KORD,2025-11-12,52.6,OBS
KORD,2025-11-13,52.4,OBS
KORD,2025-11-14,63.0,OBS
KORD,2025-11-15,69.4,OBS
KORD,2025-11-16,58.9,OBS
KORD,2025-11-17,46.7,OBS
KORD,2025-11-18,42.6,OBS
KORD,2025-11-19,45.6,OBS
KORD,2025-11-20,48.2,OBS
KORD,2025-11-21,46.5,OBS
KORD,2025-11-22,47.1,OBS
KORD,2025-11-23,53.0,OBS
KORD,2025-11-24,49.5,OBS
KORD,2025-11-25,52.7,OBS
KORD,2025-11-26,49.9,OBS
KORD,2025-11-27,32.3,OBS
KORD,2025-11-28,32.0,OBS
KORD,2025-11-29,28.6,OBS
KORD,2025-11-30,32.8,OBS
KORD,2025-12-01,26.3,OBS
KORD,2025-12-02,24.5,OBS
KORD,2025-12-03,30.0,OBS
KORD,2025-12-04,29.2,OBS
KORD,2025-12-05,23.5,OBS
KORD,2025-12-06,30.6,OBS
KORD,2025-12-07,29.3,OBS
KORD,2025-12-08,22.4,OBS
KORD,2025-12-09,33.1,OBS
KORD,2025-12-10,38.6,OBS
KORD,2025-12-11,26.8,OBS
KORD,2025-12-12,29.9,OBS
KORD,2025-12-13,26.1,OBS
KORD,2025-12-14,8.5,OBS
KORD,2025-12-15,20.3,OBS
KORD,2025-12-16,35.8,OBS
KORD,2025-12-17,40.5,OBS
KORD,2025-12-18,51.6,OBS
KORD,2025-12-19,36.1,OBS
KORD,2025-12-20,40.0,OBS
KORD,2025-12-21,37.0,OBS
KORD,2025-12-22,41.1,OBS
KORD,2025-12-23,48.7,OBS
KORD,2025-12-24,42.4,OBS
KORD,2025-12-25,42.6,OBS
KORD,2025-12-26,47.1,OBS
KORD,2025-12-27,42.9,OBS
KORD,2025-12-28,53.0,OBS
KORD,2025-12-29,47.1,OBS
KORD,2025-12-30,20.8,OBS
KORD,2025-12-31,34.3,OBS
KORD,2026-01-01,33.3,OBS
KORD,2026-01-02,20.9,OBS
KORD,2026-01-03,23.5,OBS
KORD,2026-01-04,30.5,OBS
KORD,2026-01-05,42.2,OBS
KORD,2026-01-06,43.6,OBS
KORD,2026-01-07,40.5,OBS
KORD,2026-01-08,54.7,OBS
KORD,2026-01-09,59.2,OBS
KORD,2026-01-10,41.5,OBS
KORD,2026-01-11,33.5,OBS
KORD,2026-01-12,39.6,OBS
KORD,2026-01-13,49.9,OBS
KORD,2026-01-14,44.3,OBS
KORD,2026-01-15,21.6,OBS
KORD,2026-01-16,35.2,OBS
KORD,2026-01-17,33.3,OBS
KORD,2026-01-18,17.1,OBS
KORD,2026-01-19,18.1,OBS
KORD,2026-01-20,18.0,OBS
KORD,2026-01-21,27.0,OBS
KORD,2026-01-22,28.5,OBS
KORD,2026-01-23,16.1,OBS
KORD,2026-01-24,4.6,OBS
KORD,2026-01-25,17.4,OBS
KORD,2026-01-26,10.6,OBS
KORD,2026-01-27,14.0,OBS
KORD,2026-01-28,13.5,OBS
KORD,2026-01-29,12.7,OBS
KORD,2026-01-30,18.9,OBS
KORD,2026-01-31,22.2,OBS
KORD,2026-02-01,25.2,OBS
KORD,2026-02-02,27.3,OBS
KORD,2026-02-03,27.5,OBS
KORD,2026-02-04,26.3,OBS
KORD,2026-02-05,28.9,OBS
KORD,2026-02-06,36.4,OBS
KORD,2026-02-07,30.5,OBS
KORD,2026-02-08,27.2,OBS
KORD,2026-02-09,35.8,OBS
KORD,2026-02-10,46.9,OBS
KORD,2026-02-11,40.7,OBS
KORD,2026-02-12,37.2,OBS
KORD,2026-02-13,51.4,OBS
KORD,2026-02-14,50.6,OBS
KORD,2026-02-15,56.8,OBS
KORD,2026-02-16,61.9,OBS
KORD,2026-02-17,54.2,OBS
KORD,2026-02-18,60.0,OBS
KORD,2026-02-19,56.9,OBS
KORD,2026-02-20,43.9,OBS
KORD,2026-02-21,30.2,OBS
KORD,2026-02-22,27.6,OBS
KORD,2026-02-23,28.6,OBS
KORD,2026-02-24,36.2,OBS
KORD,2026-02-25,37.0,OBS
KORD,2021-08-20,88.1,GFS
KORD,2021-08-21,87.6,GFS
KORD,2021-08-22,80.6,GFS
KORD,2021-08-23,85.8,GFS
KORD,2021-08-24,95.1,GFS
KORD,2021-08-25,91.5,GFS
KORD,2021-08-26,88.8,GFS
KORD,2021-08-27,92.3,GFS
KORD,2021-08-28,92.1,GFS
KORD,2021-08-29,87.9,GFS
KORD,2021-08-30,85.7,GFS
KORD,2021-08-31,81.6,GFS
KORD,2021-09-01,75.7,GFS
KORD,2021-09-02,78.8,GFS
KORD,2021-09-03,75.2,GFS
KORD,2021-09-04,73.0,GFS
KORD,2021-09-05,81.4,GFS
KORD,2021-09-06,82.0,GFS
KORD,2021-09-07,88.6,GFS
KORD,2021-09-08,78.8,GFS
KORD,2021-09-09,75.7,GFS
KORD,2021-09-10,80.3,GFS
KORD,2021-09-11,85.5,GFS
KORD,2021-09-12,87.7,GFS
KORD,2021-09-13,87.9,GFS
KORD,2021-09-14,86.0,GFS
KORD,2021-09-15,75.9,GFS
KORD,2021-09-16,82.8,GFS
KORD,2021-09-17,88.6,GFS
KORD,2021-09-18,77.3,GFS
KORD,2021-09-19,88.5,GFS
KORD,2021-09-20,81.4,GFS
KORD,2021-09-22,62.8,GFS
KORD,2021-09-23,66.9,GFS
KORD,2021-09-24,78.6,GFS
KORD,2021-09-25,72.2,GFS
KORD,2021-09-26,82.9,GFS
KORD,2021-09-27,87.2,GFS
KORD,2021-09-28,72.4,GFS
KORD,2021-09-29,80.7,GFS
KORD,2021-09-30,78.5,GFS
KORD,2021-10-01,85.9,GFS
KORD,2021-10-02,79.5,GFS
KORD,2021-10-03,74.5,GFS
KORD,2021-10-04,70.8,GFS
KORD,2021-10-05,66.1,GFS
KORD,2021-10-06,67.0,GFS
KORD,2021-10-07,72.4,GFS
KORD,2021-10-08,73.0,GFS
KORD,2021-10-09,78.0,GFS
KORD,2021-10-10,77.2,GFS
KORD,2021-10-11,77.0,GFS
KORD,2021-10-12,67.2,GFS
KORD,2021-10-13,70.1,GFS
KORD,2021-10-14,70.5,GFS
KORD,2021-10-15,63.3,GFS
KORD,2021-10-16,59.5,GFS
KORD,2021-10-17,66.5,GFS
KORD,2021-10-18,72.1,GFS
KORD,2021-10-19,71.6,GFS
KORD,2021-10-20,72.3,GFS
KORD,2021-10-21,67.2,GFS
KORD,2021-10-22,54.4,GFS
KORD,2021-10-23,55.0,GFS
KORD,2021-10-24,51.1,GFS
KORD,2021-10-25,51.9,GFS
KORD,2021-10-26,55.0,GFS
KORD,2021-10-27,55.3,GFS
KORD,2021-10-28,54.9,GFS
KORD,2021-10-29,55.5,GFS
KORD,2021-10-30,57.4,GFS
KORD,2021-10-31,53.0,GFS
KORD,2021-11-01,46.4,GFS
KORD,2021-11-02,45.2,GFS
KORD,2021-11-03,43.0,GFS
KORD,2021-11-04,46.8,GFS
KORD,2021-11-05,52.0,GFS
KORD,2021-11-06,59.5,GFS
KORD,2021-11-07,65.1,GFS
KORD,2021-11-08,64.9,GFS
KORD,2021-11-09,57.7,GFS
KORD,2021-11-10,55.5,GFS
KORD,2021-11-11,56.9,GFS
KORD,2021-11-12,46.1,GFS
KORD,2021-11-13,38.5,GFS
KORD,2021-11-14,36.9,GFS
KORD,2021-11-15,35.1,GFS
KORD,2021-11-16,47.0,GFS
KORD,2021-11-17,60.3,GFS
KORD,2021-11-18,46.9,GFS
KORD,2021-11-19,38.9,GFS
KORD,2021-11-20,49.3,GFS
KORD,2021-11-21,53.9,GFS
KORD,2021-11-22,42.0,GFS
KORD,2021-11-23,42.9,GFS
KORD,2021-11-24,51.1,GFS
KORD,2021-11-25,51.0,GFS
KORD,2021-11-26,30.3,GFS
KORD,2021-11-27,40.7,GFS
KORD,2021-11-29,40.5,GFS
KORD,2021-11-30,52.1,GFS
KORD,2021-12-01,46.6,GFS
KORD,2021-12-02,56.9,GFS
KORD,2021-12-03,49.0,GFS
KORD,2021-12-04,42.3,GFS
KORD,2021-12-05,39.1,GFS
KORD,2021-12-06,40.2,GFS
KORD,2021-12-07,22.8,GFS
KORD,2021-12-08,33.9,GFS
KORD,2021-12-09,43.5,GFS
KORD,2021-12-10,44.4,GFS
KORD,2021-12-11,57.1,GFS
KORD,2021-12-12,48.3,GFS
KORD,2021-12-13,49.1,GFS
KORD,2021-12-14,53.1,GFS
KORD,2021-12-15,63.2,GFS
KORD,2021-12-16,63.3,GFS
KORD,2021-12-17,36.6,GFS
KORD,2021-12-18,39.0,GFS
KORD,2021-12-19,36.2,GFS
KORD,2021-12-20,41.0,GFS
KORD,2021-12-21,39.6,GFS
KORD,2021-12-22,34.2,GFS
KORD,2021-12-23,43.6,GFS
KORD,2021-12-24,53.1,GFS
KORD,2021-12-25,54.8,GFS
KORD,2021-12-26,40.4,GFS
KORD,2021-12-29,36.0,GFS
KORD,2021-12-30,36.0,GFS
KORD,2021-12-31,40.0,GFS
KORD,2022-01-01,40.4,GFS
KORD,2022-01-02,28.4,GFS
KORD,2022-01-03,21.3,GFS
KORD,2022-01-04,33.1,GFS
KORD,2022-01-05,32.0,GFS
KORD,2022-01-06,14.1,GFS
KORD,2022-01-07,14.4,GFS
KORD,2022-01-08,26.6,GFS
KORD,2022-01-09,33.2,GFS
KORD,2022-01-10,15.5,GFS
KORD,2022-01-11,30.7,GFS
KORD,2022-01-12,39.6,GFS
KORD,2022-01-13,38.6,GFS
KORD,2022-01-14,36.6,GFS
KORD,2022-01-15,29.8,GFS
KORD,2022-01-16,26.9,GFS
KORD,2022-01-17,27.8,GFS
KORD,2022-01-18,42.1,GFS
KORD,2022-01-19,40.2,GFS
KORD,2022-01-20,17.9,GFS
KORD,2022-01-21,24.0,GFS
KORD,2022-01-22,32.3,GFS
KORD,2022-01-23,24.9,GFS
KORD,2022-01-24,25.3,GFS
KORD,2022-01-25,14.6,GFS
KORD,2022-01-26,9.7,GFS
KORD,2022-01-27,31.7,GFS
KORD,2022-01-28,27.8,GFS
KORD,2022-01-29,21.0,GFS
KORD,2022-01-30,30.2,GFS
KORD,2022-01-31,33.0,GFS
KORD,2022-02-01,46.7,GFS
KORD,2022-02-02,36.5,GFS
KORD,2022-02-03,21.3,GFS
KORD,2022-02-04,23.7,GFS
KORD,2022-02-05,18.8,GFS
KORD,2022-02-06,31.4,GFS
KORD,2022-02-07,30.4,GFS
KORD,2022-02-08,33.0,GFS
KORD,2022-02-09,39.8,GFS
KORD,2022-02-10,35.7,GFS
KORD,2022-02-11,42.5,GFS
KORD,2022-02-12,31.5,GFS
KORD,2022-02-13,18.2,GFS
KORD,2022-02-14,25.3,GFS
KORD,2022-02-15,37.7,GFS
KORD,2022-02-16,52.7,GFS
KORD,2022-02-17,51.9,GFS
KORD,2022-02-18,25.6,GFS
KORD,2022-02-19,29.1,GFS
KORD,2022-02-20,48.3,GFS
KORD,2022-02-21,44.8,GFS
KORD,2022-02-22,45.6,GFS
KORD,2022-02-23,27.6,GFS
KORD,2022-02-24,26.6,GFS
KORD,2022-02-25,28.8,GFS
KORD,2022-02-26,30.0,GFS
KORD,2022-02-27,42.4,GFS
KORD,2022-02-28,52.9,GFS
KORD,2022-03-01,52.2,GFS
KORD,2022-03-02,57.4,GFS
KORD,2022-03-03,43.3,GFS
KORD,2022-03-04,40.3,GFS
KORD,2022-03-05,68.8,GFS
KORD,2022-03-06,66.8,GFS
KORD,2022-03-07,39.2,GFS
KORD,2022-03-08,38.4,GFS
KORD,2022-03-09,40.8,GFS
KORD,2022-03-10,34.9,GFS
KORD,2022-03-11,31.0,GFS
KORD,2022-03-12,25.0,GFS
KORD,2022-03-13,50.7,GFS
KORD,2022-03-14,62.7,GFS
KORD,2022-03-15,51.7,GFS
KORD,2022-03-16,68.2,GFS
KORD,2022-03-17,69.1,GFS
KORD,2022-03-18,52.6,GFS
KORD,2022-03-19,41.8,GFS
KORD,2022-03-20,62.7,GFS
KORD,2022-03-21,74.7,GFS
KORD,2022-03-22,68.5,GFS
KORD,2022-03-23,58.0,GFS
KORD,2022-03-24,53.6,GFS
KORD,2022-03-25,45.5,GFS
KORD,2022-03-26,39.0,GFS
KORD,2022-03-27,35.3,GFS
KORD,2022-03-28,33.1,GFS
KORD,2022-03-29,41.1,GFS
KORD,2022-03-30,58.5,GFS
KORD,2022-03-31,57.5,GFS
KORD,2022-04-01,44.1,GFS
KORD,2022-04-02,41.2,GFS
KORD,2022-04-03,45.7,GFS
KORD,2022-04-04,49.8,GFS
KORD,2022-04-05,49.9,GFS
KORD,2022-04-06,54.6,GFS
KORD,2022-04-07,49.2,GFS
KORD,2022-04-08,41.1,GFS
KORD,2022-04-09,46.0,GFS
KORD,2022-04-10,61.4,GFS
KORD,2022-04-11,62.6,GFS
KORD,2022-04-12,67.6,GFS
KORD,2022-04-13,69.5,GFS
KORD,2022-04-14,55.4,GFS
KORD,2022-04-15,52.8,GFS
KORD,2022-04-16,46.6,GFS
KORD,2022-04-17,41.1,GFS
KORD,2022-04-18,39.1,GFS
KORD,2022-04-19,49.2,GFS
KORD,2022-04-20,50.5,GFS
KORD,2022-04-21,68.1,GFS
KORD,2022-04-22,65.4,GFS
KORD,2022-04-23,82.8,GFS
KORD,2022-04-24,78.9,GFS
KORD,2022-04-25,65.0,GFS
KORD,2022-04-26,50.5,GFS
KORD,2022-04-27,48.1,GFS
KORD,2022-04-28,47.2,GFS
KORD,2022-04-29,64.6,GFS
KORD,2022-04-30,64.6,GFS
KORD,2022-05-01,65.2,GFS
KORD,2022-05-02,52.7,GFS
KORD,2022-05-03,52.2,GFS
KORD,2022-05-04,54.5,GFS
KORD,2022-05-05,51.5,GFS
KORD,2022-05-06,50.1,GFS
KORD,2022-05-07,61.2,GFS
KORD,2022-05-08,65.6,GFS
KORD,2022-05-09,82.2,GFS
KORD,2022-05-10,89.4,GFS
KORD,2022-05-11,89.2,GFS
KORD,2022-05-12,92.4,GFS
KORD,2022-05-13,90.9,GFS
KORD,2022-05-14,87.0,GFS
KORD,2022-05-15,79.6,GFS
KORD,2022-05-16,76.6,GFS
KORD,2022-05-17,75.0,GFS
KORD,2022-05-18,57.9,GFS
KORD,2022-05-19,86.6,GFS
KORD,2022-05-20,84.0,GFS
KORD,2022-05-21,72.0,GFS
KORD,2022-05-22,62.7,GFS
KORD,2022-05-23,60.3,GFS
KORD,2022-05-24,64.0,GFS
KORD,2022-05-25,75.8,GFS
KORD,2022-05-26,77.8,GFS
KORD,2022-05-27,75.4,GFS
KORD,2022-05-28,74.5,GFS
KORD,2022-05-29,84.7,GFS
KORD,2022-05-30,88.9,GFS
KORD,2022-05-31,86.6,GFS
KORD,2022-06-01,84.4,GFS
KORD,2022-06-02,76.7,GFS
KORD,2022-06-03,80.7,GFS
KORD,2022-06-04,77.1,GFS
KORD,2022-06-05,74.5,GFS
KORD,2022-06-06,75.2,GFS
KORD,2022-06-07,73.2,GFS
KORD,2022-06-08,68.9,GFS
KORD,2022-06-09,77.7,GFS
KORD,2022-06-10,78.7,GFS
KORD,2022-06-11,73.7,GFS
KORD,2022-06-12,72.4,GFS
KORD,2022-06-13,85.9,GFS
KORD,2022-06-14,98.4,GFS
KORD,2022-06-15,96.9,GFS
KORD,2022-06-16,95.0,GFS
KORD,2022-06-17,88.8,GFS
KORD,2022-06-18,80.0,GFS
KORD,2022-06-19,86.0,GFS
KORD,2022-06-20,94.8,GFS
KORD,2022-06-21,98.0,GFS
KORD,2022-06-22,93.3,GFS
KORD,2022-06-23,85.3,GFS
KORD,2022-06-24,92.2,GFS
KORD,2022-06-25,86.6,GFS
KORD,2022-06-26,79.5,GFS
KORD,2022-06-27,78.2,GFS
KORD,2022-06-28,84.7,GFS
KORD,2022-06-29,85.4,GFS
KORD,2022-06-30,91.3,GFS
KORD,2022-07-01,88.4,GFS
KORD,2022-07-02,85.3,GFS
KORD,2022-07-03,86.1,GFS
KORD,2022-07-04,86.4,GFS
KORD,2022-07-05,90.7,GFS
KORD,2022-07-06,78.0,GFS
KORD,2022-07-07,84.8,GFS
KORD,2022-07-08,83.1,GFS
KORD,2022-07-09,75.4,GFS
KORD,2022-07-10,86.3,GFS
KORD,2022-07-11,84.8,GFS
KORD,2022-07-12,85.2,GFS
KORD,2022-07-13,82.6,GFS
KORD,2022-07-14,78.3,GFS
KORD,2022-07-15,74.7,GFS
KORD,2022-07-16,71.8,GFS
KORD,2022-07-17,75.0,GFS
KORD,2022-07-18,89.3,GFS
KORD,2022-07-19,88.9,GFS
KORD,2022-07-20,87.0,GFS
KORD,2022-07-21,91.7,GFS
KORD,2022-07-22,91.5,GFS
KORD,2022-07-23,86.8,GFS
KORD,2022-07-24,83.1,GFS
KORD,2022-07-25,80.4,GFS
KORD,2022-07-26,80.7,GFS
KORD,2022-07-27,83.1,GFS
KORD,2022-07-28,80.7,GFS
KORD,2022-07-29,79.8,GFS
KORD,2022-07-30,82.3,GFS
KORD,2022-07-31,83.6,GFS
KORD,2022-08-01,83.2,GFS
KORD,2022-08-02,88.4,GFS
KORD,2022-08-03,89.4,GFS
KORD,2022-08-04,82.1,GFS
KORD,2022-08-05,86.1,GFS
KORD,2022-08-06,93.5,GFS
KORD,2022-08-07,89.1,GFS
KORD,2022-08-08,79.3,GFS
KORD,2022-08-09,73.9,GFS
KORD,2022-08-10,83.8,GFS
KORD,2022-08-11,80.8,GFS
KORD,2022-08-12,75.9,GFS
KORD,2022-08-13,77.1,GFS
KORD,2022-08-14,76.2,GFS
KORD,2022-08-15,77.0,GFS
KORD,2022-08-16,79.3,GFS
KORD,2022-08-17,80.0,GFS
KORD,2022-08-18,83.0,GFS
KORD,2022-08-19,83.9,GFS
KORD,2022-08-20,80.4,GFS
KORD,2022-08-21,76.5,GFS
KORD,2022-08-22,80.5,GFS
KORD,2022-08-23,84.0,GFS
KORD,2022-08-24,84.1,GFS
KORD,2022-08-25,80.1,GFS
KORD,2022-08-26,78.2,GFS
KORD,2022-08-27,81.6,GFS
KORD,2022-08-28,87.9,GFS
KORD,2022-08-29,84.4,GFS
KORD,2022-08-30,80.4,GFS
KORD,2022-08-31,84.9,GFS
KORD,2022-09-01,88.5,GFS
KORD,2022-09-02,86.2,GFS
KORD,2022-09-03,85.0,GFS
KORD,2022-09-04,72.3,GFS
KORD,2022-09-05,69.9,GFS
KORD,2022-09-06,77.5,GFS
KORD,2022-09-07,79.8,GFS
KORD,2022-09-08,84.2,GFS
KORD,2022-09-09,84.1,GFS
KORD,2022-09-10,84.8,GFS
KORD,2022-09-11,78.1,GFS
KORD,2022-09-12,63.4,GFS
KORD,2022-09-13,76.2,GFS
KORD,2022-09-14,77.7,GFS
KORD,2022-09-15,82.3,GFS
KORD,2022-09-16,83.3,GFS
KORD,2022-09-17,85.2,GFS
KORD,2022-09-18,85.2,GFS
KORD,2022-09-19,81.2,GFS
KORD,2022-09-20,85.3,GFS
KORD,2022-09-21,85.2,GFS
KORD,2022-09-22,73.5,GFS
KORD,2022-09-23,63.3,GFS
KORD,2022-09-24,70.6,GFS
KORD,2022-09-25,64.9,GFS
KORD,2022-09-26,63.4,GFS
KORD,2022-09-27,59.3,GFS
KORD,2022-09-28,59.3,GFS
KORD,2022-09-29,63.6,GFS
KORD,2022-09-30,65.8,GFS
KORD,2022-10-01,67.0,GFS
KORD,2022-10-02,64.0,GFS
KORD,2022-10-03,67.5,GFS
KORD,2022-10-04,73.6,GFS
KORD,2022-10-05,75.7,GFS
KORD,2022-10-06,74.3,GFS
KORD,2022-10-07,56.3,GFS
KORD,2022-10-08,58.0,GFS
KORD,2022-10-09,68.1,GFS
KORD,2022-10-10,72.5,GFS
KORD,2022-10-11,69.5,GFS
KORD,2022-10-12,62.4,GFS
KORD,2022-10-13,53.6,GFS
KORD,2022-10-14,59.9,GFS
KORD,2022-10-15,53.0,GFS
KORD,2022-10-16,52.7,GFS
KORD,2022-10-17,48.1,GFS
KORD,2022-10-18,45.8,GFS
KORD,2022-10-19,47.4,GFS
KORD,2022-10-20,61.1,GFS
KORD,2022-10-21,75.6,GFS
KORD,2022-10-22,78.9,GFS
KORD,2022-10-23,78.3,GFS
KORD,2022-10-24,75.1,GFS
KORD,2022-10-25,73.7,GFS
KORD,2022-10-26,52.8,GFS
KORD,2022-10-27,52.9,GFS
KORD,2022-10-28,60.0,GFS
KORD,2022-10-29,65.9,GFS
KORD,2022-10-30,63.6,GFS
KORD,2022-10-31,56.4,GFS
KORD,2022-11-01,69.1,GFS
KORD,2022-11-02,71.9,GFS
KORD,2022-11-03,72.5,GFS
KORD,2022-11-04,67.2,GFS
KORD,2022-11-05,67.5,GFS
KORD,2022-11-06,60.8,GFS
KORD,2022-11-07,54.9,GFS
KORD,2022-11-08,52.8,GFS
KORD,2022-11-09,69.0,GFS
KORD,2022-11-10,75.4,GFS
KORD,2022-11-11,68.1,GFS
KORD,2022-11-12,35.8,GFS
KORD,2022-11-13,36.4,GFS
KORD,2022-11-14,41.1,GFS
KORD,2022-11-15,38.0,GFS
KORD,2022-11-16,35.7,GFS
KORD,2022-11-17,32.4,GFS
KORD,2022-11-18,31.8,GFS
KORD,2022-11-19,26.7,GFS
KORD,2022-11-20,32.7,GFS
KORD,2022-11-21,46.0,GFS
KORD,2022-11-22,51.7,GFS
KORD,2022-11-23,58.4,GFS
KORD,2022-11-24,52.7,GFS
KORD,2022-11-25,51.9,GFS
KORD,2022-11-26,54.9,GFS
KORD,2022-11-27,47.4,GFS
KORD,2022-11-28,45.3,GFS
KORD,2022-11-29,58.8,GFS
KORD,2022-11-30,57.8,GFS
KORD,2022-12-01,35.1,GFS
KORD,2022-12-02,52.1,GFS
KORD,2022-12-03,52.0,GFS
KORD,2022-12-04,39.4,GFS
KORD,2022-12-05,43.9,GFS
KORD,2022-12-06,42.8,GFS
KORD,2022-12-07,42.9,GFS
KORD,2022-12-08,42.3,GFS
KORD,2022-12-09,37.9,GFS
KORD,2022-12-10,38.9,GFS
KORD,2022-12-11,39.1,GFS
KORD,2022-12-12,41.5,GFS
KORD,2022-12-13,38.6,GFS
KORD,2022-12-14,42.5,GFS
KORD,2022-12-15,41.4,GFS
KORD,2022-12-16,32.1,GFS
KORD,2022-12-17,25.8,GFS
KORD,2022-12-18,21.4,GFS
KORD,2022-12-19,25.1,GFS
KORD,2022-12-20,32.4,GFS
KORD,2022-12-21,29.0,GFS
KORD,2022-12-22,33.0,GFS
KORD,2022-12-23,3.9,GFS
KORD,2022-12-24,12.8,GFS
KORD,2022-12-25,13.4,GFS
KORD,2022-12-26,21.1,GFS
KORD,2022-12-27,24.2,GFS
KORD,2022-12-28,45.7,GFS
KORD,2022-12-29,57.5,GFS
KORD,2022-12-30,55.9,GFS
KORD,2022-12-31,38.4,GFS
KORD,2023-01-01,43.5,GFS
KORD,2023-01-02,42.5,GFS
KORD,2023-01-03,42.9,GFS
KORD,2023-01-04,43.3,GFS
KORD,2023-01-05,33.9,GFS
KORD,2023-01-06,33.3,GFS
KORD,2023-01-07,31.0,GFS
KORD,2023-01-08,32.0,GFS
KORD,2023-01-09,42.9,GFS
KORD,2023-01-10,49.1,GFS
KORD,2023-01-11,52.0,GFS
KORD,2023-01-12,47.6,GFS
KORD,2023-01-13,37.3,GFS
KORD,2023-01-14,30.8,GFS
KORD,2023-01-15,42.9,GFS
KORD,2023-01-16,44.4,GFS
KORD,2023-01-17,50.3,GFS
KORD,2023-01-18,39.4,GFS
KORD,2023-01-19,41.1,GFS
KORD,2023-01-20,37.4,GFS
KORD,2023-01-21,31.2,GFS
KORD,2023-01-22,32.9,GFS
KORD,2023-01-23,31.2,GFS
KORD,2023-01-24,35.8,GFS
KORD,2023-01-25,34.6,GFS
KORD,2023-01-26,32.8,GFS
KORD,2023-01-27,34.6,GFS
KORD,2023-01-28,34.2,GFS
KORD,2023-01-29,30.3,GFS
KORD,2023-01-30,20.8,GFS
KORD,2023-01-31,12.0,GFS
KORD,2023-02-01,26.5,GFS
KORD,2023-02-02,33.5,GFS
KORD,2023-02-03,24.9,GFS
KORD,2023-02-04,41.3,GFS
KORD,2023-02-05,41.6,GFS
KORD,2023-02-06,44.7,GFS
KORD,2023-02-07,51.0,GFS
KORD,2023-02-08,43.9,GFS
KORD,2023-02-09,41.6,GFS
KORD,2023-02-10,36.8,GFS
KORD,2023-02-11,47.2,GFS
KORD,2023-02-12,53.0,GFS
KORD,2023-02-13,52.3,GFS
KORD,2023-02-14,54.7,GFS
KORD,2023-02-15,51.1,GFS
KORD,2023-02-16,37.8,GFS
KORD,2023-02-17,30.5,GFS
KORD,2023-02-18,43.8,GFS
KORD,2023-02-19,51.7,GFS
KORD,2023-02-20,46.2,GFS
KORD,2023-02-21,41.0,GFS
KORD,2023-02-22,34.3,GFS
KORD,2023-02-23,38.4,GFS
KORD,2023-02-24,29.1,GFS
KORD,2023-02-25,37.9,GFS
KORD,2023-02-26,48.3,GFS
KORD,2023-02-27,56.2,GFS
KORD,2023-02-28,50.3,GFS
KORD,2023-03-01,55.0,GFS
KORD,2023-03-02,49.2,GFS
KORD,2023-03-03,38.5,GFS
KORD,2023-03-04,49.7,GFS
KORD,2023-03-05,47.9,GFS
KORD,2023-03-06,52.6,GFS
KORD,2023-03-07,45.0,GFS
KORD,2023-03-08,44.7,GFS
KORD,2023-03-09,40.7,GFS
KORD,2023-03-10,35.8,GFS
KORD,2023-03-11,38.5,GFS
KORD,2023-03-12,36.5,GFS
KORD,2023-03-13,34.0,GFS
KORD,2023-03-14,37.0,GFS
KORD,2023-03-15,50.3,GFS
KORD,2023-03-16,48.1,GFS
KORD,2023-03-17,47.9,GFS
KORD,2023-03-18,30.1,GFS
KORD,2023-03-19,40.1,GFS
KORD,2023-03-20,51.0,GFS
KORD,2023-03-21,54.3,GFS
KORD,2023-03-22,50.0,GFS
KORD,2023-03-23,48.0,GFS
KORD,2023-03-24,44.7,GFS
KORD,2023-03-25,42.1,GFS
KORD,2023-03-26,46.0,GFS
KORD,2023-03-27,45.3,GFS
KORD,2023-03-28,51.2,GFS
KORD,2023-03-29,47.1,GFS
KORD,2023-03-30,48.7,GFS
KORD,2023-03-31,65.6,GFS
KORD,2023-04-01,61.9,GFS
KORD,2023-04-02,54.8,GFS
KORD,2023-04-03,62.3,GFS
KORD,2023-04-04,52.2,GFS
KORD,2023-04-05,68.9,GFS
KORD,2023-04-06,52.5,GFS
KORD,2023-04-07,50.2,GFS
KORD,2023-04-08,63.1,GFS
KORD,2023-04-09,68.4,GFS
KORD,2023-04-10,71.1,GFS
KORD,2023-04-11,78.9,GFS
KORD,2023-04-12,82.1,GFS
KORD,2023-04-13,82.9,GFS
KORD,2023-04-14,82.9,GFS
KORD,2023-04-15,81.6,GFS
KORD,2023-04-16,78.9,GFS
KORD,2023-04-17,39.4,GFS
KORD,2023-04-18,57.5,GFS
KORD,2023-04-19,60.9,GFS
KORD,2023-04-20,78.9,GFS
KORD,2023-04-21,71.0,GFS
KORD,2023-04-22,57.3,GFS
KORD,2023-04-23,42.5,GFS
KORD,2023-04-24,53.1,GFS
KORD,2023-04-25,48.1,GFS
KORD,2023-04-26,49.7,GFS
KORD,2023-04-27,66.5,GFS
KORD,2023-04-28,61.1,GFS
KORD,2023-04-29,58.2,GFS
KORD,2023-04-30,52.6,GFS
KORD,2023-05-01,45.4,GFS
KORD,2023-05-02,53.7,GFS
KORD,2023-05-03,57.6,GFS
KORD,2023-05-04,71.4,GFS
KORD,2023-05-05,78.0,GFS
KORD,2023-05-06,76.5,GFS
KORD,2023-05-07,85.1,GFS
KORD,2023-05-08,65.4,GFS
KORD,2023-05-09,68.7,GFS
KORD,2023-05-10,79.5,GFS
KORD,2023-05-11,83.4,GFS
KORD,2023-05-12,76.7,GFS
KORD,2023-05-13,65.2,GFS
KORD,2023-05-14,62.2,GFS
KORD,2023-05-15,66.8,GFS
KORD,2023-05-16,81.0,GFS
KORD,2023-05-17,59.7,GFS
KORD,2023-05-18,73.7,GFS
KORD,2023-05-19,74.7,GFS
KORD,2023-05-20,70.8,GFS
KORD,2023-05-21,80.9,GFS
KORD,2023-05-22,81.0,GFS
KORD,2023-05-23,84.7,GFS
KORD,2023-05-24,78.5,GFS
KORD,2023-05-25,59.1,GFS
KORD,2023-05-26,67.7,GFS
KORD,2023-05-27,72.2,GFS
KORD,2023-05-28,78.7,GFS
KORD,2023-05-29,82.6,GFS
KORD,2023-05-30,87.9,GFS
KORD,2023-05-31,88.1,GFS
KORD,2023-06-01,89.8,GFS
KORD,2023-06-02,89.8,GFS
KORD,2023-06-03,87.1,GFS
KORD,2023-06-04,78.3,GFS
KORD,2023-06-05,82.9,GFS
KORD,2023-06-06,77.5,GFS
KORD,2023-06-07,73.2,GFS
KORD,2023-06-08,73.1,GFS
KORD,2023-06-09,80.7,GFS
KORD,2023-06-10,85.7,GFS
KORD,2023-06-11,81.9,GFS
KORD,2023-06-12,69.0,GFS
KORD,2023-06-13,67.4,GFS
KORD,2023-06-14,72.9,GFS
KORD,2023-06-15,79.1,GFS
KORD,2023-06-16,65.4,GFS
KORD,2023-06-17,78.5,GFS
KORD,2023-06-18,85.1,GFS
KORD,2023-06-19,84.7,GFS
KORD,2023-06-20,81.2,GFS
KORD,2023-06-21,85.3,GFS
KORD,2023-06-22,83.7,GFS
KORD,2023-06-23,83.2,GFS
KORD,2023-06-24,90.4,GFS
KORD,2023-06-25,85.1,GFS
KORD,2023-06-26,74.2,GFS
KORD,2023-06-27,76.3,GFS
KORD,2023-06-28,84.2,GFS
KORD,2023-06-29,87.1,GFS
KORD,2023-06-30,90.8,GFS
KORD,2023-07-01,84.3,GFS
KORD,2023-07-02,73.3,GFS
KORD,2023-07-03,81.7,GFS
KORD,2023-07-04,90.5,GFS
KORD,2023-07-05,88.6,GFS
KORD,2023-07-06,77.5,GFS
KORD,2023-07-07,79.0,GFS
KORD,2023-07-08,74.4,GFS
KORD,2023-07-09,83.4,GFS
KORD,2023-07-10,85.5,GFS
KORD,2023-07-11,83.8,GFS
KORD,2023-07-12,72.7,GFS
KORD,2023-07-13,75.4,GFS
KORD,2023-07-14,90.3,GFS
KORD,2023-07-15,85.5,GFS
KORD,2023-07-16,82.7,GFS
KORD,2023-07-17,79.7,GFS
KORD,2023-07-18,79.5,GFS
KORD,2023-07-19,84.5,GFS
KORD,2023-07-20,86.6,GFS
KORD,2023-07-21,80.5,GFS
KORD,2023-07-22,83.5,GFS
KORD,2023-07-23,83.8,GFS
KORD,2023-07-24,87.0,GFS
KORD,2023-07-25,89.9,GFS
KORD,2023-07-26,87.0,GFS
KORD,2023-07-27,91.0,GFS
KORD,2023-07-28,92.3,GFS
KORD,2023-07-29,84.1,GFS
KORD,2023-07-30,77.4,GFS
KORD,2023-07-31,79.7,GFS
KORD,2023-08-01,83.9,GFS
KORD,2023-08-02,83.3,GFS
KORD,2023-08-03,88.7,GFS
KORD,2023-08-04,84.5,GFS
KORD,2023-08-05,76.8,GFS
KORD,2023-08-06,72.0,GFS
KORD,2023-08-07,79.0,GFS
KORD,2023-08-08,84.7,GFS
KORD,2023-08-09,78.3,GFS
KORD,2023-08-10,84.3,GFS
KORD,2023-08-11,84.9,GFS
KORD,2023-08-12,86.1,GFS
KORD,2023-08-13,82.8,GFS
KORD,2023-08-14,74.3,GFS
KORD,2023-08-15,77.1,GFS
KORD,2023-08-16,82.5,GFS
KORD,2023-08-17,78.3,GFS
KORD,2023-08-18,78.4,GFS
KORD,2023-08-19,82.7,GFS
KORD,2023-08-20,88.0,GFS
KORD,2023-08-21,79.9,GFS
KORD,2023-08-22,88.5,GFS
KORD,2023-08-23,97.3,GFS
KORD,2023-08-24,99.3,GFS
KORD,2023-08-25,94.1,GFS
KORD,2023-08-26,78.9,GFS
KORD,2023-08-27,73.8,GFS
KORD,2023-08-28,79.6,GFS
KORD,2023-08-29,83.2,GFS
KORD,2023-08-30,71.7,GFS
KORD,2023-08-31,76.4,GFS
KORD,2023-09-01,83.3,GFS
KORD,2023-09-02,87.1,GFS
KORD,2023-09-03,92.5,GFS
KORD,2023-09-04,92.6,GFS
KORD,2023-09-05,91.4,GFS
KORD,2023-09-06,82.1,GFS
KORD,2023-09-07,71.6,GFS
KORD,2023-09-08,67.2,GFS
KORD,2023-09-09,73.9,GFS
KORD,2023-09-10,81.0,GFS
KORD,2023-09-11,73.7,GFS
KORD,2023-09-12,69.7,GFS
KORD,2023-09-13,67.1,GFS
KORD,2023-09-14,70.7,GFS
KORD,2023-09-15,77.9,GFS
KORD,2023-09-16,72.1,GFS
KORD,2023-09-17,65.7,GFS
KORD,2023-09-18,69.0,GFS
KORD,2023-09-19,62.7,GFS
KORD,2023-09-20,79.8,GFS
KORD,2023-09-21,78.1,GFS
KORD,2023-09-22,78.5,GFS
KORD,2023-09-23,78.8,GFS
KORD,2023-09-24,77.4,GFS
KORD,2023-09-25,72.7,GFS
KORD,2023-09-26,71.2,GFS
KORD,2023-09-27,68.6,GFS
KORD,2023-09-28,68.4,GFS
KORD,2023-09-29,74.5,GFS
KORD,2023-09-30,83.2,GFS
KORD,2023-10-01,85.2,GFS
KORD,2023-10-02,85.0,GFS
KORD,2023-10-03,86.1,GFS
KORD,2023-10-04,82.4,GFS
KORD,2023-10-05,78.4,GFS
KORD,2023-10-06,65.7,GFS
KORD,2023-10-07,58.8,GFS
KORD,2023-10-08,55.0,GFS
KORD,2023-10-09,57.0,GFS
KORD,2023-10-10,62.0,GFS
KORD,2023-10-11,66.0,GFS
KORD,2023-10-12,58.2,GFS
KORD,2023-10-13,57.9,GFS
KORD,2023-10-14,56.4,GFS
KORD,2023-10-15,55.8,GFS
KORD,2023-10-16,52.9,GFS
KORD,2023-10-17,62.4,GFS
KORD,2023-10-18,67.3,GFS
KORD,2023-10-19,64.4,GFS
KORD,2023-10-20,58.9,GFS
KORD,2023-10-21,64.2,GFS
KORD,2023-10-22,57.8,GFS
KORD,2023-10-23,66.1,GFS
KORD,2023-10-24,81.0,GFS
KORD,2023-10-25,74.1,GFS
KORD,2023-10-26,70.0,GFS
KORD,2023-10-27,69.5,GFS
KORD,2023-10-28,55.5,GFS
KORD,2023-10-29,48.3,GFS
KORD,2023-10-30,42.4,GFS
KORD,2023-10-31,36.1,GFS
KORD,2023-11-01,40.2,GFS
KORD,2023-11-02,54.5,GFS
KORD,2023-11-03,56.8,GFS
KORD,2023-11-04,56.0,GFS
KORD,2023-11-05,60.1,GFS
KORD,2023-11-06,69.8,GFS
KORD,2023-11-07,62.7,GFS
KORD,2023-11-08,54.2,GFS
KORD,2023-11-09,55.5,GFS
KORD,2023-11-10,48.4,GFS
KORD,2023-11-11,51.1,GFS
KORD,2023-11-12,56.9,GFS
KORD,2023-11-13,62.0,GFS
KORD,2023-11-14,60.9,GFS
KORD,2023-11-15,64.6,GFS
KORD,2023-11-16,66.4,GFS
KORD,2023-11-17,62.6,GFS
KORD,2023-11-18,52.8,GFS
KORD,2023-11-19,53.6,GFS
KORD,2023-11-20,48.4,GFS
KORD,2023-11-21,45.0,GFS
KORD,2023-11-22,44.0,GFS
KORD,2023-11-23,45.9,GFS
KORD,2023-11-24,39.0,GFS
KORD,2023-11-25,37.2,GFS
KORD,2023-11-26,32.5,GFS
KORD,2023-11-27,30.9,GFS
KORD,2023-11-28,23.6,GFS
KORD,2023-11-29,40.4,GFS
KORD,2023-11-30,51.4,GFS
KORD,2023-12-01,48.9,GFS
KORD,2023-12-02,42.5,GFS
KORD,2023-12-03,41.1,GFS
KORD,2023-12-04,39.4,GFS
KORD,2023-12-05,39.9,GFS
KORD,2023-12-06,36.8,GFS
KORD,2023-12-07,50.3,GFS
KORD,2023-12-08,54.8,GFS
KORD,2023-12-09,53.8,GFS
KORD,2023-12-10,39.7,GFS
KORD,2023-12-11,35.0,GFS
KORD,2023-12-12,37.1,GFS
KORD,2023-12-13,41.2,GFS
KORD,2023-12-14,51.4,GFS
KORD,2023-12-15,53.2,GFS
KORD,2023-12-16,48.6,GFS
KORD,2023-12-17,44.2,GFS
KORD,2023-12-18,37.6,GFS
KORD,2023-12-19,31.7,GFS
KORD,2023-12-20,43.6,GFS
KORD,2023-12-21,46.5,GFS
KORD,2023-12-22,45.4,GFS
KORD,2023-12-23,47.4,GFS
KORD,2023-12-24,54.0,GFS
KORD,2023-12-26,53.0,GFS
KORD,2023-12-27,41.9,GFS
KORD,2023-12-28,40.8,GFS
KORD,2023-12-29,40.5,GFS
KORD,2023-12-30,36.7,GFS
KORD,2023-12-31,36.5,GFS
KORD,2024-01-01,32.1,GFS
KORD,2024-01-02,37.6,GFS
KORD,2024-01-03,35.7,GFS
KORD,2024-01-04,35.2,GFS
KORD,2024-01-05,36.9,GFS
KORD,2024-01-06,33.5,GFS
KORD,2024-01-07,33.9,GFS
KORD,2024-01-08,35.7,GFS
KORD,2024-01-09,35.7,GFS
KORD,2024-01-10,33.0,GFS
KORD,2024-01-11,33.0,GFS
KORD,2024-01-12,34.1,GFS
KORD,2024-01-13,32.6,GFS
KORD,2024-01-14,10.4,GFS
KORD,2024-01-15,0.6,GFS
KORD,2024-01-16,1.5,GFS
KORD,2024-01-17,16.8,GFS
KORD,2024-01-18,23.7,GFS
KORD,2024-01-19,19.0,GFS
KORD,2024-01-20,16.8,GFS
KORD,2024-01-21,19.6,GFS
KORD,2024-01-22,32.1,GFS
KORD,2024-01-23,33.0,GFS
KORD,2024-01-24,36.4,GFS
KORD,2024-01-25,37.1,GFS
KORD,2024-01-26,36.2,GFS
KORD,2024-01-27,40.4,GFS
KORD,2024-01-28,40.3,GFS
KORD,2024-01-29,37.2,GFS
KORD,2024-01-30,40.2,GFS
KORD,2024-01-31,39.3,GFS
KORD,2024-02-01,49.7,GFS
KORD,2024-02-02,39.0,GFS
KORD,2024-02-03,38.3,GFS
KORD,2024-02-04,44.4,GFS
KORD,2024-02-05,38.8,GFS
KORD,2024-02-06,45.6,GFS
KORD,2024-02-07,47.1,GFS
KORD,2024-02-08,59.1,GFS
KORD,2024-02-09,56.6,GFS
KORD,2024-02-10,51.0,GFS
KORD,2024-02-11,39.5,GFS
KORD,2024-02-12,46.0,GFS
KORD,2024-02-13,40.2,GFS
KORD,2024-02-14,47.2,GFS
KORD,2024-02-15,43.3,GFS
KORD,2024-02-16,37.1,GFS
KORD,2024-02-17,29.5,GFS
KORD,2024-02-18,45.4,GFS
KORD,2024-02-19,50.5,GFS
KORD,2024-02-20,56.5,GFS
KORD,2024-02-21,63.8,GFS
KORD,2024-02-22,59.9,GFS
KORD,2024-02-23,54.3,GFS
KORD,2024-02-24,34.7,GFS
KORD,2024-02-25,60.2,GFS
KORD,2024-02-26,70.0,GFS
KORD,2024-02-27,72.6,GFS
KORD,2024-02-28,66.6,GFS
KORD,2024-02-29,44.6,GFS
KORD,2024-03-01,45.6,GFS
KORD,2024-03-02,59.1,GFS
KORD,2024-03-03,71.9,GFS
KORD,2024-03-04,70.5,GFS
KORD,2024-03-05,69.5,GFS
KORD,2024-03-06,46.1,GFS
KORD,2024-03-07,47.9,GFS
KORD,2024-03-08,44.7,GFS
KORD,2024-03-09,43.6,GFS
KORD,2024-03-10,47.4,GFS
KORD,2024-03-11,67.1,GFS
KORD,2024-03-12,70.8,GFS
KORD,2024-03-13,68.0,GFS
KORD,2024-03-14,60.5,GFS
KORD,2024-03-15,50.1,GFS
KORD,2024-03-16,57.9,GFS
KORD,2024-03-17,47.1,GFS
KORD,2024-03-18,35.7,GFS
KORD,2024-03-19,57.2,GFS
KORD,2024-03-20,55.0,GFS
KORD,2024-03-21,39.7,GFS
KORD,2024-03-22,36.3,GFS
KORD,2024-03-23,37.5,GFS
KORD,2024-03-24,46.4,GFS
KORD,2024-03-25,61.4,GFS
KORD,2024-03-26,59.3,GFS
KORD,2024-03-27,43.1,GFS
KORD,2024-03-28,50.3,GFS
KORD,2024-03-29,52.1,GFS
KORD,2024-03-30,58.2,GFS
KORD,2024-03-31,51.9,GFS
KORD,2024-04-01,46.7,GFS
KORD,2024-04-02,44.2,GFS
KORD,2024-04-03,37.4,GFS
KORD,2024-04-04,40.9,GFS
KORD,2024-04-05,47.1,GFS
KORD,2024-04-06,52.8,GFS
KORD,2024-04-07,48.9,GFS
KORD,2024-04-08,71.2,GFS
KORD,2024-04-09,69.6,GFS
KORD,2024-04-10,67.4,GFS
KORD,2024-04-11,62.7,GFS
KORD,2024-04-12,63.5,GFS
KORD,2024-04-13,70.5,GFS
KORD,2024-04-14,80.1,GFS
KORD,2024-04-15,74.6,GFS
KORD,2024-04-16,78.0,GFS
KORD,2024-04-17,71.1,GFS
KORD,2024-04-18,56.8,GFS
KORD,2024-04-19,57.0,GFS
KORD,2024-04-20,53.1,GFS
KORD,2024-04-21,57.4,GFS
KORD,2024-04-22,66.5,GFS
KORD,2024-04-23,63.9,GFS
KORD,2024-04-24,61.1,GFS
KORD,2024-04-25,56.9,GFS
KORD,2024-04-26,57.6,GFS
KORD,2024-04-27,78.7,GFS
KORD,2024-04-28,75.1,GFS
KORD,2024-04-29,69.6,GFS
KORD,2024-04-30,74.0,GFS
KORD,2024-05-01,75.9,GFS
KORD,2024-05-02,77.2,GFS
KORD,2024-05-03,71.1,GFS
KORD,2024-05-04,80.7,GFS
KORD,2024-05-05,72.3,GFS
KORD,2024-05-06,69.3,GFS
KORD,2024-05-07,74.6,GFS
KORD,2024-05-08,78.1,GFS
KORD,2024-05-09,70.0,GFS
KORD,2024-05-10,67.5,GFS
KORD,2024-05-11,67.6,GFS
KORD,2024-05-12,82.7,GFS
KORD,2024-05-13,81.5,GFS
KORD,2024-05-14,65.4,GFS
KORD,2024-05-15,66.9,GFS
KORD,2024-05-16,75.4,GFS
KORD,2024-05-17,79.8,GFS
KORD,2024-05-18,85.1,GFS
KORD,2024-05-19,83.1,GFS
KORD,2024-05-20,84.0,GFS
KORD,2024-05-21,88.8,GFS
KORD,2024-05-22,86.6,GFS
KORD,2024-05-23,79.8,GFS
KORD,2024-05-24,77.6,GFS
KORD,2024-05-25,76.1,GFS
KORD,2024-05-26,70.5,GFS
KORD,2024-05-27,73.5,GFS
KORD,2024-05-28,72.1,GFS
KORD,2024-05-29,67.9,GFS
KORD,2024-05-30,70.5,GFS
KORD,2024-05-31,79.8,GFS
KORD,2024-06-01,76.0,GFS
KORD,2024-06-02,76.2,GFS
KORD,2024-06-03,86.1,GFS
KORD,2024-06-04,84.5,GFS
KORD,2024-06-05,81.5,GFS
KORD,2024-06-06,76.6,GFS
KORD,2024-06-07,78.4,GFS
KORD,2024-06-08,77.0,GFS
KORD,2024-06-09,80.0,GFS
KORD,2024-06-10,69.9,GFS
KORD,2024-06-11,78.1,GFS
KORD,2024-06-12,90.8,GFS
KORD,2024-06-13,90.0,GFS
KORD,2024-06-14,86.7,GFS
KORD,2024-06-15,84.3,GFS
KORD,2024-06-16,94.2,GFS
KORD,2024-06-17,96.8,GFS
KORD,2024-06-18,93.7,GFS
KORD,2024-06-19,93.3,GFS
KORD,2024-06-20,85.6,GFS
KORD,2024-06-21,94.7,GFS
KORD,2024-06-22,92.3,GFS
KORD,2024-06-23,88.6,GFS
KORD,2024-06-24,86.3,GFS
KORD,2024-06-25,85.4,GFS
KORD,2024-06-26,86.1,GFS
KORD,2024-06-27,82.8,GFS
KORD,2024-06-28,73.6,GFS
KORD,2024-06-29,88.7,GFS
KORD,2024-06-30,84.8,GFS
KORD,2024-07-01,73.2,GFS
KORD,2024-07-02,84.4,GFS
KORD,2024-07-03,88.8,GFS
KORD,2024-07-04,85.7,GFS
KORD,2024-07-05,82.9,GFS
KORD,2024-07-06,80.7,GFS
KORD,2024-07-07,85.5,GFS
KORD,2024-07-08,85.0,GFS
KORD,2024-07-09,84.2,GFS
KORD,2024-07-10,81.1,GFS
KORD,2024-07-11,79.8,GFS
KORD,2024-07-12,85.2,GFS
KORD,2024-07-13,90.8,GFS
KORD,2024-07-14,85.4,GFS
KORD,2024-07-15,88.6,GFS
KORD,2024-07-16,85.0,GFS
KORD,2024-07-17,80.7,GFS
KORD,2024-07-18,75.6,GFS
KORD,2024-07-19,78.5,GFS
KORD,2024-07-20,79.6,GFS
KORD,2024-07-21,82.7,GFS
KORD,2024-07-22,82.8,GFS
KORD,2024-07-23,85.4,GFS
KORD,2024-07-24,75.5,GFS
KORD,2024-07-25,78.3,GFS
KORD,2024-07-26,80.2,GFS
KORD,2024-07-27,86.3,GFS
KORD,2024-07-28,81.8,GFS
KORD,2024-07-29,80.7,GFS
KORD,2024-07-30,88.6,GFS
KORD,2024-07-31,91.9,GFS
KORD,2024-08-01,89.9,GFS
KORD,2024-08-02,86.5,GFS
KORD,2024-08-03,90.0,GFS
KORD,2024-08-04,91.3,GFS
KORD,2024-08-05,88.8,GFS
KORD,2024-08-06,77.1,GFS
KORD,2024-08-07,77.7,GFS
KORD,2024-08-08,83.4,GFS
KORD,2024-08-09,79.3,GFS
KORD,2024-08-10,75.5,GFS
KORD,2024-08-11,79.8,GFS
KORD,2024-08-12,81.7,GFS
KORD,2024-08-13,84.0,GFS
KORD,2024-08-14,85.0,GFS
KORD,2024-08-15,80.7,GFS
KORD,2024-08-16,87.9,GFS
KORD,2024-08-17,85.5,GFS
KORD,2024-08-18,79.2,GFS
KORD,2024-08-19,76.2,GFS
KORD,2024-08-20,72.6,GFS
KORD,2024-08-21,74.9,GFS
KORD,2024-08-22,79.8,GFS
KORD,2024-08-23,82.7,GFS
KORD,2024-08-24,90.3,GFS
KORD,2024-08-25,93.0,GFS
KORD,2024-08-26,96.5,GFS
KORD,2024-08-27,97.1,GFS
KORD,2024-08-28,84.4,GFS
KORD,2024-08-29,84.9,GFS
KORD,2024-08-30,83.0,GFS
KORD,2024-08-31,83.8,GFS
KORD,2024-09-01,79.9,GFS
KORD,2024-09-02,74.9,GFS
KORD,2024-09-03,77.8,GFS
KORD,2024-09-04,84.4,GFS
KORD,2024-09-05,87.6,GFS
KORD,2024-09-06,82.1,GFS
KORD,2024-09-07,65.4,GFS
KORD,2024-09-08,73.1,GFS
KORD,2024-09-09,81.0,GFS
KORD,2024-09-10,82.1,GFS
KORD,2024-09-11,88.0,GFS
KORD,2024-09-12,87.5,GFS
KORD,2024-09-13,83.2,GFS
KORD,2024-09-14,85.7,GFS
KORD,2024-09-15,87.7,GFS
KORD,2024-09-16,88.9,GFS
KORD,2024-09-17,83.7,GFS
KORD,2024-09-18,86.4,GFS
KORD,2024-09-19,90.0,GFS
KORD,2024-09-20,89.7,GFS
KORD,2024-09-21,91.1,GFS
KORD,2024-09-22,83.0,GFS
KORD,2024-09-23,68.6,GFS
KORD,2024-09-24,66.4,GFS
KORD,2024-09-25,76.2,GFS
KORD,2024-09-26,75.9,GFS
KORD,2024-09-27,71.9,GFS
KORD,2024-09-28,70.8,GFS
KORD,2024-09-29,71.5,GFS
KORD,2024-09-30,76.8,GFS
KORD,2024-10-01,68.8,GFS
KORD,2024-10-02,70.8,GFS
KORD,2024-10-03,78.2,GFS
KORD,2024-10-04,70.9,GFS
KORD,2024-10-05,84.5,GFS
KORD,2024-10-06,80.4,GFS
KORD,2024-10-07,67.1,GFS
KORD,2024-10-08,73.5,GFS
KORD,2024-10-09,68.1,GFS
KORD,2024-10-10,71.0,GFS
KORD,2024-10-11,82.8,GFS
KORD,2024-10-12,74.9,GFS
KORD,2024-10-13,66.1,GFS
KORD,2024-10-14,56.3,GFS
KORD,2024-10-15,51.1,GFS
KORD,2024-10-16,56.6,GFS
KORD,2024-10-17,64.0,GFS
KORD,2024-10-18,68.2,GFS
KORD,2024-10-19,71.2,GFS
KORD,2024-10-20,77.8,GFS
KORD,2024-10-21,80.1,GFS
KORD,2024-10-22,73.1,GFS
KORD,2024-10-23,69.5,GFS
KORD,2024-10-24,63.8,GFS
KORD,2024-10-25,63.9,GFS
KORD,2024-10-26,57.5,GFS
KORD,2024-10-27,58.8,GFS
KORD,2024-10-28,66.2,GFS
KORD,2024-10-29,81.4,GFS
KORD,2024-10-30,79.4,GFS
KORD,2024-10-31,74.5,GFS
KORD,2024-11-01,52.8,GFS
KORD,2024-11-02,57.9,GFS
KORD,2024-11-03,60.4,GFS
KORD,2024-11-04,66.8,GFS
KORD,2024-11-05,65.5,GFS
KORD,2024-11-06,63.2,GFS
KORD,2024-11-07,59.0,GFS
KORD,2024-11-08,61.8,GFS
KORD,2024-11-09,55.1,GFS
KORD,2024-11-10,61.5,GFS
KORD,2024-11-11,57.6,GFS
KORD,2024-11-12,48.3,GFS
KORD,2024-11-13,51.0,GFS
KORD,2024-11-14,53.7,GFS
KORD,2024-11-15,53.0,GFS
KORD,2024-11-16,51.9,GFS
KORD,2024-11-17,59.4,GFS
KORD,2024-11-18,55.9,GFS
KORD,2024-11-19,61.5,GFS
KORD,2024-11-20,55.7,GFS
KORD,2024-11-21,37.8,GFS
KORD,2024-11-22,46.4,GFS
KORD,2024-11-23,44.5,GFS
KORD,2024-11-24,49.2,GFS
KORD,2024-11-25,51.2,GFS
KORD,2024-11-26,43.2,GFS
KORD,2024-11-27,44.0,GFS
KORD,2024-11-28,39.4,GFS
KORD,2024-11-29,26.7,GFS
KORD,2024-11-30,25.3,GFS
KORD,2024-12-01,26.1,GFS
KORD,2024-12-02,25.0,GFS
KORD,2024-12-03,30.9,GFS
KORD,2024-12-04,38.8,GFS
KORD,2024-12-05,35.5,GFS
KORD,2024-12-06,31.1,GFS
KORD,2024-12-07,48.7,GFS
KORD,2024-12-08,54.6,GFS
KORD,2024-12-09,52.2,GFS
KORD,2024-12-10,46.7,GFS
KORD,2024-12-11,31.8,GFS
KORD,2024-12-12,21.3,GFS
KORD,2024-12-13,26.4,GFS
KORD,2024-12-14,38.9,GFS
KORD,2024-12-15,44.6,GFS
KORD,2024-12-16,51.0,GFS
KORD,2024-12-17,40.3,GFS
KORD,2024-12-18,34.7,GFS
KORD,2024-12-19,32.7,GFS
KORD,2024-12-20,34.2,GFS
KORD,2024-12-21,28.1,GFS
KORD,2024-12-22,34.4,GFS
KORD,2024-12-23,39.8,GFS
KORD,2024-12-24,38.4,GFS
KORD,2024-12-25,38.8,GFS
KORD,2024-12-26,47.9,GFS
KORD,2024-12-27,48.5,GFS
KORD,2024-12-28,51.6,GFS
KORD,2024-12-29,45.8,GFS
KORD,2024-12-30,42.0,GFS
KORD,2024-12-31,40.6,GFS
KORD,2025-01-01,35.2,GFS
KORD,2025-01-02,31.4,GFS
KORD,2025-01-03,29.1,GFS
KORD,2025-01-04,24.3,GFS
KORD,2025-01-05,21.3,GFS
KORD,2025-01-06,29.4,GFS
KORD,2025-01-07,26.3,GFS
KORD,2025-01-08,26.4,GFS
KORD,2025-01-09,30.4,GFS
KORD,2025-01-10,29.1,GFS
KORD,2025-01-11,32.4,GFS
KORD,2025-01-12,33.9,GFS
KORD,2025-01-13,27.4,GFS
KORD,2025-01-14,16.4,GFS
KORD,2025-01-15,19.1,GFS
KORD,2025-01-16,38.5,GFS
KORD,2025-01-17,47.4,GFS
KORD,2025-01-18,40.9,GFS
KORD,2025-01-19,24.6,GFS
KORD,2025-01-20,10.8,GFS
KORD,2025-01-21,6.7,GFS
KORD,2025-01-22,23.1,GFS
KORD,2025-01-23,23.4,GFS
KORD,2025-01-24,20.4,GFS
KORD,2025-01-25,42.3,GFS
KORD,2025-01-26,34.2,GFS
KORD,2025-01-27,42.7,GFS
KORD,2025-01-28,47.5,GFS
KORD,2025-01-29,46.9,GFS
KORD,2025-01-30,51.0,GFS
KORD,2025-01-31,44.3,GFS
KORD,2025-02-01,34.0,GFS
KORD,2025-02-02,43.2,GFS
KORD,2025-02-03,42.4,GFS
KORD,2025-02-04,35.4,GFS
KORD,2025-02-05,29.6,GFS
KORD,2025-02-06,36.3,GFS
KORD,2025-02-07,33.1,GFS
KORD,2025-02-08,32.3,GFS
KORD,2025-02-09,31.5,GFS
KORD,2025-02-10,35.2,GFS
KORD,2025-02-11,28.0,GFS
KORD,2025-02-12,28.1,GFS
KORD,2025-02-13,25.9,GFS
KORD,2025-02-14,26.3,GFS
KORD,2025-02-15,33.5,GFS
KORD,2025-02-16,31.1,GFS
KORD,2025-02-17,19.8,GFS
KORD,2025-02-18,13.9,GFS
KORD,2025-02-19,16.6,GFS
KORD,2025-02-20,24.4,GFS
KORD,2025-02-21,28.4,GFS
KORD,2025-02-22,35.0,GFS
KORD,2025-02-23,44.1,GFS
KORD,2025-02-24,54.1,GFS
KORD,2025-02-25,54.4,GFS
KORD,2025-02-26,48.0,GFS
KORD,2025-02-27,47.6,GFS
KORD,2025-02-28,57.3,GFS
KORD,2025-03-01,49.4,GFS
KORD,2025-03-02,36.8,GFS
KORD,2025-03-03,47.6,GFS
KORD,2025-03-04,48.2,GFS
KORD,2025-03-05,49.5,GFS
KORD,2025-03-06,40.0,GFS
KORD,2025-03-07,38.6,GFS
KORD,2025-03-08,49.3,GFS
KORD,2025-03-09,58.4,GFS
KORD,2025-03-10,68.5,GFS
KORD,2025-03-11,63.1,GFS
KORD,2025-03-12,48.8,GFS
KORD,2025-03-13,58.6,GFS
KORD,2025-03-14,78.3,GFS
KORD,2025-03-15,73.4,GFS
KORD,2025-03-16,52.7,GFS
KORD,2025-03-17,53.1,GFS
KORD,2025-03-18,71.2,GFS
KORD,2025-03-19,65.6,GFS
KORD,2025-03-20,43.7,GFS
KORD,2025-03-21,60.2,GFS
KORD,2025-03-22,56.4,GFS
KORD,2025-03-23,49.2,GFS
KORD,2025-03-24,49.2,GFS
KORD,2025-03-25,51.2,GFS
KORD,2025-03-26,51.8,GFS
KORD,2025-03-27,55.2,GFS
KORD,2025-03-28,78.4,GFS
KORD,2025-03-29,75.5,GFS
KORD,2025-03-30,72.8,GFS
KORD,2025-03-31,53.7,GFS
KORD,2025-04-01,41.6,GFS
KORD,2025-04-02,66.6,GFS
KORD,2025-04-03,66.5,GFS
KORD,2025-04-04,48.3,GFS
KORD,2025-04-05,55.1,GFS
KORD,2025-04-06,51.9,GFS
KORD,2025-04-07,44.9,GFS
KORD,2025-04-08,44.1,GFS
KORD,2025-04-09,42.1,GFS
KORD,2025-04-10,42.2,GFS
KORD,2025-04-11,51.5,GFS
KORD,2025-04-12,61.4,GFS
KORD,2025-04-13,63.5,GFS
KORD,2025-04-14,64.2,GFS
KORD,2025-04-15,59.5,GFS
KORD,2025-04-16,53.5,GFS
KORD,2025-04-17,64.6,GFS
KORD,2025-04-18,76.2,GFS
KORD,2025-04-19,74.1,GFS
KORD,2025-04-20,57.7,GFS
KORD,2025-04-21,59.0,GFS
KORD,2025-04-22,72.7,GFS
KORD,2025-04-23,77.3,GFS
KORD,2025-04-24,74.6,GFS
KORD,2025-04-25,59.0,GFS
KORD,2025-04-26,53.3,GFS
KORD,2025-04-27,70.2,GFS
KORD,2025-04-28,84.0,GFS
KORD,2025-04-29,81.0,GFS
KORD,2025-04-30,64.9,GFS
KORD,2025-05-01,65.4,GFS
KORD,2025-05-02,60.0,GFS
KORD,2025-05-03,52.0,GFS
KORD,2025-05-04,58.2,GFS
KORD,2025-05-05,57.4,GFS
KORD,2025-05-06,76.6,GFS
KORD,2025-05-07,72.5,GFS
KORD,2025-05-08,56.8,GFS
KORD,2025-05-09,65.2,GFS
KORD,2025-05-10,72.6,GFS
KORD,2025-05-11,70.8,GFS
KORD,2025-05-12,76.8,GFS
KORD,2025-05-13,76.2,GFS
KORD,2025-05-14,78.1,GFS
KORD,2025-05-15,93.0,GFS
KORD,2025-05-16,88.0,GFS
KORD,2025-05-17,79.2,GFS
KORD,2025-05-18,68.1,GFS
KORD,2025-05-19,52.2,GFS
KORD,2025-05-20,54.4,GFS
KORD,2025-05-21,52.8,GFS
KORD,2025-05-22,54.6,GFS
KORD,2025-05-23,64.0,GFS
KORD,2025-05-24,64.2,GFS
KORD,2025-05-25,65.4,GFS
KORD,2025-05-26,65.6,GFS
KORD,2025-05-27,68.2,GFS
KORD,2025-05-28,61.6,GFS
KORD,2025-05-29,71.0,GFS
KORD,2025-05-30,74.3,GFS
KORD,2025-05-31,73.3,GFS
KORD,2025-06-01,67.8,GFS
KORD,2025-06-02,84.0,GFS
KORD,2025-06-03,86.2,GFS
KORD,2025-06-04,85.1,GFS
KORD,2025-06-05,72.2,GFS
KORD,2025-06-06,76.4,GFS
KORD,2025-06-07,76.9,GFS
KORD,2025-06-08,79.8,GFS
KORD,2025-06-09,70.7,GFS
KORD,2025-06-10,78.0,GFS
KORD,2025-06-11,91.4,GFS
KORD,2025-06-12,88.6,GFS
KORD,2025-06-13,69.9,GFS
KORD,2025-06-14,72.5,GFS
KORD,2025-06-15,80.3,GFS
KORD,2025-06-16,86.2,GFS
KORD,2025-06-17,92.4,GFS
KORD,2025-06-18,88.8,GFS
KORD,2025-06-19,82.3,GFS
KORD,2025-06-20,85.6,GFS
KORD,2025-06-21,94.3,GFS
KORD,2025-06-22,94.2,GFS
KORD,2025-06-23,95.1,GFS
KORD,2025-06-24,91.4,GFS
KORD,2025-06-25,85.0,GFS
KORD,2025-06-26,94.1,GFS
KORD,2025-06-27,91.4,GFS
KORD,2025-06-28,86.2,GFS
KORD,2025-06-29,93.4,GFS
KORD,2025-06-30,90.1,GFS
KORD,2025-07-01,87.5,GFS
KORD,2025-07-02,90.3,GFS
KORD,2025-07-03,91.9,GFS
KORD,2025-07-04,90.6,GFS
KORD,2025-07-05,93.9,GFS
KORD,2025-07-06,90.6,GFS
KORD,2025-07-07,81.1,GFS
KORD,2025-07-08,83.4,GFS
KORD,2025-07-09,82.0,GFS
KORD,2025-07-10,84.0,GFS
KORD,2025-07-11,90.3,GFS
KORD,2025-07-12,86.9,GFS
KORD,2025-07-13,82.6,GFS
KORD,2025-07-14,87.5,GFS
KORD,2025-07-15,90.5,GFS
KORD,2025-07-16,91.4,GFS
KORD,2025-07-17,76.7,GFS
KORD,2025-07-18,80.4,GFS
KORD,2025-07-19,81.8,GFS
KORD,2025-07-20,81.6,GFS
KORD,2025-07-21,83.3,GFS
KORD,2025-07-22,86.5,GFS
KORD,2025-07-23,94.1,GFS
KORD,2025-07-24,93.2,GFS
KORD,2025-07-25,83.4,GFS
KORD,2025-07-26,84.0,GFS
KORD,2025-07-27,88.3,GFS
KORD,2025-07-28,92.3,GFS
KORD,2025-07-29,93.6,GFS
KORD,2025-07-30,88.7,GFS
KORD,2025-07-31,77.1,GFS
KORD,2025-08-01,76.2,GFS
KORD,2025-08-02,79.3,GFS
KORD,2025-08-03,80.1,GFS
KORD,2025-08-04,80.4,GFS
KORD,2025-08-05,82.8,GFS
KORD,2025-08-06,87.0,GFS
KORD,2025-08-07,91.3,GFS
KORD,2025-08-08,92.1,GFS
KORD,2025-08-09,93.7,GFS
KORD,2025-08-10,89.1,GFS
KORD,2025-08-11,88.4,GFS
KORD,2025-08-12,85.4,GFS
KORD,2025-08-13,83.9,GFS
KORD,2025-08-14,82.8,GFS
KORD,2025-08-15,90.3,GFS
KORD,2025-08-16,93.5,GFS
KORD,2025-08-17,79.7,GFS
KORD,2025-08-18,86.9,GFS
KORD,2025-08-19,75.9,GFS
KORD,2025-08-20,74.8,GFS
KORD,2025-08-21,76.3,GFS
KORD,2025-08-22,80.7,GFS
KORD,2025-08-23,84.7,GFS
KORD,2025-08-24,75.3,GFS
KORD,2025-08-25,70.6,GFS
KORD,2025-08-26,75.1,GFS
KORD,2025-08-27,76.5,GFS
KORD,2025-08-28,75.3,GFS
KORD,2025-08-29,70.7,GFS
KORD,2025-08-30,73.5,GFS
KORD,2025-08-31,75.4,GFS
KORD,2025-09-01,77.8,GFS
KORD,2025-09-02,79.2,GFS
KORD,2025-09-03,74.1,GFS
KORD,2025-09-04,66.2,GFS
KORD,2025-09-05,66.4,GFS
KORD,2025-09-06,66.5,GFS
KORD,2025-09-07,67.4,GFS
KORD,2025-09-08,72.6,GFS
KORD,2025-09-09,76.7,GFS
KORD,2025-09-10,82.8,GFS
KORD,2025-09-11,77.6,GFS
KORD,2025-09-12,84.2,GFS
KORD,2025-09-13,78.9,GFS
KORD,2025-09-14,82.9,GFS
KORD,2025-09-15,82.3,GFS
KORD,2025-09-16,82.7,GFS
KORD,2025-09-17,83.0,GFS
KORD,2025-09-18,87.3,GFS
KORD,2025-09-19,88.6,GFS
KORD,2025-09-20,78.8,GFS
KORD,2025-09-21,81.6,GFS
KORD,2025-09-22,82.1,GFS
KORD,2025-09-23,78.8,GFS
KORD,2025-09-24,71.9,GFS
KORD,2025-09-25,74.9,GFS
KORD,2025-09-26,84.0,GFS
KORD,2025-09-27,87.3,GFS
KORD,2025-09-28,80.2,GFS
KORD,2025-09-29,89.4,GFS
KORD,2025-09-30,81.5,GFS
KORD,2025-10-01,75.3,GFS
KORD,2025-10-02,84.3,GFS
KORD,2025-10-03,88.5,GFS
KORD,2025-10-04,87.5,GFS
KORD,2025-10-05,84.1,GFS
KORD,2025-10-06,81.4,GFS
KORD,2025-10-07,71.6,GFS
KORD,2025-10-08,61.5,GFS
KORD,2025-10-09,63.7,GFS
KORD,2025-10-10,66.8,GFS
KORD,2025-10-11,64.6,GFS
KORD,2025-10-12,68.7,GFS
KORD,2025-10-13,71.1,GFS
KORD,2025-10-14,68.2,GFS
KORD,2025-10-15,61.3,GFS
KORD,2025-10-16,68.8,GFS
KORD,2025-10-17,74.4,GFS
KORD,2025-10-18,71.8,GFS
KORD,2025-10-19,69.3,GFS
KORD,2025-10-20,65.9,GFS
KORD,2025-10-21,61.6,GFS
KORD,2025-10-22,49.3,GFS
KORD,2025-10-23,53.0,GFS
KORD,2025-10-24,53.6,GFS
KORD,2025-10-25,54.0,GFS
KORD,2025-10-26,58.3,GFS
KORD,2025-10-27,56.4,GFS
KORD,2025-10-28,57.6,GFS
KORD,2025-10-29,58.0,GFS
KORD,2025-10-30,56.6,GFS
KORD,2025-10-31,52.7,GFS
KORD,2025-11-01,50.9,GFS
KORD,2025-11-02,52.9,GFS
KORD,2025-11-03,61.2,GFS
KORD,2025-11-04,62.7,GFS
KORD,2025-11-05,60.7,GFS
KORD,2025-11-06,58.9,GFS
KORD,2025-11-07,63.5,GFS
KORD,2025-11-08,56.5,GFS
KORD,2025-11-09,42.4,GFS
KORD,2025-11-10,34.0,GFS
KORD,2025-11-11,41.4,GFS
KORD,2025-11-12,54.8,GFS
KORD,2025-11-13,55.0,GFS
KORD,2025-11-14,67.5,GFS
KORD,2025-11-15,69.6,GFS
KORD,2025-11-16,63.5,GFS
KORD,2025-11-17,48.3,GFS
KORD,2025-11-18,44.2,GFS
KORD,2025-11-19,45.4,GFS
KORD,2025-11-20,46.8,GFS
KORD,2025-11-21,47.7,GFS
KORD,2025-11-22,48.1,GFS
KORD,2025-11-23,55.9,GFS
KORD,2025-11-24,51.0,GFS
KORD,2025-11-25,50.9,GFS
KORD,2025-11-26,50.6,GFS
KORD,2025-11-27,32.9,GFS
KORD,2025-11-28,31.5,GFS
KORD,2025-11-29,29.9,GFS
KORD,2025-11-30,32.4,GFS
KORD,2025-12-01,30.2,GFS
KORD,2025-12-02,26.5,GFS
KORD,2025-12-03,29.1,GFS
KORD,2025-12-04,29.3,GFS
KORD,2025-12-05,28.6,GFS
KORD,2025-12-06,32.3,GFS
KORD,2025-12-07,32.4,GFS
KORD,2025-12-08,26.1,GFS
KORD,2025-12-09,34.6,GFS
KORD,2025-12-10,38.7,GFS
KORD,2025-12-11,27.4,GFS
KORD,2025-12-12,31.2,GFS
KORD,2025-12-13,27.6,GFS
KORD,2025-12-14,9.7,GFS
KORD,2025-12-15,20.2,GFS
KORD,2025-12-16,38.1,GFS
KORD,2025-12-17,42.2,GFS
KORD,2025-12-18,50.1,GFS
KORD,2025-12-19,37.9,GFS
KORD,2025-12-20,40.9,GFS
KORD,2025-12-21,37.0,GFS
KORD,2025-12-22,45.3,GFS
KORD,2025-12-23,53.8,GFS
KORD,2025-12-24,46.8,GFS
KORD,2025-12-25,45.4,GFS
KORD,2025-12-26,46.8,GFS
KORD,2025-12-27,43.8,GFS
KORD,2025-12-28,55.1,GFS
KORD,2025-12-29,44.4,GFS
KORD,2025-12-30,20.9,GFS
KORD,2025-12-31,34.8,GFS
KORD,2026-01-01,33.7,GFS
KORD,2026-01-02,23.7,GFS
KORD,2026-01-03,27.1,GFS
KORD,2026-01-04,32.5,GFS
KORD,2026-01-05,44.0,GFS
KORD,2026-01-06,44.1,GFS
KORD,2026-01-07,42.2,GFS
KORD,2026-01-08,55.4,GFS
KORD,2026-01-09,58.7,GFS
KORD,2026-01-10,42.7,GFS
KORD,2026-01-11,33.0,GFS
KORD,2026-01-12,42.4,GFS
KORD,2026-01-13,51.5,GFS
KORD,2026-01-14,44.4,GFS
KORD,2026-01-15,24.5,GFS
KORD,2026-01-16,36.5,GFS
KORD,2026-01-17,33.2,GFS
KORD,2026-01-18,17.6,GFS
KORD,2026-01-19,18.3,GFS
KORD,2026-01-20,19.6,GFS
KORD,2026-01-21,30.3,GFS
KORD,2026-01-22,28.3,GFS
KORD,2026-01-23,18.4,GFS
KORD,2026-01-24,6.9,GFS
KORD,2026-01-25,14.7,GFS
KORD,2026-01-26,9.6,GFS
KORD,2026-01-27,14.1,GFS
KORD,2026-01-28,17.7,GFS
KORD,2026-01-29,17.8,GFS
KORD,2026-01-30,20.0,GFS
KORD,2026-01-31,25.8,GFS
KORD,2026-02-01,29.8,GFS
KORD,2026-02-02,28.4,GFS
KORD,2026-02-03,28.8,GFS
KORD,2026-02-04,28.3,GFS
KORD,2026-02-05,32.1,GFS
KORD,2026-02-06,38.0,GFS
KORD,2026-02-07,30.3,GFS
KORD,2026-02-08,31.3,GFS
KORD,2026-02-09,39.1,GFS
KORD,2026-02-10,48.8,GFS
KORD,2026-02-11,43.3,GFS
KORD,2026-02-12,39.1,GFS
KORD,2026-02-13,54.6,GFS
KORD,2026-02-14,52.4,GFS
KORD,2026-02-15,60.6,GFS
KORD,2026-02-16,66.0,GFS
KORD,2026-02-17,59.6,GFS
KORD,2026-02-18,63.4,GFS
KORD,2026-02-19,56.8,GFS
KORD,2026-02-20,43.3,GFS
KORD,2026-02-21,29.6,GFS
KORD,2026-02-22,27.2,GFS
KORD,2026-02-23,29.0,GFS
KORD,2026-02-24,36.6,GFS
KORD,2026-02-25,38.6,GFS
KORD,2024-02-03,41.2,ECMWF
KORD,2024-02-04,42.1,ECMWF
KORD,2024-02-05,39.6,ECMWF
KORD,2024-02-06,45.1,ECMWF
KORD,2024-02-07,46.5,ECMWF
KORD,2024-02-08,57.8,ECMWF
KORD,2024-02-09,54.5,ECMWF
KORD,2024-02-10,45.5,ECMWF
KORD,2024-02-11,38.5,ECMWF
KORD,2024-02-12,43.9,ECMWF
KORD,2024-02-13,38.8,ECMWF
KORD,2024-02-14,44.4,ECMWF
KORD,2024-02-15,41.4,ECMWF
KORD,2024-02-16,33.1,ECMWF
KORD,2024-02-17,30.1,ECMWF
KORD,2024-02-18,43.8,ECMWF
KORD,2024-02-19,49.3,ECMWF
KORD,2024-02-20,54.7,ECMWF
KORD,2024-02-21,61.1,ECMWF
KORD,2024-02-22,58.0,ECMWF
KORD,2024-02-23,48.8,ECMWF
KORD,2024-02-24,33.0,ECMWF
KORD,2024-02-25,56.8,ECMWF
KORD,2024-02-26,65.5,ECMWF
KORD,2024-02-27,71.8,ECMWF
KORD,2024-02-28,56.1,ECMWF
KORD,2024-02-29,42.5,ECMWF
KORD,2024-03-01,43.4,ECMWF
KORD,2024-03-02,56.4,ECMWF
KORD,2024-03-03,68.0,ECMWF
KORD,2024-03-04,70.0,ECMWF
KORD,2024-03-05,67.6,ECMWF
KORD,2024-03-06,47.3,ECMWF
KORD,2024-03-07,48.9,ECMWF
KORD,2024-03-08,43.0,ECMWF
KORD,2024-03-09,43.8,ECMWF
KORD,2024-03-10,45.2,ECMWF
KORD,2024-03-11,63.0,ECMWF
KORD,2024-03-12,67.7,ECMWF
KORD,2024-03-13,63.7,ECMWF
KORD,2024-03-14,60.0,ECMWF
KORD,2024-03-15,52.4,ECMWF
KORD,2024-03-16,57.2,ECMWF
KORD,2024-03-17,45.5,ECMWF
KORD,2024-03-18,34.9,ECMWF
KORD,2024-03-19,54.8,ECMWF
KORD,2024-03-20,51.9,ECMWF
KORD,2024-03-21,37.9,ECMWF
KORD,2024-03-22,38.5,ECMWF
KORD,2024-03-23,36.2,ECMWF
KORD,2024-03-24,43.8,ECMWF
KORD,2024-03-25,55.4,ECMWF
KORD,2024-03-26,53.3,ECMWF
KORD,2024-03-27,42.0,ECMWF
KORD,2024-03-28,49.2,ECMWF
KORD,2024-03-29,49.0,ECMWF
KORD,2024-03-30,59.0,ECMWF
KORD,2024-03-31,50.1,ECMWF
KORD,2024-04-01,45.9,ECMWF
KORD,2024-04-02,44.3,ECMWF
KORD,2024-04-03,36.5,ECMWF
KORD,2024-04-04,41.9,ECMWF
KORD,2024-04-05,47.2,ECMWF
KORD,2024-04-06,51.0,ECMWF
KORD,2024-04-07,51.9,ECMWF
KORD,2024-04-08,68.4,ECMWF
KORD,2024-04-09,61.9,ECMWF
KORD,2024-04-10,64.7,ECMWF
KORD,2024-04-11,56.6,ECMWF
KORD,2024-04-12,61.2,ECMWF
KORD,2024-04-13,66.6,ECMWF
KORD,2024-04-14,78.1,ECMWF
KORD,2024-04-15,71.5,ECMWF
KORD,2024-04-16,69.9,ECMWF
KORD,2024-04-17,70.0,ECMWF
KORD,2024-04-18,58.5,ECMWF
KORD,2024-04-19,54.4,ECMWF
KORD,2024-04-20,50.3,ECMWF
KORD,2024-04-21,55.2,ECMWF
KORD,2024-04-22,64.6,ECMWF
KORD,2024-04-23,61.3,ECMWF
KORD,2024-04-24,60.1,ECMWF
KORD,2024-04-25,55.2,ECMWF
KORD,2024-04-26,56.7,ECMWF
KORD,2024-04-27,76.5,ECMWF
KORD,2024-04-28,74.8,ECMWF
KORD,2024-04-29,70.5,ECMWF
KORD,2024-04-30,70.8,ECMWF
KORD,2024-05-01,72.1,ECMWF
KORD,2024-05-02,74.0,ECMWF
KORD,2024-05-03,73.8,ECMWF
KORD,2024-05-04,78.8,ECMWF
KORD,2024-05-05,65.7,ECMWF
KORD,2024-05-06,67.4,ECMWF
KORD,2024-05-07,74.2,ECMWF
KORD,2024-05-08,76.0,ECMWF
KORD,2024-05-09,63.2,ECMWF
KORD,2024-05-10,65.1,ECMWF
KORD,2024-05-11,66.0,ECMWF
KORD,2024-05-12,78.8,ECMWF
KORD,2024-05-13,79.5,ECMWF
KORD,2024-05-14,65.0,ECMWF
KORD,2024-05-15,64.4,ECMWF
KORD,2024-05-16,69.1,ECMWF
KORD,2024-05-17,77.4,ECMWF
KORD,2024-05-18,80.8,ECMWF
KORD,2024-05-19,78.4,ECMWF
KORD,2024-05-20,81.3,ECMWF
KORD,2024-05-21,86.4,ECMWF
KORD,2024-05-22,82.7,ECMWF
KORD,2024-05-23,77.8,ECMWF
KORD,2024-05-24,74.4,ECMWF
KORD,2024-05-25,72.5,ECMWF
KORD,2024-05-26,70.3,ECMWF
KORD,2024-05-27,72.2,ECMWF
KORD,2024-05-28,71.9,ECMWF
KORD,2024-05-29,67.9,ECMWF
KORD,2024-05-30,67.6,ECMWF
KORD,2024-05-31,77.4,ECMWF
KORD,2024-06-01,71.2,ECMWF
KORD,2024-06-02,74.3,ECMWF
KORD,2024-06-03,83.9,ECMWF
KORD,2024-06-04,83.8,ECMWF
KORD,2024-06-05,77.7,ECMWF
KORD,2024-06-06,75.9,ECMWF
KORD,2024-06-07,76.6,ECMWF
KORD,2024-06-08,77.0,ECMWF
KORD,2024-06-09,77.7,ECMWF
KORD,2024-06-10,72.0,ECMWF
KORD,2024-06-11,76.8,ECMWF
KORD,2024-06-12,88.7,ECMWF
KORD,2024-06-13,89.4,ECMWF
KORD,2024-06-14,84.3,ECMWF
KORD,2024-06-15,85.1,ECMWF
KORD,2024-06-16,86.6,ECMWF
KORD,2024-06-17,94.2,ECMWF
KORD,2024-06-18,90.1,ECMWF
KORD,2024-06-19,91.5,ECMWF
KORD,2024-06-20,87.8,ECMWF
KORD,2024-06-21,93.0,ECMWF
KORD,2024-06-22,91.7,ECMWF
KORD,2024-06-23,86.7,ECMWF
KORD,2024-06-24,85.3,ECMWF
KORD,2024-06-25,84.5,ECMWF
KORD,2024-06-26,85.6,ECMWF
KORD,2024-06-27,81.8,ECMWF
KORD,2024-06-28,72.0,ECMWF
KORD,2024-06-29,86.2,ECMWF
KORD,2024-06-30,82.5,ECMWF
KORD,2024-07-01,71.5,ECMWF
KORD,2024-07-02,83.5,ECMWF
KORD,2024-07-03,87.8,ECMWF
KORD,2024-07-04,83.0,ECMWF
KORD,2024-07-05,80.7,ECMWF
KORD,2024-07-06,79.5,ECMWF
KORD,2024-07-07,81.0,ECMWF
KORD,2024-07-08,83.5,ECMWF
KORD,2024-07-09,77.4,ECMWF
KORD,2024-07-10,82.1,ECMWF
KORD,2024-07-11,78.2,ECMWF
KORD,2024-07-12,82.6,ECMWF
KORD,2024-07-13,87.8,ECMWF
KORD,2024-07-14,88.0,ECMWF
KORD,2024-07-15,90.8,ECMWF
KORD,2024-07-16,84.9,ECMWF
KORD,2024-07-17,80.9,ECMWF
KORD,2024-07-18,74.5,ECMWF
KORD,2024-07-19,77.9,ECMWF
KORD,2024-07-20,78.0,ECMWF
KORD,2024-07-21,81.4,ECMWF
KORD,2024-07-22,81.9,ECMWF
KORD,2024-07-23,84.9,ECMWF
KORD,2024-07-24,75.8,ECMWF
KORD,2024-07-25,76.4,ECMWF
KORD,2024-07-26,79.4,ECMWF
KORD,2024-07-27,83.9,ECMWF
KORD,2024-07-28,80.2,ECMWF
KORD,2024-07-29,79.8,ECMWF
KORD,2024-07-30,88.2,ECMWF
KORD,2024-07-31,90.3,ECMWF
KORD,2024-08-01,87.4,ECMWF
KORD,2024-08-02,83.5,ECMWF
KORD,2024-08-03,88.7,ECMWF
KORD,2024-08-04,89.9,ECMWF
KORD,2024-08-05,88.2,ECMWF
KORD,2024-08-06,72.9,ECMWF
KORD,2024-08-07,75.4,ECMWF
KORD,2024-08-08,81.4,ECMWF
KORD,2024-08-09,77.4,ECMWF
KORD,2024-08-10,74.8,ECMWF
KORD,2024-08-11,77.7,ECMWF
KORD,2024-08-12,81.2,ECMWF
KORD,2024-08-13,82.5,ECMWF
KORD,2024-08-14,83.5,ECMWF
KORD,2024-08-15,78.1,ECMWF
KORD,2024-08-16,85.1,ECMWF
KORD,2024-08-17,80.4,ECMWF
KORD,2024-08-18,74.8,ECMWF
KORD,2024-08-19,74.6,ECMWF
KORD,2024-08-20,70.3,ECMWF
KORD,2024-08-21,73.9,ECMWF
KORD,2024-08-22,77.1,ECMWF
KORD,2024-08-23,80.5,ECMWF
KORD,2024-08-24,88.3,ECMWF
KORD,2024-08-25,90.7,ECMWF
KORD,2024-08-26,94.3,ECMWF
KORD,2024-08-27,97.1,ECMWF
KORD,2024-08-28,84.1,ECMWF
KORD,2024-08-29,86.5,ECMWF
KORD,2024-08-30,82.6,ECMWF
KORD,2024-08-31,82.6,ECMWF
KORD,2024-09-01,76.8,ECMWF
KORD,2024-09-02,74.4,ECMWF
KORD,2024-09-03,76.0,ECMWF
KORD,2024-09-04,82.4,ECMWF
KORD,2024-09-05,87.1,ECMWF
KORD,2024-09-06,75.2,ECMWF
KORD,2024-09-07,65.0,ECMWF
KORD,2024-09-08,72.1,ECMWF
KORD,2024-09-09,80.0,ECMWF
KORD,2024-09-10,81.3,ECMWF
KORD,2024-09-11,85.7,ECMWF
KORD,2024-09-12,85.6,ECMWF
KORD,2024-09-13,83.5,ECMWF
KORD,2024-09-14,86.5,ECMWF
KORD,2024-09-15,87.5,ECMWF
KORD,2024-09-16,88.0,ECMWF
KORD,2024-09-17,83.6,ECMWF
KORD,2024-09-18,85.3,ECMWF
KORD,2024-09-19,88.1,ECMWF
KORD,2024-09-20,88.1,ECMWF
KORD,2024-09-21,90.7,ECMWF
KORD,2024-09-22,79.6,ECMWF
KORD,2024-09-23,66.8,ECMWF
KORD,2024-09-24,65.3,ECMWF
KORD,2024-09-25,74.9,ECMWF
KORD,2024-09-26,74.6,ECMWF
KORD,2024-09-27,70.0,ECMWF
KORD,2024-09-28,67.7,ECMWF
KORD,2024-09-29,71.7,ECMWF
KORD,2024-09-30,77.2,ECMWF
KORD,2024-10-01,68.4,ECMWF
KORD,2024-10-02,69.0,ECMWF
KORD,2024-10-03,75.3,ECMWF
KORD,2024-10-04,68.1,ECMWF
KORD,2024-10-05,81.8,ECMWF
KORD,2024-10-06,78.4,ECMWF
KORD,2024-10-07,65.4,ECMWF
KORD,2024-10-08,72.2,ECMWF
KORD,2024-10-09,67.4,ECMWF
KORD,2024-10-10,71.1,ECMWF
KORD,2024-10-11,81.7,ECMWF
KORD,2024-10-12,72.2,ECMWF
KORD,2024-10-13,64.6,ECMWF
KORD,2024-10-14,56.4,ECMWF
KORD,2024-10-15,50.2,ECMWF
KORD,2024-10-16,55.5,ECMWF
KORD,2024-10-17,62.3,ECMWF
KORD,2024-10-18,66.7,ECMWF
KORD,2024-10-19,69.7,ECMWF
KORD,2024-10-20,76.4,ECMWF
KORD,2024-10-21,77.9,ECMWF
KORD,2024-10-22,71.5,ECMWF
KORD,2024-10-23,69.4,ECMWF
KORD,2024-10-24,62.8,ECMWF
KORD,2024-10-25,64.5,ECMWF
KORD,2024-10-26,56.6,ECMWF
KORD,2024-10-27,57.3,ECMWF
KORD,2024-10-28,64.2,ECMWF
KORD,2024-10-29,79.6,ECMWF
KORD,2024-10-30,77.9,ECMWF
KORD,2024-10-31,73.8,ECMWF
KORD,2024-11-01,51.9,ECMWF
KORD,2024-11-02,56.0,ECMWF
KORD,2024-11-03,58.6,ECMWF
KORD,2024-11-04,66.6,ECMWF
KORD,2024-11-05,65.0,ECMWF
KORD,2024-11-06,62.7,ECMWF
KORD,2024-11-07,56.8,ECMWF
KORD,2024-11-08,59.2,ECMWF
KORD,2024-11-09,53.4,ECMWF
KORD,2024-11-10,60.4,ECMWF
KORD,2024-11-11,56.2,ECMWF
KORD,2024-11-12,46.8,ECMWF
KORD,2024-11-13,48.5,ECMWF
KORD,2024-11-14,53.8,ECMWF
KORD,2024-11-15,52.9,ECMWF
KORD,2024-11-16,50.2,ECMWF
KORD,2024-11-17,57.9,ECMWF
KORD,2024-11-18,55.6,ECMWF
KORD,2024-11-19,61.1,ECMWF
KORD,2024-11-20,53.7,ECMWF
KORD,2024-11-21,37.5,ECMWF
KORD,2024-11-22,46.0,ECMWF
KORD,2024-11-23,43.1,ECMWF
KORD,2024-11-24,47.5,ECMWF
KORD,2024-11-25,49.4,ECMWF
KORD,2024-11-26,41.2,ECMWF
KORD,2024-11-27,41.2,ECMWF
KORD,2024-11-28,36.6,ECMWF
KORD,2024-11-29,27.8,ECMWF
KORD,2024-11-30,25.6,ECMWF
KORD,2024-12-01,25.2,ECMWF
KORD,2024-12-02,25.1,ECMWF
KORD,2024-12-03,31.1,ECMWF
KORD,2024-12-04,36.9,ECMWF
KORD,2024-12-05,32.1,ECMWF
KORD,2024-12-06,31.4,ECMWF
KORD,2024-12-07,45.5,ECMWF
KORD,2024-12-08,51.5,ECMWF
KORD,2024-12-09,50.5,ECMWF
KORD,2024-12-10,44.7,ECMWF
KORD,2024-12-11,31.5,ECMWF
KORD,2024-12-12,20.8,ECMWF
KORD,2024-12-13,24.9,ECMWF
KORD,2024-12-14,35.3,ECMWF
KORD,2024-12-15,43.9,ECMWF
KORD,2024-12-16,48.5,ECMWF
KORD,2024-12-17,38.0,ECMWF
KORD,2024-12-18,33.6,ECMWF
KORD,2024-12-19,30.5,ECMWF
KORD,2024-12-20,33.1,ECMWF
KORD,2024-12-21,24.1,ECMWF
KORD,2024-12-22,31.9,ECMWF
KORD,2024-12-23,37.1,ECMWF
KORD,2024-12-24,36.4,ECMWF
KORD,2024-12-25,37.2,ECMWF
KORD,2024-12-26,45.8,ECMWF
KORD,2024-12-27,48.2,ECMWF
KORD,2024-12-28,51.1,ECMWF
KORD,2024-12-29,43.8,ECMWF
KORD,2024-12-30,40.3,ECMWF
KORD,2024-12-31,39.1,ECMWF
KORD,2025-01-01,33.8,ECMWF
KORD,2025-01-02,31.0,ECMWF
KORD,2025-01-03,28.3,ECMWF
KORD,2025-01-04,23.6,ECMWF
KORD,2025-01-05,21.1,ECMWF
KORD,2025-01-06,27.6,ECMWF
KORD,2025-01-07,26.1,ECMWF
KORD,2025-01-08,25.3,ECMWF
KORD,2025-01-09,27.2,ECMWF
KORD,2025-01-10,28.4,ECMWF
KORD,2025-01-11,30.1,ECMWF
KORD,2025-01-12,34.0,ECMWF
KORD,2025-01-13,28.5,ECMWF
KORD,2025-01-14,15.3,ECMWF
KORD,2025-01-15,17.8,ECMWF
KORD,2025-01-16,37.4,ECMWF
KORD,2025-01-17,44.1,ECMWF
KORD,2025-01-18,40.6,ECMWF
KORD,2025-01-19,23.9,ECMWF
KORD,2025-01-20,10.6,ECMWF
KORD,2025-01-21,7.7,ECMWF
KORD,2025-01-22,23.0,ECMWF
KORD,2025-01-23,24.3,ECMWF
KORD,2025-01-24,17.8,ECMWF
KORD,2025-01-25,38.0,ECMWF
KORD,2025-01-26,33.1,ECMWF
KORD,2025-01-27,41.2,ECMWF
KORD,2025-01-28,44.8,ECMWF
KORD,2025-01-29,44.2,ECMWF
KORD,2025-01-30,47.6,ECMWF
KORD,2025-01-31,43.7,ECMWF
KORD,2025-02-01,33.9,ECMWF
KORD,2025-02-02,45.0,ECMWF
KORD,2025-02-03,39.8,ECMWF
KORD,2025-02-04,34.2,ECMWF
KORD,2025-02-05,29.6,ECMWF
KORD,2025-02-06,37.7,ECMWF
KORD,2025-02-07,34.8,ECMWF
KORD,2025-02-08,32.1,ECMWF
KORD,2025-02-09,30.5,ECMWF
KORD,2025-02-10,33.5,ECMWF
KORD,2025-02-11,28.2,ECMWF
KORD,2025-02-12,27.2,ECMWF
KORD,2025-02-13,26.0,ECMWF
KORD,2025-02-14,21.4,ECMWF
KORD,2025-02-15,30.8,ECMWF
KORD,2025-02-16,29.9,ECMWF
KORD,2025-02-17,18.7,ECMWF
KORD,2025-02-18,9.4,ECMWF
KORD,2025-02-19,13.4,ECMWF
KORD,2025-02-20,19.6,ECMWF
KORD,2025-02-21,25.8,ECMWF
KORD,2025-02-22,30.3,ECMWF
KORD,2025-02-23,40.0,ECMWF
KORD,2025-02-24,52.9,ECMWF
KORD,2025-02-25,52.6,ECMWF
KORD,2025-02-26,44.8,ECMWF
KORD,2025-02-27,46.6,ECMWF
KORD,2025-02-28,56.4,ECMWF
KORD,2025-03-01,47.5,ECMWF
KORD,2025-03-02,34.5,ECMWF
KORD,2025-03-03,45.4,ECMWF
KORD,2025-03-04,47.4,ECMWF
KORD,2025-03-05,50.0,ECMWF
KORD,2025-03-06,39.1,ECMWF
KORD,2025-03-07,35.2,ECMWF
KORD,2025-03-08,47.5,ECMWF
KORD,2025-03-09,56.5,ECMWF
KORD,2025-03-10,65.4,ECMWF
KORD,2025-03-11,58.3,ECMWF
KORD,2025-03-12,48.9,ECMWF
KORD,2025-03-13,57.4,ECMWF
KORD,2025-03-14,73.9,ECMWF
KORD,2025-03-15,68.6,ECMWF
KORD,2025-03-16,48.8,ECMWF
KORD,2025-03-17,48.8,ECMWF
KORD,2025-03-18,67.1,ECMWF
KORD,2025-03-19,59.8,ECMWF
KORD,2025-03-20,41.4,ECMWF
KORD,2025-03-21,56.8,ECMWF
KORD,2025-03-22,53.2,ECMWF
KORD,2025-03-23,48.9,ECMWF
KORD,2025-03-24,46.9,ECMWF
KORD,2025-03-25,48.5,ECMWF
KORD,2025-03-26,51.8,ECMWF
KORD,2025-03-27,52.9,ECMWF
KORD,2025-03-28,74.3,ECMWF
KORD,2025-03-29,70.7,ECMWF
KORD,2025-03-30,71.8,ECMWF
KORD,2025-03-31,52.9,ECMWF
KORD,2025-04-01,40.7,ECMWF
KORD,2025-04-02,67.1,ECMWF
KORD,2025-04-03,67.6,ECMWF
KORD,2025-04-04,46.9,ECMWF
KORD,2025-04-05,52.4,ECMWF
KORD,2025-04-06,49.0,ECMWF
KORD,2025-04-07,43.2,ECMWF
KORD,2025-04-08,41.2,ECMWF
KORD,2025-04-09,43.1,ECMWF
KORD,2025-04-10,42.1,ECMWF
KORD,2025-04-11,50.2,ECMWF
KORD,2025-04-12,58.9,ECMWF
KORD,2025-04-13,59.6,ECMWF
KORD,2025-04-14,61.6,ECMWF
KORD,2025-04-15,56.5,ECMWF
KORD,2025-04-16,50.8,ECMWF
KORD,2025-04-17,62.1,ECMWF
KORD,2025-04-18,73.1,ECMWF
KORD,2025-04-19,73.0,ECMWF
KORD,2025-04-20,56.8,ECMWF
KORD,2025-04-21,58.2,ECMWF
KORD,2025-04-22,69.7,ECMWF
KORD,2025-04-23,72.4,ECMWF
KORD,2025-04-24,70.9,ECMWF
KORD,2025-04-25,57.0,ECMWF
KORD,2025-04-26,52.9,ECMWF
KORD,2025-04-27,66.4,ECMWF
KORD,2025-04-28,82.0,ECMWF
KORD,2025-04-29,79.9,ECMWF
KORD,2025-04-30,62.8,ECMWF
KORD,2025-05-01,66.8,ECMWF
KORD,2025-05-02,60.9,ECMWF
KORD,2025-05-03,51.6,ECMWF
KORD,2025-05-04,57.4,ECMWF
KORD,2025-05-05,56.5,ECMWF
KORD,2025-05-06,72.6,ECMWF
KORD,2025-05-07,69.2,ECMWF
KORD,2025-05-08,55.7,ECMWF
KORD,2025-05-09,64.3,ECMWF
KORD,2025-05-10,68.7,ECMWF
KORD,2025-05-11,71.0,ECMWF
KORD,2025-05-12,79.2,ECMWF
KORD,2025-05-13,76.9,ECMWF
KORD,2025-05-14,78.7,ECMWF
KORD,2025-05-15,93.3,ECMWF
KORD,2025-05-16,82.6,ECMWF
KORD,2025-05-17,78.3,ECMWF
KORD,2025-05-18,65.0,ECMWF
KORD,2025-05-19,51.1,ECMWF
KORD,2025-05-20,56.1,ECMWF
KORD,2025-05-21,53.8,ECMWF
KORD,2025-05-22,56.4,ECMWF
KORD,2025-05-23,61.8,ECMWF
KORD,2025-05-24,63.3,ECMWF
KORD,2025-05-25,64.0,ECMWF
KORD,2025-05-26,64.0,ECMWF
KORD,2025-05-27,67.4,ECMWF
KORD,2025-05-28,61.7,ECMWF
KORD,2025-05-29,70.7,ECMWF
KORD,2025-05-30,74.3,ECMWF
KORD,2025-05-31,74.1,ECMWF
KORD,2025-06-01,69.9,ECMWF
KORD,2025-06-02,86.0,ECMWF
KORD,2025-06-03,87.4,ECMWF
KORD,2025-06-04,74.6,ECMWF
KORD,2025-06-05,69.8,ECMWF
KORD,2025-06-06,74.2,ECMWF
KORD,2025-06-07,75.9,ECMWF
KORD,2025-06-08,77.8,ECMWF
KORD,2025-06-09,68.4,ECMWF
KORD,2025-06-10,77.4,ECMWF
KORD,2025-06-11,91.3,ECMWF
KORD,2025-06-12,88.6,ECMWF
KORD,2025-06-13,69.5,ECMWF
KORD,2025-06-14,71.8,ECMWF
KORD,2025-06-15,78.0,ECMWF
KORD,2025-06-16,84.7,ECMWF
KORD,2025-06-17,89.2,ECMWF
KORD,2025-06-18,81.0,ECMWF
KORD,2025-06-19,81.0,ECMWF
KORD,2025-06-20,81.6,ECMWF
KORD,2025-06-21,92.8,ECMWF
KORD,2025-06-22,94.0,ECMWF
KORD,2025-06-23,94.6,ECMWF
KORD,2025-06-24,91.1,ECMWF
KORD,2025-06-25,85.1,ECMWF
KORD,2025-06-26,89.8,ECMWF
KORD,2025-06-27,85.3,ECMWF
KORD,2025-06-28,84.7,ECMWF
KORD,2025-06-29,88.3,ECMWF
KORD,2025-06-30,87.0,ECMWF
KORD,2025-07-01,85.7,ECMWF
KORD,2025-07-02,89.0,ECMWF
KORD,2025-07-03,91.0,ECMWF
KORD,2025-07-04,88.8,ECMWF
KORD,2025-07-05,92.5,ECMWF
KORD,2025-07-06,88.6,ECMWF
KORD,2025-07-07,79.0,ECMWF
KORD,2025-07-08,80.7,ECMWF
KORD,2025-07-09,80.0,ECMWF
KORD,2025-07-10,81.7,ECMWF
KORD,2025-07-11,85.1,ECMWF
KORD,2025-07-12,81.7,ECMWF
KORD,2025-07-13,80.8,ECMWF
KORD,2025-07-14,84.6,ECMWF
KORD,2025-07-15,88.9,ECMWF
KORD,2025-07-16,88.6,ECMWF
KORD,2025-07-17,79.3,ECMWF
KORD,2025-07-18,80.9,ECMWF
KORD,2025-07-19,81.4,ECMWF
KORD,2025-07-20,81.0,ECMWF
KORD,2025-07-21,81.1,ECMWF
KORD,2025-07-22,88.5,ECMWF
KORD,2025-07-23,91.8,ECMWF
KORD,2025-07-24,92.5,ECMWF
KORD,2025-07-25,81.0,ECMWF
KORD,2025-07-26,81.1,ECMWF
KORD,2025-07-27,86.6,ECMWF
KORD,2025-07-28,88.0,ECMWF
KORD,2025-07-29,91.5,ECMWF
KORD,2025-07-30,86.6,ECMWF
KORD,2025-07-31,74.1,ECMWF
KORD,2025-08-01,75.0,ECMWF
KORD,2025-08-02,78.4,ECMWF
KORD,2025-08-03,80.2,ECMWF
KORD,2025-08-04,81.0,ECMWF
KORD,2025-08-05,83.8,ECMWF
KORD,2025-08-06,88.1,ECMWF
KORD,2025-08-07,86.3,ECMWF
KORD,2025-08-08,90.2,ECMWF
KORD,2025-08-09,93.8,ECMWF
KORD,2025-08-10,87.5,ECMWF
KORD,2025-08-11,89.0,ECMWF
KORD,2025-08-12,85.9,ECMWF
KORD,2025-08-13,84.0,ECMWF
KORD,2025-08-14,83.4,ECMWF
KORD,2025-08-15,91.3,ECMWF
KORD,2025-08-16,90.7,ECMWF
KORD,2025-08-17,82.0,ECMWF
KORD,2025-08-18,85.9,ECMWF
KORD,2025-08-19,77.8,ECMWF
KORD,2025-08-20,75.7,ECMWF
KORD,2025-08-21,75.4,ECMWF
KORD,2025-08-22,79.7,ECMWF
KORD,2025-08-23,81.7,ECMWF
KORD,2025-08-24,73.3,ECMWF
KORD,2025-08-25,69.1,ECMWF
KORD,2025-08-26,71.8,ECMWF
KORD,2025-08-27,75.8,ECMWF
KORD,2025-08-28,75.5,ECMWF
KORD,2025-08-29,70.5,ECMWF
KORD,2025-08-30,71.4,ECMWF
KORD,2025-08-31,74.4,ECMWF
KORD,2025-09-01,75.9,ECMWF
KORD,2025-09-02,79.0,ECMWF
KORD,2025-09-03,72.9,ECMWF
KORD,2025-09-04,64.6,ECMWF
KORD,2025-09-05,64.7,ECMWF
KORD,2025-09-06,64.2,ECMWF
KORD,2025-09-07,65.7,ECMWF
KORD,2025-09-08,70.3,ECMWF
KORD,2025-09-09,74.3,ECMWF
KORD,2025-09-10,80.3,ECMWF
KORD,2025-09-11,77.4,ECMWF
KORD,2025-09-12,84.0,ECMWF
KORD,2025-09-13,76.8,ECMWF
KORD,2025-09-14,81.2,ECMWF
KORD,2025-09-15,82.9,ECMWF
KORD,2025-09-16,83.3,ECMWF
KORD,2025-09-17,83.5,ECMWF
KORD,2025-09-18,86.2,ECMWF
KORD,2025-09-19,88.0,ECMWF
KORD,2025-09-20,78.6,ECMWF
KORD,2025-09-21,77.2,ECMWF
KORD,2025-09-22,79.0,ECMWF
KORD,2025-09-23,76.6,ECMWF
KORD,2025-09-24,70.4,ECMWF
KORD,2025-09-25,73.6,ECMWF
KORD,2025-09-26,81.3,ECMWF
KORD,2025-09-27,85.4,ECMWF
KORD,2025-09-28,78.2,ECMWF
KORD,2025-09-29,87.5,ECMWF
KORD,2025-09-30,81.6,ECMWF
KORD,2025-10-01,75.3,ECMWF
KORD,2025-10-02,82.9,ECMWF
KORD,2025-10-03,87.9,ECMWF
KORD,2025-10-04,87.1,ECMWF
KORD,2025-10-05,83.3,ECMWF
KORD,2025-10-06,81.6,ECMWF
KORD,2025-10-07,69.1,ECMWF
KORD,2025-10-08,62.8,ECMWF
KORD,2025-10-09,61.8,ECMWF
KORD,2025-10-10,65.1,ECMWF
KORD,2025-10-11,64.7,ECMWF
KORD,2025-10-12,66.6,ECMWF
KORD,2025-10-13,66.2,ECMWF
KORD,2025-10-14,67.9,ECMWF
KORD,2025-10-15,58.8,ECMWF
KORD,2025-10-16,66.4,ECMWF
KORD,2025-10-17,72.3,ECMWF
KORD,2025-10-18,73.6,ECMWF
KORD,2025-10-19,64.0,ECMWF
KORD,2025-10-20,63.6,ECMWF
KORD,2025-10-21,58.2,ECMWF
KORD,2025-10-22,49.1,ECMWF
KORD,2025-10-23,51.3,ECMWF
KORD,2025-10-24,51.9,ECMWF
KORD,2025-10-25,52.9,ECMWF
KORD,2025-10-26,57.0,ECMWF
KORD,2025-10-27,55.2,ECMWF
KORD,2025-10-28,55.5,ECMWF
KORD,2025-10-29,54.7,ECMWF
KORD,2025-10-30,55.4,ECMWF
KORD,2025-10-31,52.1,ECMWF
KORD,2025-11-01,49.7,ECMWF
KORD,2025-11-02,52.1,ECMWF
KORD,2025-11-03,59.3,ECMWF
KORD,2025-11-04,60.8,ECMWF
KORD,2025-11-05,59.4,ECMWF
KORD,2025-11-06,56.9,ECMWF
KORD,2025-11-07,62.3,ECMWF
KORD,2025-11-08,55.2,ECMWF
KORD,2025-11-09,42.2,ECMWF
KORD,2025-11-10,32.4,ECMWF
KORD,2025-11-11,39.5,ECMWF
KORD,2025-11-12,52.9,ECMWF
KORD,2025-11-13,52.6,ECMWF
KORD,2025-11-14,62.8,ECMWF
KORD,2025-11-15,67.6,ECMWF
KORD,2025-11-16,58.6,ECMWF
KORD,2025-11-17,45.6,ECMWF
KORD,2025-11-18,42.5,ECMWF
KORD,2025-11-19,45.6,ECMWF
KORD,2025-11-20,47.6,ECMWF
KORD,2025-11-21,46.4,ECMWF
KORD,2025-11-22,47.2,ECMWF
KORD,2025-11-23,52.9,ECMWF
KORD,2025-11-24,49.7,ECMWF
KORD,2025-11-25,52.0,ECMWF
KORD,2025-11-26,50.3,ECMWF
KORD,2025-11-27,31.5,ECMWF
KORD,2025-11-28,31.5,ECMWF
KORD,2025-11-29,28.7,ECMWF
KORD,2025-11-30,32.3,ECMWF
KORD,2025-12-01,27.0,ECMWF
KORD,2025-12-02,24.3,ECMWF
KORD,2025-12-03,29.9,ECMWF
KORD,2025-12-04,29.0,ECMWF
KORD,2025-12-05,24.8,ECMWF
KORD,2025-12-06,30.5,ECMWF
KORD,2025-12-07,29.5,ECMWF
KORD,2025-12-08,22.4,ECMWF
KORD,2025-12-09,33.5,ECMWF
KORD,2025-12-10,38.8,ECMWF
KORD,2025-12-11,26.5,ECMWF
KORD,2025-12-12,29.5,ECMWF
KORD,2025-12-13,25.9,ECMWF
KORD,2025-12-14,8.2,ECMWF
KORD,2025-12-15,20.5,ECMWF
KORD,2025-12-16,35.4,ECMWF
KORD,2025-12-17,39.4,ECMWF
KORD,2025-12-18,50.2,ECMWF
KORD,2025-12-19,35.7,ECMWF
KORD,2025-12-20,39.7,ECMWF
KORD,2025-12-21,36.8,ECMWF
KORD,2025-12-22,40.9,ECMWF
KORD,2025-12-23,47.7,ECMWF
KORD,2025-12-24,42.8,ECMWF
KORD,2025-12-25,42.5,ECMWF
KORD,2025-12-26,45.7,ECMWF
KORD,2025-12-27,42.6,ECMWF
KORD,2025-12-28,53.1,ECMWF
KORD,2025-12-29,46.0,ECMWF
KORD,2025-12-30,21.2,ECMWF
KORD,2025-12-31,34.6,ECMWF
KORD,2026-01-01,33.6,ECMWF
KORD,2026-01-02,20.9,ECMWF
KORD,2026-01-03,24.1,ECMWF
KORD,2026-01-04,31.3,ECMWF
KORD,2026-01-05,42.0,ECMWF
KORD,2026-01-06,43.5,ECMWF
KORD,2026-01-07,40.4,ECMWF
KORD,2026-01-08,54.3,ECMWF
KORD,2026-01-09,58.6,ECMWF
KORD,2026-01-10,39.2,ECMWF
KORD,2026-01-11,33.0,ECMWF
KORD,2026-01-12,39.4,ECMWF
KORD,2026-01-13,49.1,ECMWF
KORD,2026-01-14,44.0,ECMWF
KORD,2026-01-15,21.8,ECMWF
KORD,2026-01-16,34.9,ECMWF
KORD,2026-01-17,33.2,ECMWF
KORD,2026-01-18,16.8,ECMWF
KORD,2026-01-19,18.6,ECMWF
KORD,2026-01-20,18.2,ECMWF
KORD,2026-01-21,26.8,ECMWF
KORD,2026-01-22,28.6,ECMWF
KORD,2026-01-23,16.0,ECMWF
KORD,2026-01-24,5.1,ECMWF
KORD,2026-01-25,15.5,ECMWF
KORD,2026-01-26,9.7,ECMWF
KORD,2026-01-27,14.1,ECMWF
KORD,2026-01-28,13.7,ECMWF
KORD,2026-01-29,15.2,ECMWF
KORD,2026-01-30,18.3,ECMWF
KORD,2026-01-31,22.2,ECMWF
KORD,2026-02-01,25.6,ECMWF
KORD,2026-02-02,27.2,ECMWF
KORD,2026-02-03,27.7,ECMWF
KORD,2026-02-04,26.7,ECMWF
KORD,2026-02-05,29.1,ECMWF
KORD,2026-02-06,36.7,ECMWF
KORD,2026-02-07,31.8,ECMWF
KORD,2026-02-08,28.1,ECMWF
KORD,2026-02-09,36.6,ECMWF
KORD,2026-02-10,46.4,ECMWF
KORD,2026-02-11,40.7,ECMWF
KORD,2026-02-12,36.7,ECMWF
KORD,2026-02-13,51.6,ECMWF
KORD,2026-02-14,50.3,ECMWF
KORD,2026-02-15,57.0,ECMWF
KORD,2026-02-16,61.9,ECMWF
KORD,2026-02-17,53.7,ECMWF
KORD,2026-02-18,59.9,ECMWF
KORD,2026-02-19,56.9,ECMWF
KORD,2026-02-20,42.3,ECMWF
KORD,2026-02-21,30.1,ECMWF
KORD,2026-02-22,27.6,ECMWF
KORD,2026-02-23,28.7,ECMWF
KORD,2026-02-24,36.6,ECMWF
KORD,2026-02-25,36.6,ECMWF
KORD,2024-10-08,71.9,NBM
KORD,2024-10-09,69.0,NBM
KORD,2024-10-10,70.8,NBM
KORD,2024-10-11,81.6,NBM
KORD,2024-10-12,74.7,NBM
KORD,2024-10-13,63.6,NBM
KORD,2024-10-14,56.3,NBM
KORD,2024-10-15,50.9,NBM
KORD,2024-10-16,55.9,NBM
KORD,2024-10-17,62.9,NBM
KORD,2024-10-18,67.6,NBM
KORD,2024-10-19,70.5,NBM
KORD,2024-10-20,76.8,NBM
KORD,2024-10-21,78.9,NBM
KORD,2024-10-22,72.6,NBM
KORD,2024-10-23,69.5,NBM
KORD,2024-10-24,63.8,NBM
KORD,2024-10-25,62.7,NBM
KORD,2024-10-26,56.6,NBM
KORD,2024-10-27,58.8,NBM
KORD,2024-10-28,65.4,NBM
KORD,2024-10-29,81.0,NBM
KORD,2024-10-30,78.4,NBM
KORD,2024-10-31,75.0,NBM
KORD,2024-11-01,52.8,NBM
KORD,2024-11-02,57.0,NBM
KORD,2024-11-03,59.9,NBM
KORD,2024-11-04,67.8,NBM
KORD,2024-11-05,66.3,NBM
KORD,2024-11-06,64.6,NBM
KORD,2024-11-07,55.7,NBM
KORD,2024-11-08,59.0,NBM
KORD,2024-11-09,56.7,NBM
KORD,2024-11-10,60.6,NBM
KORD,2024-11-11,54.5,NBM
KORD,2024-11-12,49.0,NBM
KORD,2024-11-13,51.8,NBM
KORD,2024-11-14,53.5,NBM
KORD,2024-11-15,53.6,NBM
KORD,2024-11-16,52.6,NBM
KORD,2024-11-17,59.3,NBM
KORD,2024-11-18,56.1,NBM
KORD,2024-11-19,60.0,NBM
KORD,2024-11-20,54.8,NBM
KORD,2024-11-21,38.7,NBM
KORD,2024-11-22,46.2,NBM
KORD,2024-11-23,43.9,NBM
KORD,2024-11-24,49.4,NBM
KORD,2024-11-25,50.9,NBM
KORD,2024-11-26,42.6,NBM
KORD,2024-11-27,44.1,NBM
KORD,2024-11-28,39.1,NBM
KORD,2024-11-29,29.2,NBM
KORD,2024-11-30,25.1,NBM
KORD,2024-12-01,25.0,NBM
KORD,2024-12-02,26.9,NBM
KORD,2024-12-03,30.3,NBM
KORD,2024-12-04,38.4,NBM
KORD,2024-12-05,32.3,NBM
KORD,2024-12-06,30.4,NBM
KORD,2024-12-07,44.5,NBM
KORD,2024-12-08,51.8,NBM
KORD,2024-12-09,50.4,NBM
KORD,2024-12-10,46.6,NBM
KORD,2024-12-11,32.3,NBM
KORD,2024-12-12,22.6,NBM
KORD,2024-12-13,25.8,NBM
KORD,2024-12-14,37.6,NBM
KORD,2024-12-15,45.0,NBM
KORD,2024-12-16,50.3,NBM
KORD,2024-12-17,42.4,NBM
KORD,2024-12-18,37.1,NBM
KORD,2024-12-19,32.7,NBM
KORD,2024-12-20,34.5,NBM
KORD,2024-12-21,27.5,NBM
KORD,2024-12-22,32.7,NBM
KORD,2024-12-23,38.7,NBM
KORD,2024-12-24,37.7,NBM
KORD,2024-12-25,38.2,NBM
KORD,2024-12-26,46.4,NBM
KORD,2024-12-27,48.0,NBM
KORD,2024-12-28,51.1,NBM
KORD,2024-12-29,47.2,NBM
KORD,2024-12-30,41.9,NBM
KORD,2024-12-31,40.4,NBM
KORD,2025-01-01,35.9,NBM
KORD,2025-01-02,30.9,NBM
KORD,2025-01-03,29.9,NBM
KORD,2025-01-04,22.6,NBM
KORD,2025-01-05,21.9,NBM
KORD,2025-01-06,29.0,NBM
KORD,2025-01-07,25.7,NBM
KORD,2025-01-08,24.6,NBM
KORD,2025-01-09,26.9,NBM
KORD,2025-01-10,29.6,NBM
KORD,2025-01-11,31.4,NBM
KORD,2025-01-12,34.5,NBM
KORD,2025-01-13,29.2,NBM
KORD,2025-01-14,16.1,NBM
KORD,2025-01-15,19.1,NBM
KORD,2025-01-16,37.2,NBM
KORD,2025-01-17,44.8,NBM
KORD,2025-01-18,40.4,NBM
KORD,2025-01-19,24.5,NBM
KORD,2025-01-20,10.2,NBM
KORD,2025-01-21,7.9,NBM
KORD,2025-01-22,23.2,NBM
KORD,2025-01-23,22.4,NBM
KORD,2025-01-24,19.6,NBM
KORD,2025-01-25,39.0,NBM
KORD,2025-01-26,33.3,NBM
KORD,2025-01-27,39.8,NBM
KORD,2025-01-28,45.3,NBM
KORD,2025-01-29,44.8,NBM
KORD,2025-01-30,50.5,NBM
KORD,2025-01-31,44.5,NBM
KORD,2025-02-01,35.7,NBM
KORD,2025-02-02,44.7,NBM
KORD,2025-02-03,44.4,NBM
KORD,2025-02-04,36.3,NBM
KORD,2025-02-05,31.3,NBM
KORD,2025-02-06,37.5,NBM
KORD,2025-02-07,35.2,NBM
KORD,2025-02-08,31.9,NBM
KORD,2025-02-09,30.5,NBM
KORD,2025-02-10,33.1,NBM
KORD,2025-02-11,30.0,NBM
KORD,2025-02-12,28.6,NBM
KORD,2025-02-13,27.4,NBM
KORD,2025-02-14,24.8,NBM
KORD,2025-02-15,32.7,NBM
KORD,2025-02-16,30.8,NBM
KORD,2025-02-17,20.1,NBM
KORD,2025-02-18,12.3,NBM
KORD,2025-02-19,15.6,NBM
KORD,2025-02-20,23.7,NBM
KORD,2025-02-21,28.0,NBM
KORD,2025-02-22,32.7,NBM
KORD,2025-02-23,43.1,NBM
KORD,2025-02-24,53.8,NBM
KORD,2025-02-25,53.2,NBM
KORD,2025-02-26,47.7,NBM
KORD,2025-02-27,45.7,NBM
KORD,2025-02-28,56.5,NBM
KORD,2025-03-01,49.5,NBM
KORD,2025-03-02,35.6,NBM
KORD,2025-03-03,48.3,NBM
KORD,2025-03-04,49.1,NBM
KORD,2025-03-05,49.8,NBM
KORD,2025-03-06,39.3,NBM
KORD,2025-03-07,37.2,NBM
KORD,2025-03-08,47.5,NBM
KORD,2025-03-09,57.0,NBM
KORD,2025-03-10,66.0,NBM
KORD,2025-03-11,62.1,NBM
KORD,2025-03-12,51.1,NBM
KORD,2025-03-13,57.6,NBM
KORD,2025-03-14,76.6,NBM
KORD,2025-03-15,72.7,NBM
KORD,2025-03-16,54.9,NBM
KORD,2025-03-17,50.9,NBM
KORD,2025-03-18,69.7,NBM
KORD,2025-03-19,65.6,NBM
KORD,2025-03-20,46.6,NBM
KORD,2025-03-21,57.9,NBM
KORD,2025-03-22,55.0,NBM
KORD,2025-03-23,49.0,NBM
KORD,2025-03-24,47.0,NBM
KORD,2025-03-25,48.7,NBM
KORD,2025-03-26,52.1,NBM
KORD,2025-03-27,56.7,NBM
KORD,2025-03-28,75.9,NBM
KORD,2025-03-29,72.6,NBM
KORD,2025-03-30,68.8,NBM
KORD,2025-03-31,56.2,NBM
KORD,2025-04-01,42.7,NBM
KORD,2025-04-02,64.8,NBM
KORD,2025-04-03,64.8,NBM
KORD,2025-04-04,48.5,NBM
KORD,2025-04-05,52.2,NBM
KORD,2025-04-06,48.9,NBM
KORD,2025-04-07,44.9,NBM
KORD,2025-04-08,42.9,NBM
KORD,2025-04-09,43.5,NBM
KORD,2025-04-10,43.9,NBM
KORD,2025-04-11,50.6,NBM
KORD,2025-04-12,59.7,NBM
KORD,2025-04-13,63.2,NBM
KORD,2025-04-14,62.4,NBM
KORD,2025-04-15,57.4,NBM
KORD,2025-04-16,51.1,NBM
KORD,2025-04-17,66.3,NBM
KORD,2025-04-18,77.9,NBM
KORD,2025-04-19,72.7,NBM
KORD,2025-04-20,57.5,NBM
KORD,2025-04-21,59.3,NBM
KORD,2025-04-22,69.5,NBM
KORD,2025-04-23,73.3,NBM
KORD,2025-04-24,71.2,NBM
KORD,2025-04-25,58.5,NBM
KORD,2025-04-26,52.1,NBM
KORD,2025-04-27,66.6,NBM
KORD,2025-04-28,81.2,NBM
KORD,2025-04-29,79.3,NBM
KORD,2025-04-30,63.3,NBM
KORD,2025-05-01,66.3,NBM
KORD,2025-05-02,62.0,NBM
KORD,2025-05-03,52.5,NBM
KORD,2025-05-04,55.4,NBM
KORD,2025-05-05,57.3,NBM
KORD,2025-05-06,73.5,NBM
KORD,2025-05-07,71.7,NBM
KORD,2025-05-08,56.4,NBM
KORD,2025-05-09,63.4,NBM
KORD,2025-05-10,68.5,NBM
KORD,2025-05-11,68.6,NBM
KORD,2025-05-12,74.9,NBM
KORD,2025-05-13,74.8,NBM
KORD,2025-05-14,76.1,NBM
KORD,2025-05-15,88.9,NBM
KORD,2025-05-16,83.9,NBM
KORD,2025-05-17,76.9,NBM
KORD,2025-05-18,66.3,NBM
KORD,2025-05-19,54.3,NBM
KORD,2025-05-20,55.6,NBM
KORD,2025-05-21,54.9,NBM
KORD,2025-05-22,55.5,NBM
KORD,2025-05-23,60.5,NBM
KORD,2025-05-24,63.2,NBM
KORD,2025-05-25,63.6,NBM
KORD,2025-05-26,64.3,NBM
KORD,2025-05-27,66.0,NBM
KORD,2025-05-28,63.4,NBM
KORD,2025-05-29,70.3,NBM
KORD,2025-05-30,76.8,NBM
KORD,2025-05-31,73.0,NBM
KORD,2025-06-01,68.1,NBM
KORD,2025-06-02,83.1,NBM
KORD,2025-06-03,85.2,NBM
KORD,2025-06-04,82.4,NBM
KORD,2025-06-05,71.0,NBM
KORD,2025-06-06,73.5,NBM
KORD,2025-06-07,75.1,NBM
KORD,2025-06-08,78.5,NBM
KORD,2025-06-09,71.4,NBM
KORD,2025-06-10,76.8,NBM
KORD,2025-06-11,89.2,NBM
KORD,2025-06-12,87.4,NBM
KORD,2025-06-13,72.1,NBM
KORD,2025-06-14,71.5,NBM
KORD,2025-06-15,78.6,NBM
KORD,2025-06-16,84.8,NBM
KORD,2025-06-17,88.7,NBM
KORD,2025-06-18,86.0,NBM
KORD,2025-06-19,80.3,NBM
KORD,2025-06-20,83.7,NBM
KORD,2025-06-21,92.9,NBM
KORD,2025-06-22,93.8,NBM
KORD,2025-06-23,93.9,NBM
KORD,2025-06-24,91.4,NBM
KORD,2025-06-25,83.1,NBM
KORD,2025-06-26,91.4,NBM
KORD,2025-06-27,88.5,NBM
KORD,2025-06-28,86.0,NBM
KORD,2025-06-29,90.6,NBM
KORD,2025-06-30,88.2,NBM
KORD,2025-07-01,86.4,NBM
KORD,2025-07-02,87.7,NBM
KORD,2025-07-03,90.3,NBM
KORD,2025-07-04,90.2,NBM
KORD,2025-07-05,92.7,NBM
KORD,2025-07-06,90.2,NBM
KORD,2025-07-07,80.5,NBM
KORD,2025-07-08,83.9,NBM
KORD,2025-07-09,82.2,NBM
KORD,2025-07-10,84.2,NBM
KORD,2025-07-11,86.7,NBM
KORD,2025-07-12,84.0,NBM
KORD,2025-07-13,82.2,NBM
KORD,2025-07-14,87.4,NBM
KORD,2025-07-15,89.4,NBM
KORD,2025-07-16,89.1,NBM
KORD,2025-07-17,80.0,NBM
KORD,2025-07-18,80.2,NBM
KORD,2025-07-19,80.9,NBM
KORD,2025-07-20,80.3,NBM
KORD,2025-07-21,81.0,NBM
KORD,2025-07-22,87.0,NBM
KORD,2025-07-23,92.1,NBM
KORD,2025-07-24,91.9,NBM
KORD,2025-07-25,82.2,NBM
KORD,2025-07-26,80.4,NBM
KORD,2025-07-27,87.6,NBM
KORD,2025-07-28,90.3,NBM
KORD,2025-07-29,92.4,NBM
KORD,2025-07-30,89.5,NBM
KORD,2025-07-31,74.7,NBM
KORD,2025-08-01,75.5,NBM
KORD,2025-08-02,78.8,NBM
KORD,2025-08-03,79.4,NBM
KORD,2025-08-04,80.4,NBM
KORD,2025-08-05,82.4,NBM
KORD,2025-08-06,86.2,NBM
KORD,2025-08-07,89.3,NBM
KORD,2025-08-08,92.0,NBM
KORD,2025-08-09,92.5,NBM
KORD,2025-08-10,89.9,NBM
KORD,2025-08-11,87.9,NBM
KORD,2025-08-12,85.7,NBM
KORD,2025-08-13,83.1,NBM
KORD,2025-08-14,82.8,NBM
KORD,2025-08-15,90.3,NBM
KORD,2025-08-16,93.7,NBM
KORD,2025-08-17,86.2,NBM
KORD,2025-08-18,84.3,NBM
KORD,2025-08-19,79.8,NBM
KORD,2025-08-20,75.0,NBM
KORD,2025-08-21,76.2,NBM
KORD,2025-08-22,80.2,NBM
KORD,2025-08-23,81.8,NBM
KORD,2025-08-24,73.9,NBM
KORD,2025-08-25,69.6,NBM
KORD,2025-08-26,72.3,NBM
KORD,2025-08-27,76.6,NBM
KORD,2025-08-28,75.1,NBM
KORD,2025-08-29,70.7,NBM
KORD,2025-08-30,72.4,NBM
KORD,2025-09-06,65.8,NBM
KORD,2025-09-07,67.1,NBM
KORD,2025-09-08,71.8,NBM
KORD,2025-09-09,75.3,NBM
KORD,2025-09-10,80.4,NBM
KORD,2025-09-11,77.7,NBM
KORD,2025-09-12,83.2,NBM
KORD,2025-09-13,80.7,NBM
KORD,2025-09-14,81.3,NBM
KORD,2025-09-15,82.0,NBM
KORD,2025-09-16,81.8,NBM
KORD,2025-09-17,82.8,NBM
KORD,2025-09-18,84.6,NBM
KORD,2025-09-19,85.9,NBM
KORD,2025-09-20,79.4,NBM
KORD,2025-09-21,78.9,NBM
KORD,2025-09-22,80.3,NBM
KORD,2025-09-23,76.0,NBM
KORD,2025-09-24,71.1,NBM
KORD,2025-09-25,74.3,NBM
KORD,2025-09-26,81.6,NBM
KORD,2025-09-27,85.1,NBM
KORD,2025-09-28,78.9,NBM
KORD,2025-09-29,85.0,NBM
KORD,2025-09-30,80.2,NBM
KORD,2025-10-01,76.0,NBM
KORD,2025-10-02,81.8,NBM
KORD,2025-10-03,87.7,NBM
KORD,2025-10-04,86.7,NBM
KORD,2025-10-05,83.1,NBM
KORD,2025-10-06,81.3,NBM
KORD,2025-10-07,73.5,NBM
KORD,2025-10-08,63.2,NBM
KORD,2025-10-09,63.2,NBM
KORD,2025-10-10,65.8,NBM
KORD,2025-10-11,65.9,NBM
KORD,2025-10-12,67.9,NBM
KORD,2025-10-13,69.7,NBM
KORD,2025-10-14,67.5,NBM
KORD,2025-10-15,60.6,NBM
KORD,2025-10-16,67.2,NBM
KORD,2025-10-17,74.8,NBM
KORD,2025-10-18,72.7,NBM
KORD,2025-10-19,67.8,NBM
KORD,2025-10-20,63.5,NBM
KORD,2025-10-21,59.3,NBM
KORD,2025-10-22,49.9,NBM
KORD,2025-10-23,51.5,NBM
KORD,2025-10-24,52.8,NBM
KORD,2025-10-25,54.1,NBM
KORD,2025-10-26,57.9,NBM
KORD,2025-10-27,56.3,NBM
KORD,2025-10-28,57.6,NBM
KORD,2025-10-29,55.7,NBM
KORD,2025-10-30,55.8,NBM
KORD,2025-10-31,54.1,NBM
KORD,2025-11-01,50.5,NBM
KORD,2025-11-02,52.3,NBM
KORD,2025-11-03,59.4,NBM
KORD,2025-11-04,61.9,NBM
KORD,2025-11-05,59.1,NBM
KORD,2025-11-06,57.1,NBM
KORD,2025-11-07,61.9,NBM
KORD,2025-11-08,56.6,NBM
KORD,2025-11-09,43.5,NBM
KORD,2025-11-10,34.1,NBM
KORD,2025-11-11,40.7,NBM
KORD,2025-11-12,52.8,NBM
KORD,2025-11-13,53.3,NBM
KORD,2025-11-14,64.7,NBM
KORD,2025-11-15,68.4,NBM
KORD,2025-11-16,60.3,NBM
KORD,2025-11-17,47.6,NBM
KORD,2025-11-18,44.1,NBM
KORD,2025-11-19,46.0,NBM
KORD,2025-11-20,49.8,NBM
KORD,2025-11-21,48.4,NBM
KORD,2025-11-22,48.8,NBM
KORD,2025-11-23,53.0,NBM
KORD,2025-11-24,51.0,NBM
KORD,2025-11-25,52.1,NBM
KORD,2025-11-26,51.2,NBM
KORD,2025-11-27,33.6,NBM
KORD,2025-11-28,31.6,NBM
KORD,2025-11-29,30.0,NBM
KORD,2025-11-30,32.7,NBM
KORD,2025-12-01,29.3,NBM
KORD,2025-12-02,25.7,NBM
KORD,2025-12-03,31.0,NBM
KORD,2025-12-04,28.2,NBM
KORD,2025-12-05,26.6,NBM
KORD,2025-12-06,30.9,NBM
KORD,2025-12-07,29.7,NBM
KORD,2025-12-08,24.5,NBM
KORD,2025-12-09,35.3,NBM
KORD,2025-12-10,38.4,NBM
KORD,2025-12-11,27.2,NBM
KORD,2025-12-12,29.7,NBM
KORD,2025-12-13,26.7,NBM
KORD,2025-12-14,9.3,NBM
KORD,2025-12-15,22.6,NBM
KORD,2025-12-16,35.9,NBM
KORD,2025-12-17,38.8,NBM
KORD,2025-12-18,50.2,NBM
KORD,2025-12-19,38.1,NBM
KORD,2025-12-20,40.2,NBM
KORD,2025-12-21,35.4,NBM
KORD,2025-12-22,42.9,NBM
KORD,2025-12-23,49.8,NBM
KORD,2025-12-24,45.5,NBM
KORD,2025-12-25,44.3,NBM
KORD,2025-12-26,47.7,NBM
KORD,2025-12-27,44.8,NBM
KORD,2025-12-28,54.4,NBM
KORD,2025-12-29,50.6,NBM
KORD,2025-12-30,22.5,NBM
KORD,2025-12-31,35.6,NBM
KORD,2026-01-01,34.0,NBM
KORD,2026-01-02,23.9,NBM
KORD,2026-01-03,27.1,NBM
KORD,2026-01-04,31.9,NBM
KORD,2026-01-05,43.0,NBM
KORD,2026-01-06,44.1,NBM
KORD,2026-01-07,42.6,NBM
KORD,2026-01-08,55.0,NBM
KORD,2026-01-09,58.9,NBM
KORD,2026-01-10,41.7,NBM
KORD,2026-01-11,34.1,NBM
KORD,2026-01-12,41.3,NBM
KORD,2026-01-13,50.4,NBM
KORD,2026-01-14,45.3,NBM
KORD,2026-01-15,25.0,NBM
KORD,2026-01-16,37.1,NBM
KORD,2026-01-17,34.1,NBM
KORD,2026-01-18,18.8,NBM
KORD,2026-01-19,19.1,NBM
KORD,2026-01-20,19.7,NBM
KORD,2026-01-21,29.9,NBM
KORD,2026-01-22,28.8,NBM
KORD,2026-01-23,18.5,NBM
KORD,2026-01-24,7.9,NBM
KORD,2026-01-25,16.5,NBM
KORD,2026-01-26,11.1,NBM
KORD,2026-01-27,13.9,NBM
KORD,2026-01-28,16.2,NBM
KORD,2026-01-29,16.5,NBM
KORD,2026-01-30,20.2,NBM
KORD,2026-01-31,25.5,NBM
KORD,2026-02-01,27.3,NBM
KORD,2026-02-02,29.1,NBM
KORD,2026-02-03,28.2,NBM
KORD,2026-02-04,27.6,NBM
KORD,2026-02-05,30.9,NBM
KORD,2026-02-06,37.6,NBM
KORD,2026-02-07,31.9,NBM
KORD,2026-02-08,30.6,NBM
KORD,2026-02-09,38.5,NBM
KORD,2026-02-10,45.3,NBM
KORD,2026-02-11,39.9,NBM
KORD,2026-02-12,39.9,NBM
KORD,2026-02-13,51.9,NBM
KORD,2026-02-14,52.3,NBM
KORD,2026-02-15,56.8,NBM
KORD,2026-02-16,63.4,NBM
KORD,2026-02-17,57.8,NBM
KORD,2026-02-18,62.3,NBM
KORD,2026-02-19,56.2,NBM
KORD,2026-02-20,47.4,NBM
KORD,2026-02-21,33.4,NBM
KORD,2026-02-22,30.5,NBM
KORD,2026-02-23,28.7,NBM
KORD,2026-02-24,37.7,NBM
KORD,2026-02-25,37.2,NBM
KPHL,2024-11-21,58.3,OBS
KPHL,2024-11-22,42.4,OBS
KPHL,2024-11-23,51.8,OBS
KPHL,2024-11-24,54.5,OBS
KPHL,2024-11-25,54.1,OBS
KPHL,2024-11-26,61.5,OBS
KPHL,2024-11-27,51.9,OBS
KPHL,2024-11-28,54.0,OBS
KPHL,2024-11-29,46.0,OBS
KPHL,2024-11-30,37.5,OBS
KPHL,2024-12-01,39.1,OBS
KPHL,2024-12-02,39.0,OBS
KPHL,2024-12-03,41.5,OBS
KPHL,2024-12-04,39.1,OBS
KPHL,2024-12-05,40.5,OBS
KPHL,2024-12-06,35.3,OBS
KPHL,2024-12-07,40.9,OBS
KPHL,2024-12-08,56.1,OBS
KPHL,2024-12-09,51.3,OBS
KPHL,2024-12-10,58.6,OBS
KPHL,2024-12-11,63.3,OBS
KPHL,2024-12-12,44.2,OBS
KPHL,2024-12-13,35.8,OBS
KPHL,2024-12-14,34.9,OBS
KPHL,2024-12-15,39.2,OBS
KPHL,2024-12-16,50.1,OBS
KPHL,2024-12-17,60.3,OBS
KPHL,2024-12-18,55.8,OBS
KPHL,2024-12-19,52.1,OBS
KPHL,2024-12-20,40.9,OBS
KPHL,2024-12-21,35.1,OBS
KPHL,2024-12-22,25.3,OBS
KPHL,2024-12-23,27.5,OBS
KPHL,2024-12-24,37.5,OBS
KPHL,2024-12-25,39.7,OBS
KPHL,2024-12-26,36.6,OBS
KPHL,2024-12-27,45.0,OBS
KPHL,2024-12-28,50.0,OBS
KPHL,2024-12-29,64.7,OBS
KPHL,2024-12-30,59.6,OBS
KPHL,2024-12-31,54.7,OBS
KPHL,2025-01-01,50.4,OBS
KPHL,2025-01-02,41.1,OBS
KPHL,2025-01-03,37.7,OBS
KPHL,2025-01-04,33.3,OBS
KPHL,2025-01-05,31.5,OBS
KPHL,2025-01-06,28.8,OBS
KPHL,2025-01-07,30.1,OBS
KPHL,2025-01-08,28.5,OBS
KPHL,2025-01-09,30.6,OBS
KPHL,2025-01-10,36.7,OBS
KPHL,2025-01-11,31.7,OBS
KPHL,2025-01-12,38.4,OBS
KPHL,2025-01-13,44.6,OBS
KPHL,2025-01-14,35.2,OBS
KPHL,2025-01-15,33.6,OBS
KPHL,2025-01-16,29.8,OBS
KPHL,2025-01-17,42.4,OBS
KPHL,2025-01-18,42.0,OBS
KPHL,2025-01-19,37.8,OBS
KPHL,2025-01-20,29.9,OBS
KPHL,2025-01-21,17.9,OBS
KPHL,2025-01-22,17.6,OBS
KPHL,2025-01-23,26.3,OBS
KPHL,2025-01-24,29.7,OBS
KPHL,2025-01-25,32.4,OBS
KPHL,2025-01-26,40.4,OBS
KPHL,2025-01-27,38.5,OBS
KPHL,2025-01-28,42.0,OBS
KPHL,2025-01-29,50.2,OBS
KPHL,2025-01-30,41.3,OBS
KPHL,2025-01-31,48.2,OBS
KPHL,2025-02-01,50.3,OBS
KPHL,2025-02-02,39.4,OBS
KPHL,2025-02-03,50.1,OBS
KPHL,2025-02-04,47.8,OBS
KPHL,2025-02-05,36.0,OBS
KPHL,2025-02-06,43.5,OBS
KPHL,2025-02-07,43.2,OBS
KPHL,2025-02-08,34.3,OBS
KPHL,2025-02-09,41.5,OBS
KPHL,2025-02-10,41.5,OBS
KPHL,2025-02-11,38.5,OBS
KPHL,2025-02-12,34.3,OBS
KPHL,2025-02-13,52.2,OBS
KPHL,2025-02-14,39.4,OBS
KPHL,2025-02-15,38.6,OBS
KPHL,2025-02-16,56.1,OBS
KPHL,2025-02-17,41.6,OBS
KPHL,2025-02-18,31.3,OBS
KPHL,2025-02-19,30.9,OBS
KPHL,2025-02-20,28.6,OBS
KPHL,2025-02-21,35.9,OBS
KPHL,2025-02-22,40.1,OBS
KPHL,2025-02-23,46.0,OBS
KPHL,2025-02-24,50.7,OBS
KPHL,2025-02-25,56.8,OBS
KPHL,2025-02-26,57.4,OBS
KPHL,2025-02-27,56.6,OBS
KPHL,2025-02-28,52.0,OBS
KPHL,2025-03-01,61.2,OBS
KPHL,2025-03-02,37.4,OBS
KPHL,2025-03-03,39.1,OBS
KPHL,2025-03-04,57.7,OBS
KPHL,2025-03-05,59.0,OBS
KPHL,2025-03-06,55.2,OBS
KPHL,2025-03-07,48.8,OBS
KPHL,2025-03-08,45.8,OBS
KPHL,2025-03-09,53.1,OBS
KPHL,2025-03-10,62.7,OBS
KPHL,2025-03-11,64.4,OBS
KPHL,2025-03-12,58.5,OBS
KPHL,2025-03-13,54.9,OBS
KPHL,2025-03-14,58.8,OBS
KPHL,2025-03-15,56.9,OBS
KPHL,2025-03-16,64.9,OBS
KPHL,2025-03-17,62.5,OBS
KPHL,2025-03-18,60.1,OBS
KPHL,2025-03-19,67.6,OBS
KPHL,2025-03-20,63.1,OBS
KPHL,2025-03-21,54.5,OBS
KPHL,2025-03-22,60.9,OBS
KPHL,2025-03-23,52.5,OBS
KPHL,2025-03-24,53.7,OBS
KPHL,2025-03-25,57.9,OBS
KPHL,2025-03-26,51.4,OBS
KPHL,2025-03-27,51.5,OBS
KPHL,2025-03-28,62.5,OBS
KPHL,2025-03-29,76.2,OBS
KPHL,2025-03-30,72.9,OBS
KPHL,2025-03-31,77.9,OBS
KPHL,2025-04-01,64.5,OBS
KPHL,2025-04-02,55.1,OBS
KPHL,2025-04-03,74.6,OBS
KPHL,2025-04-04,73.0,OBS
KPHL,2025-04-05,62.2,OBS
KPHL,2025-04-06,60.3,OBS
KPHL,2025-04-07,54.1,OBS
KPHL,2025-04-08,45.5,OBS
KPHL,2025-04-09,48.7,OBS
KPHL,2025-04-10,53.2,OBS
KPHL,2025-04-11,46.0,OBS
KPHL,2025-04-12,44.2,OBS
KPHL,2025-04-13,58.7,OBS
KPHL,2025-04-14,66.0,OBS
KPHL,2025-04-15,65.5,OBS
KPHL,2025-04-16,55.0,OBS
KPHL,2025-04-17,59.7,OBS
KPHL,2025-04-18,69.7,OBS
KPHL,2025-04-19,79.3,OBS
KPHL,2025-04-20,75.8,OBS
KPHL,2025-04-21,68.4,OBS
KPHL,2025-04-22,80.8,OBS
KPHL,2025-04-23,79.3,OBS
KPHL,2025-04-24,80.2,OBS
KPHL,2025-04-25,79.5,OBS
KPHL,2025-04-26,75.0,OBS
KPHL,2025-04-27,67.6,OBS
KPHL,2025-04-28,76.2,OBS
KPHL,2025-04-29,81.6,OBS
KPHL,2025-04-30,81.3,OBS
KPHL,2025-05-01,79.2,OBS
KPHL,2025-05-02,87.4,OBS
KPHL,2025-05-03,84.5,OBS
KPHL,2025-05-04,69.5,OBS
KPHL,2025-05-05,71.9,OBS
KPHL,2025-05-06,75.7,OBS
KPHL,2025-05-07,71.7,OBS
KPHL,2025-05-08,77.2,OBS
KPHL,2025-05-09,66.7,OBS
KPHL,2025-05-10,69.9,OBS
KPHL,2025-05-11,77.5,OBS
KPHL,2025-05-12,82.5,OBS
KPHL,2025-05-13,72.7,OBS
KPHL,2025-05-14,67.7,OBS
KPHL,2025-05-15,74.8,OBS
KPHL,2025-05-16,79.2,OBS
KPHL,2025-05-17,81.7,OBS
KPHL,2025-05-18,74.9,OBS
KPHL,2025-05-19,75.0,OBS
KPHL,2025-05-20,72.6,OBS
KPHL,2025-05-21,67.0,OBS
KPHL,2025-05-22,56.2,OBS
KPHL,2025-05-23,66.5,OBS
KPHL,2025-05-24,65.0,OBS
KPHL,2025-05-25,67.9,OBS
KPHL,2025-05-26,72.1,OBS
KPHL,2025-05-27,76.3,OBS
KPHL,2025-05-28,65.6,OBS
KPHL,2025-05-29,72.4,OBS
KPHL,2025-05-30,76.4,OBS
KPHL,2025-05-31,70.5,OBS
KPHL,2025-06-01,67.3,OBS
KPHL,2025-06-02,71.2,OBS
KPHL,2025-06-03,80.0,OBS
KPHL,2025-06-04,86.6,OBS
KPHL,2025-06-05,88.8,OBS
KPHL,2025-06-06,88.0,OBS
KPHL,2025-06-07,81.5,OBS
KPHL,2025-06-08,76.1,OBS
KPHL,2025-06-09,76.5,OBS
KPHL,2025-06-10,80.3,OBS
KPHL,2025-06-11,82.6,OBS
KPHL,2025-06-12,89.2,OBS
KPHL,2025-06-13,85.3,OBS
KPHL,2025-06-14,77.1,OBS
KPHL,2025-06-15,67.8,OBS
KPHL,2025-06-16,69.0,OBS
KPHL,2025-06-17,76.9,OBS
KPHL,2025-06-18,84.2,OBS
KPHL,2025-06-19,88.2,OBS
KPHL,2025-06-20,81.2,OBS
KPHL,2025-06-21,87.2,OBS
KPHL,2025-06-22,91.9,OBS
KPHL,2025-06-23,99.5,OBS
KPHL,2025-06-24,102.1,OBS
KPHL,2025-06-25,100.7,OBS
KPHL,2025-06-26,91.1,OBS
KPHL,2025-06-27,78.3,OBS
KPHL,2025-06-28,85.1,OBS
KPHL,2025-06-29,89.7,OBS
KPHL,2025-06-30,86.9,OBS
KPHL,2025-07-01,82.8,OBS
KPHL,2025-07-02,83.9,OBS
KPHL,2025-07-03,87.2,OBS
KPHL,2025-07-04,84.5,OBS
KPHL,2025-07-05,87.6,OBS
KPHL,2025-07-06,91.1,OBS
KPHL,2025-07-07,90.4,OBS
KPHL,2025-07-08,92.3,OBS
KPHL,2025-07-09,88.9,OBS
KPHL,2025-07-10,79.6,OBS
KPHL,2025-07-11,88.4,OBS
KPHL,2025-07-12,89.3,OBS
KPHL,2025-07-13,89.6,OBS
KPHL,2025-07-14,85.4,OBS
KPHL,2025-07-15,87.1,OBS
KPHL,2025-07-16,86.4,OBS
KPHL,2025-07-17,90.3,OBS
KPHL,2025-07-18,85.8,OBS
KPHL,2025-07-19,81.2,OBS
KPHL,2025-07-20,89.4,OBS
KPHL,2025-07-21,87.5,OBS
KPHL,2025-07-22,83.8,OBS
KPHL,2025-07-23,87.0,OBS
KPHL,2025-07-24,86.6,OBS
KPHL,2025-07-25,97.0,OBS
KPHL,2025-07-26,89.2,OBS
KPHL,2025-07-27,86.2,OBS
KPHL,2025-07-28,91.8,OBS
KPHL,2025-07-29,95.7,OBS
KPHL,2025-07-30,95.1,OBS
KPHL,2025-07-31,92.0,OBS
KPHL,2025-08-01,76.3,OBS
KPHL,2025-08-02,79.8,OBS
KPHL,2025-08-03,81.3,OBS
KPHL,2025-08-04,87.5,OBS
KPHL,2025-08-05,85.9,OBS
KPHL,2025-08-06,81.1,OBS
KPHL,2025-08-07,82.4,OBS
KPHL,2025-08-08,84.7,OBS
KPHL,2025-08-09,85.2,OBS
KPHL,2025-08-10,88.8,OBS
KPHL,2025-08-11,89.2,OBS
KPHL,2025-08-12,91.1,OBS
KPHL,2025-08-13,88.2,OBS
KPHL,2025-08-14,87.4,OBS
KPHL,2025-08-15,91.1,OBS
KPHL,2025-08-16,89.7,OBS
KPHL,2025-08-17,92.8,OBS
KPHL,2025-08-18,83.4,OBS
KPHL,2025-08-19,74.0,OBS
KPHL,2025-08-20,77.5,OBS
KPHL,2025-08-21,75.7,OBS
KPHL,2025-08-22,81.0,OBS
KPHL,2025-08-23,82.4,OBS
KPHL,2025-08-24,84.9,OBS
KPHL,2025-08-25,86.6,OBS
KPHL,2025-08-26,80.8,OBS
KPHL,2025-08-27,78.3,OBS
KPHL,2025-08-28,78.2,OBS
KPHL,2025-08-29,81.4,OBS
KPHL,2025-08-30,76.7,OBS
KPHL,2025-08-31,81.1,OBS
KPHL,2025-09-01,81.0,OBS
KPHL,2025-09-02,79.8,OBS
KPHL,2025-09-03,80.5,OBS
KPHL,2025-09-04,82.8,OBS
KPHL,2025-09-05,82.8,OBS
KPHL,2025-09-06,83.1,OBS
KPHL,2025-09-07,73.5,OBS
KPHL,2025-09-08,71.8,OBS
KPHL,2025-09-09,73.9,OBS
KPHL,2025-09-10,70.7,OBS
KPHL,2025-09-11,81.1,OBS
KPHL,2025-09-12,81.5,OBS
KPHL,2025-09-13,82.3,OBS
KPHL,2025-09-14,87.3,OBS
KPHL,2025-09-15,83.8,OBS
KPHL,2025-09-16,75.2,OBS
KPHL,2025-09-17,71.5,OBS
KPHL,2025-09-18,81.7,OBS
KPHL,2025-09-19,84.0,OBS
KPHL,2025-09-20,76.8,OBS
KPHL,2025-09-21,74.1,OBS
KPHL,2025-09-22,76.6,OBS
KPHL,2025-09-23,84.5,OBS
KPHL,2025-09-24,81.8,OBS
KPHL,2025-09-25,80.1,OBS
KPHL,2025-09-26,80.6,OBS
KPHL,2025-09-27,78.8,OBS
KPHL,2025-09-28,81.2,OBS
KPHL,2025-09-29,77.4,OBS
KPHL,2025-09-30,77.9,OBS
KPHL,2025-10-01,72.1,OBS
KPHL,2025-10-02,69.9,OBS
KPHL,2025-10-03,71.7,OBS
KPHL,2025-10-04,79.7,OBS
KPHL,2025-10-05,83.0,OBS
KPHL,2025-10-06,81.1,OBS
KPHL,2025-10-07,80.6,OBS
KPHL,2025-10-08,72.9,OBS
KPHL,2025-10-09,63.8,OBS
KPHL,2025-10-10,63.7,OBS
KPHL,2025-10-11,68.2,OBS
KPHL,2025-10-12,63.3,OBS
KPHL,2025-10-13,60.1,OBS
KPHL,2025-10-14,66.1,OBS
KPHL,2025-10-15,68.1,OBS
KPHL,2025-10-16,61.2,OBS
KPHL,2025-10-17,64.9,OBS
KPHL,2025-10-18,71.2,OBS
KPHL,2025-10-19,76.6,OBS
KPHL,2025-10-20,68.9,OBS
KPHL,2025-10-21,70.9,OBS
KPHL,2025-10-22,64.6,OBS
KPHL,2025-10-23,61.8,OBS
KPHL,2025-10-24,60.7,OBS
KPHL,2025-10-25,62.3,OBS
KPHL,2025-10-26,61.9,OBS
KPHL,2025-10-27,59.5,OBS
KPHL,2025-10-28,55.2,OBS
KPHL,2025-10-29,57.5,OBS
KPHL,2025-10-30,67.1,OBS
KPHL,2025-10-31,60.8,OBS
KPHL,2025-11-01,59.4,OBS
KPHL,2025-11-02,62.1,OBS
KPHL,2025-11-03,58.5,OBS
KPHL,2025-11-04,61.7,OBS
KPHL,2025-11-05,67.2,OBS
KPHL,2025-11-06,64.8,OBS
KPHL,2025-11-07,61.7,OBS
KPHL,2025-11-08,66.8,OBS
KPHL,2025-11-09,66.2,OBS
KPHL,2025-11-10,59.0,OBS
KPHL,2025-11-11,42.2,OBS
KPHL,2025-11-12,53.7,OBS
KPHL,2025-11-13,52.6,OBS
KPHL,2025-11-14,54.5,OBS
KPHL,2025-11-15,55.1,OBS
KPHL,2025-11-16,59.8,OBS
KPHL,2025-11-17,46.7,OBS
KPHL,2025-11-18,48.3,OBS
KPHL,2025-11-19,45.4,OBS
KPHL,2025-11-20,47.8,OBS
KPHL,2025-11-21,54.8,OBS
KPHL,2025-11-22,52.8,OBS
KPHL,2025-11-23,52.9,OBS
KPHL,2025-11-24,53.2,OBS
KPHL,2025-11-25,55.0,OBS
KPHL,2025-11-26,62.0,OBS
KPHL,2025-11-27,56.8,OBS
KPHL,2025-11-28,41.7,OBS
KPHL,2025-11-29,41.9,OBS
KPHL,2025-11-30,41.3,OBS
KPHL,2025-12-01,43.9,OBS
KPHL,2025-12-02,39.6,OBS
KPHL,2025-12-03,42.0,OBS
KPHL,2025-12-04,41.8,OBS
KPHL,2025-12-05,34.2,OBS
KPHL,2025-12-06,41.1,OBS
KPHL,2025-12-07,41.6,OBS
KPHL,2025-12-08,34.2,OBS
KPHL,2025-12-09,32.9,OBS
KPHL,2025-12-10,44.2,OBS
KPHL,2025-12-11,39.7,OBS
KPHL,2025-12-12,36.8,OBS
KPHL,2025-12-13,42.2,OBS
KPHL,2025-12-14,35.7,OBS
KPHL,2025-12-15,24.8,OBS
KPHL,2025-12-16,29.4,OBS
KPHL,2025-12-17,40.4,OBS
KPHL,2025-12-18,44.6,OBS
KPHL,2025-12-19,57.3,OBS
KPHL,2025-12-20,37.5,OBS
KPHL,2025-12-21,46.5,OBS
KPHL,2025-12-22,38.9,OBS
KPHL,2025-12-23,38.8,OBS
KPHL,2025-12-24,48.7,OBS
KPHL,2025-12-25,49.6,OBS
KPHL,2025-12-26,40.9,OBS
KPHL,2025-12-27,33.9,OBS
KPHL,2025-12-28,35.7,OBS
KPHL,2025-12-29,49.2,OBS
KPHL,2025-12-30,36.9,OBS
KPHL,2025-12-31,32.3,OBS
KPHL,2026-01-01,34.4,OBS
KPHL,2026-01-02,32.3,OBS
KPHL,2026-01-03,32.7,OBS
KPHL,2026-01-04,35.6,OBS
KPHL,2026-01-05,36.8,OBS
KPHL,2026-01-06,44.3,OBS
KPHL,2026-01-07,53.9,OBS
KPHL,2026-01-08,51.5,OBS
KPHL,2026-01-09,52.2,OBS
KPHL,2026-01-10,53.4,OBS
KPHL,2026-01-11,47.4,OBS
KPHL,2026-01-12,42.4,OBS
KPHL,2026-01-13,48.9,OBS
KPHL,2026-01-14,53.8,OBS
KPHL,2026-01-15,45.6,OBS
KPHL,2026-01-16,33.8,OBS
KPHL,2026-01-17,38.3,OBS
KPHL,2026-01-18,33.8,OBS
KPHL,2026-01-19,33.7,OBS
KPHL,2026-01-20,27.6,OBS
KPHL,2026-01-21,35.9,OBS
KPHL,2026-01-22,49.1,OBS
KPHL,2026-01-23,38.7,OBS
KPHL,2026-01-24,30.7,OBS
KPHL,2026-01-25,19.2,OBS
KPHL,2026-01-26,25.1,OBS
KPHL,2026-01-27,21.0,OBS
KPHL,2026-01-28,20.0,OBS
KPHL,2026-01-29,16.6,OBS
KPHL,2026-01-30,15.9,OBS
KPHL,2026-01-31,19.5,OBS
KPHL,2026-02-01,21.3,OBS
KPHL,2026-02-02,29.2,OBS
KPHL,2026-02-03,33.0,OBS
KPHL,2026-02-04,32.3,OBS
KPHL,2026-02-05,28.5,OBS
KPHL,2026-02-06,29.8,OBS
KPHL,2026-02-07,27.8,OBS
KPHL,2026-02-08,15.6,OBS
KPHL,2026-02-09,26.2,OBS
KPHL,2026-02-10,37.0,OBS
KPHL,2026-02-11,42.3,OBS
KPHL,2026-02-12,34.6,OBS
KPHL,2026-02-13,34.2,OBS
KPHL,2026-02-14,44.1,OBS
KPHL,2026-02-15,44.3,OBS
KPHL,2026-02-16,39.3,OBS
KPHL,2026-02-17,47.7,OBS
KPHL,2026-02-18,47.2,OBS
KPHL,2026-02-19,44.9,OBS
KPHL,2026-02-20,48.5,OBS
KPHL,2026-02-21,48.5,OBS
KPHL,2026-02-22,41.6,OBS
KPHL,2026-02-23,35.9,OBS
KPHL,2026-02-24,33.6,OBS
KPHL,2026-02-25,39.0,OBS
KPHL,2024-11-21,57.3,GFS
KPHL,2024-11-22,42.9,GFS
KPHL,2024-11-23,51.7,GFS
KPHL,2024-11-24,55.6,GFS
KPHL,2024-11-25,57.2,GFS
KPHL,2024-11-26,59.6,GFS
KPHL,2024-11-27,53.1,GFS
KPHL,2024-11-28,51.7,GFS
KPHL,2024-11-29,46.2,GFS
KPHL,2024-11-30,38.1,GFS
KPHL,2024-12-01,39.4,GFS
KPHL,2024-12-02,39.9,GFS
KPHL,2024-12-03,41.9,GFS
KPHL,2024-12-04,41.5,GFS
KPHL,2024-12-05,43.2,GFS
KPHL,2024-12-06,37.1,GFS
KPHL,2024-12-07,40.4,GFS
KPHL,2024-12-08,58.8,GFS
KPHL,2024-12-09,52.4,GFS
KPHL,2024-12-10,54.3,GFS
KPHL,2024-12-11,63.8,GFS
KPHL,2024-12-12,48.9,GFS
KPHL,2024-12-13,37.2,GFS
KPHL,2024-12-14,38.4,GFS
KPHL,2024-12-15,41.3,GFS
KPHL,2024-12-16,48.9,GFS
KPHL,2024-12-17,59.3,GFS
KPHL,2024-12-18,57.1,GFS
KPHL,2024-12-19,51.6,GFS
KPHL,2024-12-20,39.2,GFS
KPHL,2024-12-21,34.9,GFS
KPHL,2024-12-22,27.2,GFS
KPHL,2024-12-23,30.0,GFS
KPHL,2024-12-24,42.2,GFS
KPHL,2024-12-25,39.0,GFS
KPHL,2024-12-26,40.2,GFS
KPHL,2024-12-27,47.4,GFS
KPHL,2024-12-28,48.1,GFS
KPHL,2024-12-29,65.0,GFS
KPHL,2024-12-30,60.4,GFS
KPHL,2024-12-31,59.2,GFS
KPHL,2025-01-01,52.4,GFS
KPHL,2025-01-02,43.0,GFS
KPHL,2025-01-03,36.9,GFS
KPHL,2025-01-04,32.7,GFS
KPHL,2025-01-05,32.3,GFS
KPHL,2025-01-06,29.7,GFS
KPHL,2025-01-07,34.7,GFS
KPHL,2025-01-08,32.5,GFS
KPHL,2025-01-09,34.5,GFS
KPHL,2025-01-10,37.2,GFS
KPHL,2025-01-11,33.9,GFS
KPHL,2025-01-12,42.5,GFS
KPHL,2025-01-13,44.5,GFS
KPHL,2025-01-14,40.1,GFS
KPHL,2025-01-15,34.0,GFS
KPHL,2025-01-16,30.0,GFS
KPHL,2025-01-17,43.2,GFS
KPHL,2025-01-18,42.2,GFS
KPHL,2025-01-19,40.1,GFS
KPHL,2025-01-20,28.5,GFS
KPHL,2025-01-21,18.7,GFS
KPHL,2025-01-22,20.5,GFS
KPHL,2025-01-23,28.0,GFS
KPHL,2025-01-24,35.1,GFS
KPHL,2025-01-25,36.4,GFS
KPHL,2025-01-26,43.1,GFS
KPHL,2025-01-27,46.0,GFS
KPHL,2025-01-28,44.4,GFS
KPHL,2025-01-29,53.3,GFS
KPHL,2025-01-30,44.2,GFS
KPHL,2025-01-31,47.6,GFS
KPHL,2025-02-01,49.3,GFS
KPHL,2025-02-02,36.5,GFS
KPHL,2025-02-03,51.7,GFS
KPHL,2025-02-04,48.6,GFS
KPHL,2025-02-05,40.7,GFS
KPHL,2025-02-06,37.8,GFS
KPHL,2025-02-07,45.3,GFS
KPHL,2025-02-08,37.0,GFS
KPHL,2025-02-09,38.9,GFS
KPHL,2025-02-10,42.2,GFS
KPHL,2025-02-11,38.4,GFS
KPHL,2025-02-12,35.0,GFS
KPHL,2025-02-13,48.4,GFS
KPHL,2025-02-14,40.8,GFS
KPHL,2025-02-15,39.9,GFS
KPHL,2025-02-16,55.1,GFS
KPHL,2025-02-17,43.7,GFS
KPHL,2025-02-18,33.6,GFS
KPHL,2025-02-19,30.0,GFS
KPHL,2025-02-20,27.6,GFS
KPHL,2025-02-21,38.5,GFS
KPHL,2025-02-22,41.4,GFS
KPHL,2025-02-23,48.7,GFS
KPHL,2025-02-24,55.1,GFS
KPHL,2025-02-25,58.7,GFS
KPHL,2025-02-26,61.0,GFS
KPHL,2025-02-27,54.3,GFS
KPHL,2025-02-28,52.1,GFS
KPHL,2025-03-01,64.1,GFS
KPHL,2025-03-02,40.3,GFS
KPHL,2025-03-03,41.0,GFS
KPHL,2025-03-04,61.3,GFS
KPHL,2025-03-05,61.1,GFS
KPHL,2025-03-06,56.7,GFS
KPHL,2025-03-07,53.1,GFS
KPHL,2025-03-08,50.7,GFS
KPHL,2025-03-09,56.5,GFS
KPHL,2025-03-10,67.4,GFS
KPHL,2025-03-11,69.1,GFS
KPHL,2025-03-12,62.0,GFS
KPHL,2025-03-13,55.6,GFS
KPHL,2025-03-14,61.6,GFS
KPHL,2025-03-15,54.9,GFS
KPHL,2025-03-16,70.5,GFS
KPHL,2025-03-17,67.9,GFS
KPHL,2025-03-18,64.4,GFS
KPHL,2025-03-19,71.3,GFS
KPHL,2025-03-20,69.7,GFS
KPHL,2025-03-21,60.4,GFS
KPHL,2025-03-22,64.5,GFS
KPHL,2025-03-23,55.5,GFS
KPHL,2025-03-24,52.4,GFS
KPHL,2025-03-25,62.1,GFS
KPHL,2025-03-26,57.4,GFS
KPHL,2025-03-27,53.7,GFS
KPHL,2025-03-28,65.6,GFS
KPHL,2025-03-29,81.2,GFS
KPHL,2025-03-30,71.5,GFS
KPHL,2025-03-31,79.7,GFS
KPHL,2025-04-01,74.0,GFS
KPHL,2025-04-02,57.0,GFS
KPHL,2025-04-03,75.0,GFS
KPHL,2025-04-04,72.7,GFS
KPHL,2025-04-05,67.2,GFS
KPHL,2025-04-06,54.3,GFS
KPHL,2025-04-07,54.0,GFS
KPHL,2025-04-08,47.9,GFS
KPHL,2025-04-09,50.6,GFS
KPHL,2025-04-10,53.8,GFS
KPHL,2025-04-11,46.9,GFS
KPHL,2025-04-12,45.0,GFS
KPHL,2025-04-13,61.1,GFS
KPHL,2025-04-14,69.8,GFS
KPHL,2025-04-15,69.3,GFS
KPHL,2025-04-16,56.7,GFS
KPHL,2025-04-17,63.1,GFS
KPHL,2025-04-18,72.8,GFS
KPHL,2025-04-19,81.0,GFS
KPHL,2025-04-20,74.5,GFS
KPHL,2025-04-21,66.9,GFS
KPHL,2025-04-22,79.4,GFS
KPHL,2025-04-23,76.4,GFS
KPHL,2025-04-24,79.6,GFS
KPHL,2025-04-25,78.3,GFS
KPHL,2025-04-26,72.3,GFS
KPHL,2025-04-27,71.3,GFS
KPHL,2025-04-28,75.9,GFS
KPHL,2025-04-29,81.3,GFS
KPHL,2025-04-30,79.5,GFS
KPHL,2025-05-01,80.3,GFS
KPHL,2025-05-02,85.0,GFS
KPHL,2025-05-03,83.8,GFS
KPHL,2025-05-04,72.9,GFS
KPHL,2025-05-05,70.3,GFS
KPHL,2025-05-06,80.6,GFS
KPHL,2025-05-07,75.0,GFS
KPHL,2025-05-08,79.8,GFS
KPHL,2025-05-09,71.4,GFS
KPHL,2025-05-10,74.5,GFS
KPHL,2025-05-11,82.2,GFS
KPHL,2025-05-12,83.2,GFS
KPHL,2025-05-13,74.8,GFS
KPHL,2025-05-14,65.3,GFS
KPHL,2025-05-15,73.9,GFS
KPHL,2025-05-16,75.5,GFS
KPHL,2025-05-17,84.1,GFS
KPHL,2025-05-18,80.4,GFS
KPHL,2025-05-19,72.3,GFS
KPHL,2025-05-20,67.8,GFS
KPHL,2025-05-21,65.1,GFS
KPHL,2025-05-22,55.4,GFS
KPHL,2025-05-23,65.6,GFS
KPHL,2025-05-24,64.9,GFS
KPHL,2025-05-25,70.5,GFS
KPHL,2025-05-26,74.7,GFS
KPHL,2025-05-27,73.2,GFS
KPHL,2025-05-28,65.2,GFS
KPHL,2025-05-29,71.7,GFS
KPHL,2025-05-30,77.2,GFS
KPHL,2025-05-31,72.6,GFS
KPHL,2025-06-01,70.0,GFS
KPHL,2025-06-02,74.1,GFS
KPHL,2025-06-03,81.6,GFS
KPHL,2025-06-04,86.7,GFS
KPHL,2025-06-05,85.7,GFS
KPHL,2025-06-06,85.3,GFS
KPHL,2025-06-07,79.7,GFS
KPHL,2025-06-08,75.5,GFS
KPHL,2025-06-09,72.8,GFS
KPHL,2025-06-10,81.7,GFS
KPHL,2025-06-11,84.1,GFS
KPHL,2025-06-12,90.3,GFS
KPHL,2025-06-13,83.5,GFS
KPHL,2025-06-14,76.5,GFS
KPHL,2025-06-15,65.1,GFS
KPHL,2025-06-16,65.8,GFS
KPHL,2025-06-17,77.1,GFS
KPHL,2025-06-18,84.1,GFS
KPHL,2025-06-19,91.4,GFS
KPHL,2025-06-20,83.8,GFS
KPHL,2025-06-21,90.1,GFS
KPHL,2025-06-22,86.9,GFS
KPHL,2025-06-23,98.2,GFS
KPHL,2025-06-24,99.9,GFS
KPHL,2025-06-25,97.5,GFS
KPHL,2025-06-26,88.0,GFS
KPHL,2025-06-27,73.8,GFS
KPHL,2025-06-28,85.8,GFS
KPHL,2025-06-29,92.5,GFS
KPHL,2025-06-30,91.3,GFS
KPHL,2025-07-01,89.4,GFS
KPHL,2025-07-02,84.1,GFS
KPHL,2025-07-03,91.3,GFS
KPHL,2025-07-04,87.2,GFS
KPHL,2025-07-05,87.5,GFS
KPHL,2025-07-06,88.4,GFS
KPHL,2025-07-07,88.1,GFS
KPHL,2025-07-08,93.5,GFS
KPHL,2025-07-09,88.9,GFS
KPHL,2025-07-10,84.1,GFS
KPHL,2025-07-11,88.2,GFS
KPHL,2025-07-12,89.4,GFS
KPHL,2025-07-13,88.8,GFS
KPHL,2025-07-14,86.7,GFS
KPHL,2025-07-15,87.3,GFS
KPHL,2025-07-16,89.5,GFS
KPHL,2025-07-17,91.3,GFS
KPHL,2025-07-18,88.6,GFS
KPHL,2025-07-19,81.0,GFS
KPHL,2025-07-20,88.6,GFS
KPHL,2025-07-21,87.6,GFS
KPHL,2025-07-22,84.9,GFS
KPHL,2025-07-23,85.0,GFS
KPHL,2025-07-24,88.4,GFS
KPHL,2025-07-25,95.8,GFS
KPHL,2025-07-26,86.8,GFS
KPHL,2025-07-27,88.0,GFS
KPHL,2025-07-28,93.1,GFS
KPHL,2025-07-29,96.1,GFS
KPHL,2025-07-30,95.2,GFS
KPHL,2025-07-31,93.2,GFS
KPHL,2025-08-01,75.1,GFS
KPHL,2025-08-02,80.4,GFS
KPHL,2025-08-03,84.6,GFS
KPHL,2025-08-04,89.4,GFS
KPHL,2025-08-05,85.0,GFS
KPHL,2025-08-06,79.0,GFS
KPHL,2025-08-07,82.6,GFS
KPHL,2025-08-08,82.7,GFS
KPHL,2025-08-09,84.8,GFS
KPHL,2025-08-10,86.8,GFS
KPHL,2025-08-11,88.2,GFS
KPHL,2025-08-12,90.0,GFS
KPHL,2025-08-13,90.1,GFS
KPHL,2025-08-14,88.5,GFS
KPHL,2025-08-15,90.4,GFS
KPHL,2025-08-16,88.1,GFS
KPHL,2025-08-17,92.0,GFS
KPHL,2025-08-18,85.2,GFS
KPHL,2025-08-19,77.7,GFS
KPHL,2025-08-20,72.2,GFS
KPHL,2025-08-21,73.0,GFS
KPHL,2025-08-22,84.9,GFS
KPHL,2025-08-23,83.9,GFS
KPHL,2025-08-24,84.5,GFS
KPHL,2025-08-25,85.8,GFS
KPHL,2025-08-26,79.5,GFS
KPHL,2025-08-27,76.9,GFS
KPHL,2025-08-28,78.6,GFS
KPHL,2025-08-29,79.9,GFS
KPHL,2025-08-30,75.9,GFS
KPHL,2025-08-31,79.5,GFS
KPHL,2025-09-01,80.1,GFS
KPHL,2025-09-02,78.5,GFS
KPHL,2025-09-03,80.4,GFS
KPHL,2025-09-04,83.1,GFS
KPHL,2025-09-05,87.5,GFS
KPHL,2025-09-06,89.1,GFS
KPHL,2025-09-07,75.8,GFS
KPHL,2025-09-08,76.8,GFS
KPHL,2025-09-09,75.0,GFS
KPHL,2025-09-10,71.8,GFS
KPHL,2025-09-11,82.2,GFS
KPHL,2025-09-12,81.7,GFS
KPHL,2025-09-13,82.0,GFS
KPHL,2025-09-14,84.8,GFS
KPHL,2025-09-15,82.6,GFS
KPHL,2025-09-16,74.2,GFS
KPHL,2025-09-17,70.3,GFS
KPHL,2025-09-18,82.3,GFS
KPHL,2025-09-19,88.7,GFS
KPHL,2025-09-20,80.1,GFS
KPHL,2025-09-21,76.1,GFS
KPHL,2025-09-22,76.9,GFS
KPHL,2025-09-23,84.2,GFS
KPHL,2025-09-24,79.6,GFS
KPHL,2025-09-25,81.3,GFS
KPHL,2025-09-26,84.0,GFS
KPHL,2025-09-27,81.0,GFS
KPHL,2025-09-28,84.6,GFS
KPHL,2025-09-29,80.5,GFS
KPHL,2025-09-30,81.5,GFS
KPHL,2025-10-01,73.7,GFS
KPHL,2025-10-02,70.2,GFS
KPHL,2025-10-03,71.8,GFS
KPHL,2025-10-04,81.3,GFS
KPHL,2025-10-05,83.3,GFS
KPHL,2025-10-06,81.0,GFS
KPHL,2025-10-07,81.7,GFS
KPHL,2025-10-08,74.4,GFS
KPHL,2025-10-09,65.1,GFS
KPHL,2025-10-10,63.7,GFS
KPHL,2025-10-11,65.2,GFS
KPHL,2025-10-12,65.1,GFS
KPHL,2025-10-13,58.2,GFS
KPHL,2025-10-14,69.6,GFS
KPHL,2025-10-15,70.6,GFS
KPHL,2025-10-16,63.5,GFS
KPHL,2025-10-17,65.5,GFS
KPHL,2025-10-18,70.1,GFS
KPHL,2025-10-19,76.1,GFS
KPHL,2025-10-20,68.6,GFS
KPHL,2025-10-21,71.4,GFS
KPHL,2025-10-22,65.3,GFS
KPHL,2025-10-23,62.0,GFS
KPHL,2025-10-24,59.0,GFS
KPHL,2025-10-25,61.2,GFS
KPHL,2025-10-26,62.0,GFS
KPHL,2025-10-27,60.4,GFS
KPHL,2025-10-28,56.7,GFS
KPHL,2025-10-29,57.7,GFS
KPHL,2025-10-30,67.1,GFS
KPHL,2025-10-31,62.8,GFS
KPHL,2025-11-01,62.0,GFS
KPHL,2025-11-02,64.3,GFS
KPHL,2025-11-03,59.5,GFS
KPHL,2025-11-04,63.3,GFS
KPHL,2025-11-05,67.8,GFS
KPHL,2025-11-06,62.4,GFS
KPHL,2025-11-07,62.4,GFS
KPHL,2025-11-08,67.3,GFS
KPHL,2025-11-09,62.8,GFS
KPHL,2025-11-10,60.2,GFS
KPHL,2025-11-11,41.1,GFS
KPHL,2025-11-12,54.2,GFS
KPHL,2025-11-13,53.4,GFS
KPHL,2025-11-14,55.1,GFS
KPHL,2025-11-15,53.7,GFS
KPHL,2025-11-16,62.8,GFS
KPHL,2025-11-17,48.0,GFS
KPHL,2025-11-18,48.6,GFS
KPHL,2025-11-19,46.7,GFS
KPHL,2025-11-20,48.2,GFS
KPHL,2025-11-21,53.4,GFS
KPHL,2025-11-22,52.8,GFS
KPHL,2025-11-23,52.2,GFS
KPHL,2025-11-24,55.1,GFS
KPHL,2025-11-25,56.0,GFS
KPHL,2025-11-26,60.7,GFS
KPHL,2025-11-27,57.5,GFS
KPHL,2025-11-28,42.7,GFS
KPHL,2025-11-29,43.6,GFS
KPHL,2025-11-30,40.4,GFS
KPHL,2025-12-01,45.2,GFS
KPHL,2025-12-02,40.3,GFS
KPHL,2025-12-03,42.9,GFS
KPHL,2025-12-04,41.7,GFS
KPHL,2025-12-05,35.5,GFS
KPHL,2025-12-06,42.5,GFS
KPHL,2025-12-07,42.6,GFS
KPHL,2025-12-08,38.0,GFS
KPHL,2025-12-09,34.3,GFS
KPHL,2025-12-10,46.3,GFS
KPHL,2025-12-11,42.1,GFS
KPHL,2025-12-12,37.2,GFS
KPHL,2025-12-13,44.3,GFS
KPHL,2025-12-14,39.3,GFS
KPHL,2025-12-15,26.2,GFS
KPHL,2025-12-16,33.6,GFS
KPHL,2025-12-17,44.5,GFS
KPHL,2025-12-18,54.3,GFS
KPHL,2025-12-19,58.9,GFS
KPHL,2025-12-20,39.9,GFS
KPHL,2025-12-21,47.6,GFS
KPHL,2025-12-22,39.4,GFS
KPHL,2025-12-23,39.0,GFS
KPHL,2025-12-24,50.3,GFS
KPHL,2025-12-25,51.9,GFS
KPHL,2025-12-26,42.6,GFS
KPHL,2025-12-27,32.4,GFS
KPHL,2025-12-28,35.8,GFS
KPHL,2025-12-29,54.3,GFS
KPHL,2025-12-30,38.7,GFS
KPHL,2025-12-31,33.7,GFS
KPHL,2026-01-01,35.5,GFS
KPHL,2026-01-02,32.9,GFS
KPHL,2026-01-03,32.1,GFS
KPHL,2026-01-04,37.0,GFS
KPHL,2026-01-05,37.9,GFS
KPHL,2026-01-06,44.3,GFS
KPHL,2026-01-07,56.3,GFS
KPHL,2026-01-08,54.3,GFS
KPHL,2026-01-09,53.4,GFS
KPHL,2026-01-10,50.8,GFS
KPHL,2026-01-11,45.9,GFS
KPHL,2026-01-12,43.0,GFS
KPHL,2026-01-13,49.5,GFS
KPHL,2026-01-14,55.3,GFS
KPHL,2026-01-15,49.7,GFS
KPHL,2026-01-16,34.8,GFS
KPHL,2026-01-17,39.5,GFS
KPHL,2026-01-18,33.7,GFS
KPHL,2026-01-19,35.5,GFS
KPHL,2026-01-20,31.6,GFS
KPHL,2026-01-21,39.6,GFS
KPHL,2026-01-22,51.2,GFS
KPHL,2026-01-23,46.5,GFS
KPHL,2026-01-24,30.9,GFS
KPHL,2026-01-25,19.2,GFS
KPHL,2026-01-26,26.7,GFS
KPHL,2026-01-27,23.7,GFS
KPHL,2026-01-28,22.0,GFS
KPHL,2026-01-29,21.9,GFS
KPHL,2026-01-30,19.0,GFS
KPHL,2026-01-31,22.7,GFS
KPHL,2026-02-01,24.4,GFS
KPHL,2026-02-02,32.3,GFS
KPHL,2026-02-03,35.9,GFS
KPHL,2026-02-04,34.9,GFS
KPHL,2026-02-05,32.3,GFS
KPHL,2026-02-06,32.1,GFS
KPHL,2026-02-07,28.5,GFS
KPHL,2026-02-08,19.1,GFS
KPHL,2026-02-09,29.2,GFS
KPHL,2026-02-10,38.3,GFS
KPHL,2026-02-11,45.7,GFS
KPHL,2026-02-12,38.8,GFS
KPHL,2026-02-13,38.4,GFS
KPHL,2026-02-14,49.5,GFS
KPHL,2026-02-15,45.2,GFS
KPHL,2026-02-16,40.2,GFS
KPHL,2026-02-17,42.2,GFS
KPHL,2026-02-18,44.4,GFS
KPHL,2026-02-19,44.3,GFS
KPHL,2026-02-20,44.4,GFS
KPHL,2026-02-21,49.3,GFS
KPHL,2026-02-22,44.4,GFS
KPHL,2026-02-23,36.5,GFS
KPHL,2026-02-24,34.5,GFS
KPHL,2026-02-25,43.1,GFS
KPHL,2024-11-21,57.7,ECMWF
KPHL,2024-11-22,42.1,ECMWF
KPHL,2024-11-23,52.8,ECMWF
KPHL,2024-11-24,55.6,ECMWF
KPHL,2024-11-25,55.1,ECMWF
KPHL,2024-11-26,61.3,ECMWF
KPHL,2024-11-27,52.6,ECMWF
KPHL,2024-11-28,54.7,ECMWF
KPHL,2024-11-29,46.7,ECMWF
KPHL,2024-11-30,37.9,ECMWF
KPHL,2024-12-01,38.8,ECMWF
KPHL,2024-12-02,39.5,ECMWF
KPHL,2024-12-03,41.4,ECMWF
KPHL,2024-12-04,40.3,ECMWF
KPHL,2024-12-05,41.4,ECMWF
KPHL,2024-12-06,36.8,ECMWF
KPHL,2024-12-07,40.6,ECMWF
KPHL,2024-12-08,58.3,ECMWF
KPHL,2024-12-09,53.6,ECMWF
KPHL,2024-12-10,58.3,ECMWF
KPHL,2024-12-11,62.9,ECMWF
KPHL,2024-12-12,46.5,ECMWF
KPHL,2024-12-13,36.2,ECMWF
KPHL,2024-12-14,35.7,ECMWF
KPHL,2024-12-15,39.4,ECMWF
KPHL,2024-12-16,51.8,ECMWF
KPHL,2024-12-17,56.5,ECMWF
KPHL,2024-12-18,56.9,ECMWF
KPHL,2024-12-19,50.6,ECMWF
KPHL,2024-12-20,38.8,ECMWF
KPHL,2024-12-21,34.3,ECMWF
KPHL,2024-12-22,27.0,ECMWF
KPHL,2024-12-23,28.6,ECMWF
KPHL,2024-12-24,38.1,ECMWF
KPHL,2024-12-25,38.5,ECMWF
KPHL,2024-12-26,36.8,ECMWF
KPHL,2024-12-27,45.4,ECMWF
KPHL,2024-12-28,50.2,ECMWF
KPHL,2024-12-29,65.0,ECMWF
KPHL,2024-12-30,60.2,ECMWF
KPHL,2024-12-31,56.6,ECMWF
KPHL,2025-01-01,50.2,ECMWF
KPHL,2025-01-02,41.8,ECMWF
KPHL,2025-01-03,36.7,ECMWF
KPHL,2025-01-04,31.7,ECMWF
KPHL,2025-01-05,31.3,ECMWF
KPHL,2025-01-06,28.9,ECMWF
KPHL,2025-01-07,31.2,ECMWF
KPHL,2025-01-08,29.7,ECMWF
KPHL,2025-01-09,30.9,ECMWF
KPHL,2025-01-10,35.5,ECMWF
KPHL,2025-01-11,31.7,ECMWF
KPHL,2025-01-12,40.3,ECMWF
KPHL,2025-01-13,42.9,ECMWF
KPHL,2025-01-14,35.3,ECMWF
KPHL,2025-01-15,33.5,ECMWF
KPHL,2025-01-16,28.6,ECMWF
KPHL,2025-01-17,42.2,ECMWF
KPHL,2025-01-18,41.7,ECMWF
KPHL,2025-01-19,39.0,ECMWF
KPHL,2025-01-20,29.9,ECMWF
KPHL,2025-01-21,19.4,ECMWF
KPHL,2025-01-22,19.6,ECMWF
KPHL,2025-01-23,28.8,ECMWF
KPHL,2025-01-24,33.1,ECMWF
KPHL,2025-01-25,34.9,ECMWF
KPHL,2025-01-26,42.6,ECMWF
KPHL,2025-01-27,43.5,ECMWF
KPHL,2025-01-28,43.5,ECMWF
KPHL,2025-01-29,52.3,ECMWF
KPHL,2025-01-30,42.0,ECMWF
KPHL,2025-01-31,49.3,ECMWF
KPHL,2025-02-01,51.0,ECMWF
KPHL,2025-02-02,38.9,ECMWF
KPHL,2025-02-03,50.0,ECMWF
KPHL,2025-02-04,49.4,ECMWF
KPHL,2025-02-05,36.0,ECMWF
KPHL,2025-02-06,40.9,ECMWF
KPHL,2025-02-07,46.1,ECMWF
KPHL,2025-02-08,34.0,ECMWF
KPHL,2025-02-09,41.3,ECMWF
KPHL,2025-02-10,42.1,ECMWF
KPHL,2025-02-11,37.5,ECMWF
KPHL,2025-02-12,34.9,ECMWF
KPHL,2025-02-13,52.4,ECMWF
KPHL,2025-02-14,42.1,ECMWF
KPHL,2025-02-15,38.0,ECMWF
KPHL,2025-02-16,59.7,ECMWF
KPHL,2025-02-17,45.2,ECMWF
KPHL,2025-02-18,32.5,ECMWF
KPHL,2025-02-19,29.8,ECMWF
KPHL,2025-02-20,28.5,ECMWF
KPHL,2025-02-21,40.7,ECMWF
KPHL,2025-02-22,39.5,ECMWF
KPHL,2025-02-23,47.5,ECMWF
KPHL,2025-02-24,53.2,ECMWF
KPHL,2025-02-25,60.4,ECMWF
KPHL,2025-02-26,60.2,ECMWF
KPHL,2025-02-27,56.4,ECMWF
KPHL,2025-02-28,52.2,ECMWF
KPHL,2025-03-01,64.1,ECMWF
KPHL,2025-03-02,39.8,ECMWF
KPHL,2025-03-03,39.4,ECMWF
KPHL,2025-03-04,59.1,ECMWF
KPHL,2025-03-05,59.1,ECMWF
KPHL,2025-03-06,55.2,ECMWF
KPHL,2025-03-07,50.7,ECMWF
KPHL,2025-03-08,48.7,ECMWF
KPHL,2025-03-09,54.9,ECMWF
KPHL,2025-03-10,64.0,ECMWF
KPHL,2025-03-11,66.5,ECMWF
KPHL,2025-03-12,60.7,ECMWF
KPHL,2025-03-13,55.5,ECMWF
KPHL,2025-03-14,58.5,ECMWF
KPHL,2025-03-15,55.6,ECMWF
KPHL,2025-03-16,68.1,ECMWF
KPHL,2025-03-17,62.4,ECMWF
KPHL,2025-03-18,61.1,ECMWF
KPHL,2025-03-19,68.3,ECMWF
KPHL,2025-03-20,63.9,ECMWF
KPHL,2025-03-21,55.2,ECMWF
KPHL,2025-03-22,60.6,ECMWF
KPHL,2025-03-23,53.6,ECMWF
KPHL,2025-03-24,52.0,ECMWF
KPHL,2025-03-25,59.1,ECMWF
KPHL,2025-03-26,51.6,ECMWF
KPHL,2025-03-27,52.0,ECMWF
KPHL,2025-03-28,61.4,ECMWF
KPHL,2025-03-29,76.8,ECMWF
KPHL,2025-03-30,69.9,ECMWF
KPHL,2025-03-31,78.4,ECMWF
KPHL,2025-04-01,64.3,ECMWF
KPHL,2025-04-02,55.0,ECMWF
KPHL,2025-04-03,76.1,ECMWF
KPHL,2025-04-04,73.7,ECMWF
KPHL,2025-04-05,61.4,ECMWF
KPHL,2025-04-06,56.3,ECMWF
KPHL,2025-04-07,53.5,ECMWF
KPHL,2025-04-08,45.4,ECMWF
KPHL,2025-04-09,48.6,ECMWF
KPHL,2025-04-10,52.9,ECMWF
KPHL,2025-04-11,45.8,ECMWF
KPHL,2025-04-12,44.4,ECMWF
KPHL,2025-04-13,59.6,ECMWF
KPHL,2025-04-14,67.4,ECMWF
KPHL,2025-04-15,66.6,ECMWF
KPHL,2025-04-16,54.9,ECMWF
KPHL,2025-04-17,60.5,ECMWF
KPHL,2025-04-18,70.2,ECMWF
KPHL,2025-04-19,79.8,ECMWF
KPHL,2025-04-20,75.8,ECMWF
KPHL,2025-04-21,65.8,ECMWF
KPHL,2025-04-22,79.6,ECMWF
KPHL,2025-04-23,76.5,ECMWF
KPHL,2025-04-24,77.7,ECMWF
KPHL,2025-04-25,77.4,ECMWF
KPHL,2025-04-26,72.0,ECMWF
KPHL,2025-04-27,69.5,ECMWF
KPHL,2025-04-28,73.6,ECMWF
KPHL,2025-04-29,79.8,ECMWF
KPHL,2025-04-30,80.7,ECMWF
KPHL,2025-05-01,78.5,ECMWF
KPHL,2025-05-02,83.2,ECMWF
KPHL,2025-05-03,83.2,ECMWF
KPHL,2025-05-04,69.1,ECMWF
KPHL,2025-05-05,72.0,ECMWF
KPHL,2025-05-06,75.7,ECMWF
KPHL,2025-05-07,73.6,ECMWF
KPHL,2025-05-08,78.6,ECMWF
KPHL,2025-05-09,69.2,ECMWF
KPHL,2025-05-10,71.7,ECMWF
KPHL,2025-05-11,81.6,ECMWF
KPHL,2025-05-12,81.9,ECMWF
KPHL,2025-05-13,70.9,ECMWF
KPHL,2025-05-14,71.6,ECMWF
KPHL,2025-05-15,72.2,ECMWF
KPHL,2025-05-16,76.3,ECMWF
KPHL,2025-05-17,82.7,ECMWF
KPHL,2025-05-18,76.9,ECMWF
KPHL,2025-05-19,72.1,ECMWF
KPHL,2025-05-20,69.6,ECMWF
KPHL,2025-05-21,64.5,ECMWF
KPHL,2025-05-22,56.7,ECMWF
KPHL,2025-05-23,65.5,ECMWF
KPHL,2025-05-24,65.8,ECMWF
KPHL,2025-05-25,69.1,ECMWF
KPHL,2025-05-26,73.4,ECMWF
KPHL,2025-05-27,74.6,ECMWF
KPHL,2025-05-28,62.8,ECMWF
KPHL,2025-05-29,71.8,ECMWF
KPHL,2025-05-30,76.3,ECMWF
KPHL,2025-05-31,70.9,ECMWF
KPHL,2025-06-01,68.4,ECMWF
KPHL,2025-06-02,72.6,ECMWF
KPHL,2025-06-03,82.0,ECMWF
KPHL,2025-06-04,86.2,ECMWF
KPHL,2025-06-05,86.3,ECMWF
KPHL,2025-06-06,83.7,ECMWF
KPHL,2025-06-07,81.1,ECMWF
KPHL,2025-06-08,74.6,ECMWF
KPHL,2025-06-09,74.5,ECMWF
KPHL,2025-06-10,80.3,ECMWF
KPHL,2025-06-11,83.5,ECMWF
KPHL,2025-06-12,89.4,ECMWF
KPHL,2025-06-13,82.2,ECMWF
KPHL,2025-06-14,75.0,ECMWF
KPHL,2025-06-15,68.2,ECMWF
KPHL,2025-06-16,69.1,ECMWF
KPHL,2025-06-17,76.9,ECMWF
KPHL,2025-06-18,82.5,ECMWF
KPHL,2025-06-19,87.7,ECMWF
KPHL,2025-06-20,82.5,ECMWF
KPHL,2025-06-21,87.0,ECMWF
KPHL,2025-06-22,88.9,ECMWF
KPHL,2025-06-23,97.8,ECMWF
KPHL,2025-06-24,98.8,ECMWF
KPHL,2025-06-25,98.2,ECMWF
KPHL,2025-06-26,90.7,ECMWF
KPHL,2025-06-27,73.3,ECMWF
KPHL,2025-06-28,85.3,ECMWF
KPHL,2025-06-29,88.7,ECMWF
KPHL,2025-06-30,85.8,ECMWF
KPHL,2025-07-01,82.4,ECMWF
KPHL,2025-07-02,82.8,ECMWF
KPHL,2025-07-03,88.7,ECMWF
KPHL,2025-07-04,84.1,ECMWF
KPHL,2025-07-05,85.1,ECMWF
KPHL,2025-07-06,87.0,ECMWF
KPHL,2025-07-07,87.8,ECMWF
KPHL,2025-07-08,91.1,ECMWF
KPHL,2025-07-09,87.7,ECMWF
KPHL,2025-07-10,79.9,ECMWF
KPHL,2025-07-11,85.4,ECMWF
KPHL,2025-07-12,86.8,ECMWF
KPHL,2025-07-13,86.6,ECMWF
KPHL,2025-07-14,86.0,ECMWF
KPHL,2025-07-15,85.0,ECMWF
KPHL,2025-07-16,84.7,ECMWF
KPHL,2025-07-17,87.7,ECMWF
KPHL,2025-07-18,85.1,ECMWF
KPHL,2025-07-19,82.2,ECMWF
KPHL,2025-07-20,87.1,ECMWF
KPHL,2025-07-21,86.8,ECMWF
KPHL,2025-07-22,85.1,ECMWF
KPHL,2025-07-23,84.2,ECMWF
KPHL,2025-07-24,84.7,ECMWF
KPHL,2025-07-25,92.5,ECMWF
KPHL,2025-07-26,85.7,ECMWF
KPHL,2025-07-27,87.0,ECMWF
KPHL,2025-07-28,91.4,ECMWF
KPHL,2025-07-29,93.8,ECMWF
KPHL,2025-07-30,93.0,ECMWF
KPHL,2025-07-31,88.9,ECMWF
KPHL,2025-08-01,74.7,ECMWF
KPHL,2025-08-02,78.9,ECMWF
KPHL,2025-08-03,81.2,ECMWF
KPHL,2025-08-04,86.9,ECMWF
KPHL,2025-08-05,83.3,ECMWF
KPHL,2025-08-06,78.7,ECMWF
KPHL,2025-08-07,80.6,ECMWF
KPHL,2025-08-08,81.5,ECMWF
KPHL,2025-08-09,82.6,ECMWF
KPHL,2025-08-10,85.2,ECMWF
KPHL,2025-08-11,85.2,ECMWF
KPHL,2025-08-12,87.6,ECMWF
KPHL,2025-08-13,85.8,ECMWF
KPHL,2025-08-14,83.7,ECMWF
KPHL,2025-08-15,87.7,ECMWF
KPHL,2025-08-16,86.9,ECMWF
KPHL,2025-08-17,88.7,ECMWF
KPHL,2025-08-18,77.7,ECMWF
KPHL,2025-08-19,74.2,ECMWF
KPHL,2025-08-20,78.1,ECMWF
KPHL,2025-08-21,73.6,ECMWF
KPHL,2025-08-22,80.1,ECMWF
KPHL,2025-08-23,80.5,ECMWF
KPHL,2025-08-24,81.7,ECMWF
KPHL,2025-08-25,85.0,ECMWF
KPHL,2025-08-26,78.1,ECMWF
KPHL,2025-08-27,76.7,ECMWF
KPHL,2025-08-28,76.2,ECMWF
KPHL,2025-08-29,78.8,ECMWF
KPHL,2025-08-30,75.5,ECMWF
KPHL,2025-08-31,78.7,ECMWF
KPHL,2025-09-01,78.8,ECMWF
KPHL,2025-09-02,78.5,ECMWF
KPHL,2025-09-03,78.0,ECMWF
KPHL,2025-09-04,80.7,ECMWF
KPHL,2025-09-05,83.6,ECMWF
KPHL,2025-09-06,81.7,ECMWF
KPHL,2025-09-07,72.9,ECMWF
KPHL,2025-09-08,73.6,ECMWF
KPHL,2025-09-09,75.4,ECMWF
KPHL,2025-09-10,70.0,ECMWF
KPHL,2025-09-11,81.6,ECMWF
KPHL,2025-09-12,81.3,ECMWF
KPHL,2025-09-13,80.9,ECMWF
KPHL,2025-09-14,85.2,ECMWF
KPHL,2025-09-15,81.2,ECMWF
KPHL,2025-09-16,72.7,ECMWF
KPHL,2025-09-17,70.9,ECMWF
KPHL,2025-09-18,81.6,ECMWF
KPHL,2025-09-19,86.8,ECMWF
KPHL,2025-09-20,79.0,ECMWF
KPHL,2025-09-21,75.7,ECMWF
KPHL,2025-09-22,75.5,ECMWF
KPHL,2025-09-23,84.6,ECMWF
KPHL,2025-09-24,80.4,ECMWF
KPHL,2025-09-25,79.0,ECMWF
KPHL,2025-09-26,81.4,ECMWF
KPHL,2025-09-27,80.5,ECMWF
KPHL,2025-09-28,82.4,ECMWF
KPHL,2025-09-29,79.7,ECMWF
KPHL,2025-09-30,79.4,ECMWF
KPHL,2025-10-01,71.6,ECMWF
KPHL,2025-10-02,70.0,ECMWF
KPHL,2025-10-03,70.3,ECMWF
KPHL,2025-10-04,79.0,ECMWF
KPHL,2025-10-05,80.8,ECMWF
KPHL,2025-10-06,79.9,ECMWF
KPHL,2025-10-07,79.5,ECMWF
KPHL,2025-10-08,71.8,ECMWF
KPHL,2025-10-09,63.6,ECMWF
KPHL,2025-10-10,62.9,ECMWF
KPHL,2025-10-11,67.8,ECMWF
KPHL,2025-10-12,62.8,ECMWF
KPHL,2025-10-13,59.9,ECMWF
KPHL,2025-10-14,66.4,ECMWF
KPHL,2025-10-15,69.1,ECMWF
KPHL,2025-10-16,61.7,ECMWF
KPHL,2025-10-17,63.7,ECMWF
KPHL,2025-10-18,69.4,ECMWF
KPHL,2025-10-19,75.6,ECMWF
KPHL,2025-10-20,68.1,ECMWF
KPHL,2025-10-21,70.7,ECMWF
KPHL,2025-10-22,63.7,ECMWF
KPHL,2025-10-23,62.1,ECMWF
KPHL,2025-10-24,60.1,ECMWF
KPHL,2025-10-25,61.4,ECMWF
KPHL,2025-10-26,62.0,ECMWF
KPHL,2025-10-27,59.9,ECMWF
KPHL,2025-10-28,54.2,ECMWF
KPHL,2025-10-29,56.7,ECMWF
KPHL,2025-10-30,67.3,ECMWF
KPHL,2025-10-31,60.4,ECMWF
KPHL,2025-11-01,60.0,ECMWF
KPHL,2025-11-02,62.9,ECMWF
KPHL,2025-11-03,58.6,ECMWF
KPHL,2025-11-04,60.8,ECMWF
KPHL,2025-11-05,66.6,ECMWF
KPHL,2025-11-06,64.6,ECMWF
KPHL,2025-11-07,61.3,ECMWF
KPHL,2025-11-08,67.0,ECMWF
KPHL,2025-11-09,64.6,ECMWF
KPHL,2025-11-10,57.9,ECMWF
KPHL,2025-11-11,42.2,ECMWF
KPHL,2025-11-12,53.5,ECMWF
KPHL,2025-11-13,52.6,ECMWF
KPHL,2025-11-14,53.8,ECMWF
KPHL,2025-11-15,55.3,ECMWF
KPHL,2025-11-16,60.3,ECMWF
KPHL,2025-11-17,46.0,ECMWF
KPHL,2025-11-18,47.3,ECMWF
KPHL,2025-11-19,45.2,ECMWF
KPHL,2025-11-20,48.2,ECMWF
KPHL,2025-11-21,54.7,ECMWF
KPHL,2025-11-22,52.6,ECMWF
KPHL,2025-11-23,54.4,ECMWF
KPHL,2025-11-24,53.4,ECMWF
KPHL,2025-11-25,55.6,ECMWF
KPHL,2025-11-26,61.7,ECMWF
KPHL,2025-11-27,55.1,ECMWF
KPHL,2025-11-28,42.0,ECMWF
KPHL,2025-11-29,41.8,ECMWF
KPHL,2025-11-30,41.5,ECMWF
KPHL,2025-12-01,44.0,ECMWF
KPHL,2025-12-02,39.5,ECMWF
KPHL,2025-12-03,42.4,ECMWF
KPHL,2025-12-04,41.7,ECMWF
KPHL,2025-12-05,33.1,ECMWF
KPHL,2025-12-06,38.5,ECMWF
KPHL,2025-12-07,41.1,ECMWF
KPHL,2025-12-08,33.4,ECMWF
KPHL,2025-12-09,32.3,ECMWF
KPHL,2025-12-10,44.8,ECMWF
KPHL,2025-12-11,38.1,ECMWF
KPHL,2025-12-12,36.4,ECMWF
KPHL,2025-12-13,42.9,ECMWF
KPHL,2025-12-14,35.4,ECMWF
KPHL,2025-12-15,24.6,ECMWF
KPHL,2025-12-16,29.9,ECMWF
KPHL,2025-12-17,41.1,ECMWF
KPHL,2025-12-18,47.9,ECMWF
KPHL,2025-12-19,57.2,ECMWF
KPHL,2025-12-20,37.2,ECMWF
KPHL,2025-12-21,46.0,ECMWF
KPHL,2025-12-22,38.1,ECMWF
KPHL,2025-12-23,38.8,ECMWF
KPHL,2025-12-24,48.7,ECMWF
KPHL,2025-12-25,48.6,ECMWF
KPHL,2025-12-26,41.6,ECMWF
KPHL,2025-12-27,34.3,ECMWF
KPHL,2025-12-28,36.4,ECMWF
KPHL,2025-12-29,49.7,ECMWF
KPHL,2025-12-30,37.1,ECMWF
KPHL,2025-12-31,32.9,ECMWF
KPHL,2026-01-01,34.6,ECMWF
KPHL,2026-01-02,32.5,ECMWF
KPHL,2026-01-03,32.5,ECMWF
KPHL,2026-01-04,36.7,ECMWF
KPHL,2026-01-05,37.1,ECMWF
KPHL,2026-01-06,45.1,ECMWF
KPHL,2026-01-07,54.3,ECMWF
KPHL,2026-01-08,52.2,ECMWF
KPHL,2026-01-09,52.0,ECMWF
KPHL,2026-01-10,52.7,ECMWF
KPHL,2026-01-11,47.9,ECMWF
KPHL,2026-01-12,42.2,ECMWF
KPHL,2026-01-13,49.4,ECMWF
KPHL,2026-01-14,54.8,ECMWF
KPHL,2026-01-15,46.0,ECMWF
KPHL,2026-01-16,32.9,ECMWF
KPHL,2026-01-17,38.5,ECMWF
KPHL,2026-01-18,34.0,ECMWF
KPHL,2026-01-19,35.4,ECMWF
KPHL,2026-01-20,26.0,ECMWF
KPHL,2026-01-21,38.4,ECMWF
KPHL,2026-01-22,49.3,ECMWF
KPHL,2026-01-23,39.6,ECMWF
KPHL,2026-01-24,30.9,ECMWF
KPHL,2026-01-25,20.4,ECMWF
KPHL,2026-01-26,25.0,ECMWF
KPHL,2026-01-27,21.8,ECMWF
KPHL,2026-01-28,19.6,ECMWF
KPHL,2026-01-29,18.5,ECMWF
KPHL,2026-01-30,16.1,ECMWF
KPHL,2026-01-31,19.7,ECMWF
KPHL,2026-02-01,21.4,ECMWF
KPHL,2026-02-02,28.7,ECMWF
KPHL,2026-02-03,33.8,ECMWF
KPHL,2026-02-04,33.1,ECMWF
KPHL,2026-02-05,29.1,ECMWF
KPHL,2026-02-06,30.4,ECMWF
KPHL,2026-02-07,27.4,ECMWF
KPHL,2026-02-08,15.6,ECMWF
KPHL,2026-02-09,25.1,ECMWF
KPHL,2026-02-10,37.5,ECMWF
KPHL,2026-02-11,43.0,ECMWF
KPHL,2026-02-12,35.3,ECMWF
KPHL,2026-02-13,34.5,ECMWF
KPHL,2026-02-14,48.3,ECMWF
KPHL,2026-02-15,46.5,ECMWF
KPHL,2026-02-16,40.2,ECMWF
KPHL,2026-02-17,48.8,ECMWF
KPHL,2026-02-18,44.3,ECMWF
KPHL,2026-02-19,46.1,ECMWF
KPHL,2026-02-20,51.3,ECMWF
KPHL,2026-02-21,49.8,ECMWF
KPHL,2026-02-22,37.8,ECMWF
KPHL,2026-02-23,35.3,ECMWF
KPHL,2026-02-24,33.3,ECMWF
KPHL,2026-02-25,38.6,ECMWF
KPHL,2024-11-21,57.6,NBM
KPHL,2024-11-22,43.6,NBM
KPHL,2024-11-23,50.5,NBM
KPHL,2024-11-24,55.1,NBM
KPHL,2024-11-25,55.5,NBM
KPHL,2024-11-26,59.4,NBM
KPHL,2024-11-27,52.7,NBM
KPHL,2024-11-28,53.5,NBM
KPHL,2024-11-29,45.6,NBM
KPHL,2024-11-30,38.1,NBM
KPHL,2024-12-01,39.4,NBM
KPHL,2024-12-02,39.4,NBM
KPHL,2024-12-03,41.8,NBM
KPHL,2024-12-04,40.7,NBM
KPHL,2024-12-05,41.0,NBM
KPHL,2024-12-06,35.9,NBM
KPHL,2024-12-07,40.0,NBM
KPHL,2024-12-08,56.4,NBM
KPHL,2024-12-09,49.7,NBM
KPHL,2024-12-10,54.5,NBM
KPHL,2024-12-11,64.4,NBM
KPHL,2024-12-12,47.8,NBM
KPHL,2024-12-13,35.8,NBM
KPHL,2024-12-14,36.4,NBM
KPHL,2024-12-15,39.9,NBM
KPHL,2024-12-16,48.8,NBM
KPHL,2024-12-17,57.8,NBM
KPHL,2024-12-18,54.2,NBM
KPHL,2024-12-19,52.2,NBM
KPHL,2024-12-20,39.4,NBM
KPHL,2024-12-21,36.9,NBM
KPHL,2024-12-22,27.3,NBM
KPHL,2024-12-23,27.9,NBM
KPHL,2024-12-24,39.4,NBM
KPHL,2024-12-25,38.2,NBM
KPHL,2024-12-26,38.3,NBM
KPHL,2024-12-27,43.3,NBM
KPHL,2024-12-28,47.9,NBM
KPHL,2024-12-29,62.9,NBM
KPHL,2024-12-30,59.5,NBM
KPHL,2024-12-31,56.3,NBM
KPHL,2025-01-01,51.7,NBM
KPHL,2025-01-02,42.4,NBM
KPHL,2025-01-03,38.3,NBM
KPHL,2025-01-04,34.2,NBM
KPHL,2025-01-05,32.6,NBM
KPHL,2025-01-06,29.7,NBM
KPHL,2025-01-07,32.4,NBM
KPHL,2025-01-08,31.0,NBM
KPHL,2025-01-09,31.9,NBM
KPHL,2025-01-10,36.2,NBM
KPHL,2025-01-11,33.6,NBM
KPHL,2025-01-12,40.3,NBM
KPHL,2025-01-13,43.8,NBM
KPHL,2025-01-14,37.7,NBM
KPHL,2025-01-15,33.8,NBM
KPHL,2025-01-16,30.6,NBM
KPHL,2025-01-17,41.8,NBM
KPHL,2025-01-18,43.7,NBM
KPHL,2025-01-19,39.6,NBM
KPHL,2025-01-20,31.0,NBM
KPHL,2025-01-21,19.4,NBM
KPHL,2025-01-22,19.7,NBM
KPHL,2025-01-23,27.3,NBM
KPHL,2025-01-24,32.6,NBM
KPHL,2025-01-25,33.8,NBM
KPHL,2025-01-26,40.9,NBM
KPHL,2025-01-27,43.0,NBM
KPHL,2025-01-28,43.0,NBM
KPHL,2025-01-29,50.8,NBM
KPHL,2025-01-30,43.2,NBM
KPHL,2025-01-31,48.2,NBM
KPHL,2025-02-01,50.8,NBM
KPHL,2025-02-02,37.5,NBM
KPHL,2025-02-03,50.6,NBM
KPHL,2025-02-04,46.8,NBM
KPHL,2025-02-05,38.9,NBM
KPHL,2025-02-06,40.4,NBM
KPHL,2025-02-07,42.6,NBM
KPHL,2025-02-08,35.3,NBM
KPHL,2025-02-09,40.7,NBM
KPHL,2025-02-10,40.4,NBM
KPHL,2025-02-11,38.2,NBM
KPHL,2025-02-12,35.6,NBM
KPHL,2025-02-13,46.9,NBM
KPHL,2025-02-14,40.4,NBM
KPHL,2025-02-15,40.6,NBM
KPHL,2025-02-16,55.0,NBM
KPHL,2025-02-17,44.5,NBM
KPHL,2025-02-18,31.9,NBM
KPHL,2025-02-19,29.4,NBM
KPHL,2025-02-20,27.7,NBM
KPHL,2025-02-21,35.9,NBM
KPHL,2025-02-22,39.8,NBM
KPHL,2025-02-23,46.7,NBM
KPHL,2025-02-24,53.1,NBM
KPHL,2025-02-25,58.9,NBM
KPHL,2025-02-26,59.9,NBM
KPHL,2025-02-27,57.6,NBM
KPHL,2025-02-28,52.4,NBM
KPHL,2025-03-01,59.4,NBM
KPHL,2025-03-02,40.1,NBM
KPHL,2025-03-03,39.9,NBM
KPHL,2025-03-04,57.9,NBM
KPHL,2025-03-05,60.6,NBM
KPHL,2025-03-06,56.3,NBM
KPHL,2025-03-07,51.2,NBM
KPHL,2025-03-08,47.9,NBM
KPHL,2025-03-09,55.6,NBM
KPHL,2025-03-10,65.2,NBM
KPHL,2025-03-11,67.7,NBM
KPHL,2025-03-12,59.7,NBM
KPHL,2025-03-13,52.5,NBM
KPHL,2025-03-14,59.1,NBM
KPHL,2025-03-15,57.8,NBM
KPHL,2025-03-16,68.6,NBM
KPHL,2025-03-17,64.5,NBM
KPHL,2025-03-18,62.2,NBM
KPHL,2025-03-19,69.5,NBM
KPHL,2025-03-20,67.1,NBM
KPHL,2025-03-21,59.8,NBM
KPHL,2025-03-22,62.1,NBM
KPHL,2025-03-23,54.9,NBM
KPHL,2025-03-24,53.9,NBM
KPHL,2025-03-25,59.5,NBM
KPHL,2025-03-26,55.1,NBM
KPHL,2025-03-27,52.7,NBM
KPHL,2025-03-28,66.2,NBM
KPHL,2025-03-29,80.9,NBM
KPHL,2025-03-30,73.3,NBM
KPHL,2025-03-31,78.0,NBM
KPHL,2025-04-01,69.4,NBM
KPHL,2025-04-02,55.1,NBM
KPHL,2025-04-03,75.0,NBM
KPHL,2025-04-04,72.3,NBM
KPHL,2025-04-05,64.5,NBM
KPHL,2025-04-06,55.4,NBM
KPHL,2025-04-07,53.5,NBM
KPHL,2025-04-08,45.8,NBM
KPHL,2025-04-09,50.6,NBM
KPHL,2025-04-10,54.2,NBM
KPHL,2025-04-11,47.2,NBM
KPHL,2025-04-12,45.3,NBM
KPHL,2025-04-13,58.6,NBM
KPHL,2025-04-14,68.1,NBM
KPHL,2025-04-15,66.4,NBM
KPHL,2025-04-16,55.7,NBM
KPHL,2025-04-17,62.1,NBM
KPHL,2025-04-18,71.4,NBM
KPHL,2025-04-19,81.7,NBM
KPHL,2025-04-20,76.0,NBM
KPHL,2025-04-21,66.7,NBM
KPHL,2025-04-22,77.5,NBM
KPHL,2025-04-23,75.6,NBM
KPHL,2025-04-24,79.2,NBM
KPHL,2025-04-25,78.0,NBM
KPHL,2025-04-26,73.2,NBM
KPHL,2025-04-27,67.3,NBM
KPHL,2025-04-28,75.0,NBM
KPHL,2025-04-29,80.7,NBM
KPHL,2025-04-30,77.7,NBM
KPHL,2025-05-01,78.5,NBM
KPHL,2025-05-02,84.9,NBM
KPHL,2025-05-03,84.2,NBM
KPHL,2025-05-04,76.7,NBM
KPHL,2025-05-05,68.0,NBM
KPHL,2025-05-06,74.6,NBM
KPHL,2025-05-07,75.1,NBM
KPHL,2025-05-08,80.0,NBM
KPHL,2025-05-09,72.1,NBM
KPHL,2025-05-10,72.7,NBM
KPHL,2025-05-11,81.2,NBM
KPHL,2025-05-12,82.6,NBM
KPHL,2025-05-13,74.5,NBM
KPHL,2025-05-14,66.8,NBM
KPHL,2025-05-15,74.0,NBM
KPHL,2025-05-16,77.4,NBM
KPHL,2025-05-17,83.3,NBM
KPHL,2025-05-18,78.5,NBM
KPHL,2025-05-19,72.3,NBM
KPHL,2025-05-20,68.6,NBM
KPHL,2025-05-21,65.7,NBM
KPHL,2025-05-22,55.5,NBM
KPHL,2025-05-23,65.0,NBM
KPHL,2025-05-24,65.2,NBM
KPHL,2025-05-25,69.0,NBM
KPHL,2025-05-26,73.3,NBM
KPHL,2025-05-27,74.1,NBM
KPHL,2025-05-28,66.3,NBM
KPHL,2025-05-29,72.2,NBM
KPHL,2025-05-30,76.8,NBM
KPHL,2025-05-31,72.2,NBM
KPHL,2025-06-01,69.7,NBM
KPHL,2025-06-02,73.0,NBM
KPHL,2025-06-03,82.1,NBM
KPHL,2025-06-04,86.8,NBM
KPHL,2025-06-05,86.6,NBM
KPHL,2025-06-06,85.7,NBM
KPHL,2025-06-07,78.5,NBM
KPHL,2025-06-08,76.6,NBM
KPHL,2025-06-09,72.4,NBM
KPHL,2025-06-10,80.1,NBM
KPHL,2025-06-11,84.1,NBM
KPHL,2025-06-12,90.7,NBM
KPHL,2025-06-13,85.9,NBM
KPHL,2025-06-14,76.8,NBM
KPHL,2025-06-15,66.4,NBM
KPHL,2025-06-16,67.9,NBM
KPHL,2025-06-17,76.5,NBM
KPHL,2025-06-18,83.7,NBM
KPHL,2025-06-19,91.0,NBM
KPHL,2025-06-20,84.5,NBM
KPHL,2025-06-21,89.5,NBM
KPHL,2025-06-22,90.0,NBM
KPHL,2025-06-23,99.1,NBM
KPHL,2025-06-24,100.2,NBM
KPHL,2025-06-25,98.6,NBM
KPHL,2025-06-26,89.3,NBM
KPHL,2025-06-27,76.3,NBM
KPHL,2025-06-28,86.0,NBM
KPHL,2025-06-29,90.6,NBM
KPHL,2025-06-30,90.4,NBM
KPHL,2025-07-01,87.5,NBM
KPHL,2025-07-02,83.4,NBM
KPHL,2025-07-03,88.8,NBM
KPHL,2025-07-04,83.8,NBM
KPHL,2025-07-05,87.3,NBM
KPHL,2025-07-06,88.7,NBM
KPHL,2025-07-07,88.3,NBM
KPHL,2025-07-08,93.8,NBM
KPHL,2025-07-09,88.6,NBM
KPHL,2025-07-10,84.2,NBM
KPHL,2025-07-11,86.1,NBM
KPHL,2025-07-12,88.3,NBM
KPHL,2025-07-13,86.6,NBM
KPHL,2025-07-14,86.4,NBM
KPHL,2025-07-15,86.0,NBM
KPHL,2025-07-16,88.8,NBM
KPHL,2025-07-17,91.8,NBM
KPHL,2025-07-18,88.0,NBM
KPHL,2025-07-19,80.6,NBM
KPHL,2025-07-20,87.5,NBM
KPHL,2025-07-21,86.7,NBM
KPHL,2025-07-22,83.0,NBM
KPHL,2025-07-23,84.1,NBM
KPHL,2025-07-24,88.3,NBM
KPHL,2025-07-25,95.8,NBM
KPHL,2025-07-26,86.7,NBM
KPHL,2025-07-27,86.0,NBM
KPHL,2025-07-28,93.5,NBM
KPHL,2025-07-29,97.1,NBM
KPHL,2025-07-30,96.2,NBM
KPHL,2025-07-31,89.5,NBM
KPHL,2025-08-01,74.7,NBM
KPHL,2025-08-02,79.5,NBM
KPHL,2025-08-03,82.2,NBM
KPHL,2025-08-04,87.6,NBM
KPHL,2025-08-05,85.3,NBM
KPHL,2025-08-06,80.4,NBM
KPHL,2025-08-07,82.1,NBM
KPHL,2025-08-08,82.0,NBM
KPHL,2025-08-09,83.8,NBM
KPHL,2025-08-10,86.3,NBM
KPHL,2025-08-11,87.2,NBM
KPHL,2025-08-12,89.3,NBM
KPHL,2025-08-13,88.8,NBM
KPHL,2025-08-14,87.2,NBM
KPHL,2025-08-15,88.2,NBM
KPHL,2025-08-16,87.2,NBM
KPHL,2025-08-17,90.9,NBM
KPHL,2025-08-18,82.0,NBM
KPHL,2025-08-19,75.2,NBM
KPHL,2025-08-20,74.5,NBM
KPHL,2025-08-21,72.3,NBM
KPHL,2025-08-22,81.6,NBM
KPHL,2025-08-23,81.4,NBM
KPHL,2025-08-24,83.5,NBM
KPHL,2025-08-25,83.5,NBM
KPHL,2025-08-26,78.7,NBM
KPHL,2025-08-27,75.8,NBM
KPHL,2025-08-28,78.0,NBM
KPHL,2025-08-29,77.7,NBM
KPHL,2025-08-30,74.6,NBM
KPHL,2025-09-06,87.5,NBM
KPHL,2025-09-07,74.8,NBM
KPHL,2025-09-08,73.6,NBM
KPHL,2025-09-09,74.3,NBM
KPHL,2025-09-10,68.2,NBM
KPHL,2025-09-11,80.7,NBM
KPHL,2025-09-12,80.6,NBM
KPHL,2025-09-13,81.2,NBM
KPHL,2025-09-14,84.4,NBM
KPHL,2025-09-15,80.8,NBM
KPHL,2025-09-16,72.5,NBM
KPHL,2025-09-17,69.6,NBM
KPHL,2025-09-18,82.6,NBM
KPHL,2025-09-19,86.7,NBM
KPHL,2025-09-20,78.7,NBM
KPHL,2025-09-21,74.6,NBM
KPHL,2025-09-22,76.7,NBM
KPHL,2025-09-23,84.2,NBM
KPHL,2025-09-24,80.7,NBM
KPHL,2025-09-25,79.4,NBM
KPHL,2025-09-26,81.2,NBM
KPHL,2025-09-27,79.4,NBM
KPHL,2025-09-28,82.3,NBM
KPHL,2025-09-29,80.4,NBM
KPHL,2025-09-30,79.4,NBM
KPHL,2025-10-01,72.2,NBM
KPHL,2025-10-02,69.5,NBM
KPHL,2025-10-03,71.2,NBM
KPHL,2025-10-04,79.4,NBM
KPHL,2025-10-05,81.2,NBM
KPHL,2025-10-06,80.3,NBM
KPHL,2025-10-07,80.3,NBM
KPHL,2025-10-08,73.5,NBM
KPHL,2025-10-09,63.2,NBM
KPHL,2025-10-10,63.7,NBM
KPHL,2025-10-11,66.6,NBM
KPHL,2025-10-12,64.0,NBM
KPHL,2025-10-13,59.1,NBM
KPHL,2025-10-14,67.0,NBM
KPHL,2025-10-15,68.9,NBM
KPHL,2025-10-16,60.7,NBM
KPHL,2025-10-17,63.8,NBM
KPHL,2025-10-18,68.9,NBM
KPHL,2025-10-19,76.1,NBM
KPHL,2025-10-20,67.2,NBM
KPHL,2025-10-21,70.1,NBM
KPHL,2025-10-22,64.3,NBM
KPHL,2025-10-23,61.6,NBM
KPHL,2025-10-24,58.9,NBM
KPHL,2025-10-25,60.0,NBM
KPHL,2025-10-26,60.8,NBM
KPHL,2025-10-27,59.2,NBM
KPHL,2025-10-28,55.9,NBM
KPHL,2025-10-29,57.1,NBM
KPHL,2025-10-30,66.8,NBM
KPHL,2025-10-31,61.3,NBM
KPHL,2025-11-01,59.1,NBM
KPHL,2025-11-02,62.3,NBM
KPHL,2025-11-03,58.7,NBM
KPHL,2025-11-04,60.9,NBM
KPHL,2025-11-05,66.7,NBM
KPHL,2025-11-06,62.2,NBM
KPHL,2025-11-07,61.9,NBM
KPHL,2025-11-08,66.0,NBM
KPHL,2025-11-09,63.3,NBM
KPHL,2025-11-10,60.4,NBM
KPHL,2025-11-11,42.1,NBM
KPHL,2025-11-12,52.8,NBM
KPHL,2025-11-13,52.7,NBM
KPHL,2025-11-14,53.8,NBM
KPHL,2025-11-15,55.0,NBM
KPHL,2025-11-16,57.8,NBM
KPHL,2025-11-17,47.1,NBM
KPHL,2025-11-18,48.4,NBM
KPHL,2025-11-19,45.7,NBM
KPHL,2025-11-20,48.0,NBM
KPHL,2025-11-21,54.1,NBM
KPHL,2025-11-22,53.1,NBM
KPHL,2025-11-23,51.5,NBM
KPHL,2025-11-24,52.4,NBM
KPHL,2025-11-25,55.7,NBM
KPHL,2025-11-26,61.6,NBM
KPHL,2025-11-27,57.7,NBM
KPHL,2025-11-28,41.6,NBM
KPHL,2025-11-29,42.2,NBM
KPHL,2025-11-30,42.6,NBM
KPHL,2025-12-01,43.0,NBM
KPHL,2025-12-02,40.2,NBM
KPHL,2025-12-03,40.4,NBM
KPHL,2025-12-04,40.8,NBM
KPHL,2025-12-05,33.6,NBM
KPHL,2025-12-06,41.6,NBM
KPHL,2025-12-07,42.0,NBM
KPHL,2025-12-08,35.8,NBM
KPHL,2025-12-09,32.8,NBM
KPHL,2025-12-10,44.9,NBM
KPHL,2025-12-11,41.6,NBM
KPHL,2025-12-12,36.9,NBM
KPHL,2025-12-13,42.4,NBM
KPHL,2025-12-14,38.0,NBM
KPHL,2025-12-15,27.4,NBM
KPHL,2025-12-16,30.8,NBM
KPHL,2025-12-17,43.1,NBM
KPHL,2025-12-18,50.7,NBM
KPHL,2025-12-19,57.8,NBM
KPHL,2025-12-20,38.0,NBM
KPHL,2025-12-21,44.9,NBM
KPHL,2025-12-22,39.1,NBM
KPHL,2025-12-23,39.8,NBM
KPHL,2025-12-24,47.0,NBM
KPHL,2025-12-25,49.8,NBM
KPHL,2025-12-26,40.7,NBM
KPHL,2025-12-27,33.5,NBM
KPHL,2025-12-28,36.7,NBM
KPHL,2025-12-29,53.9,NBM
KPHL,2025-12-30,35.2,NBM
KPHL,2025-12-31,34.2,NBM
KPHL,2026-01-01,33.6,NBM
KPHL,2026-01-02,34.4,NBM
KPHL,2026-01-03,32.8,NBM
KPHL,2026-01-04,36.7,NBM
KPHL,2026-01-05,38.0,NBM
KPHL,2026-01-06,45.5,NBM
KPHL,2026-01-07,53.6,NBM
KPHL,2026-01-08,52.1,NBM
KPHL,2026-01-09,54.3,NBM
KPHL,2026-01-10,52.5,NBM
KPHL,2026-01-11,46.3,NBM
KPHL,2026-01-12,42.7,NBM
KPHL,2026-01-13,48.2,NBM
KPHL,2026-01-14,53.3,NBM
KPHL,2026-01-15,48.0,NBM
KPHL,2026-01-16,34.7,NBM
KPHL,2026-01-17,39.9,NBM
KPHL,2026-01-18,35.3,NBM
KPHL,2026-01-19,34.8,NBM
KPHL,2026-01-20,30.9,NBM
KPHL,2026-01-21,36.6,NBM
KPHL,2026-01-22,47.9,NBM
KPHL,2026-01-23,40.1,NBM
KPHL,2026-01-24,30.4,NBM
KPHL,2026-01-25,26.8,NBM
KPHL,2026-01-26,28.3,NBM
KPHL,2026-01-27,22.9,NBM
KPHL,2026-01-28,20.9,NBM
KPHL,2026-01-29,20.1,NBM
KPHL,2026-01-30,17.3,NBM
KPHL,2026-01-31,21.8,NBM
KPHL,2026-02-01,22.3,NBM
KPHL,2026-02-02,30.5,NBM
KPHL,2026-02-03,35.3,NBM
KPHL,2026-02-04,32.6,NBM
KPHL,2026-02-05,30.2,NBM
KPHL,2026-02-06,31.8,NBM
KPHL,2026-02-07,28.3,NBM
KPHL,2026-02-08,16.9,NBM
KPHL,2026-02-09,27.7,NBM
KPHL,2026-02-10,37.1,NBM
KPHL,2026-02-11,42.1,NBM
KPHL,2026-02-12,35.9,NBM
KPHL,2026-02-13,36.1,NBM
KPHL,2026-02-14,45.8,NBM
KPHL,2026-02-15,43.0,NBM
KPHL,2026-02-16,39.2,NBM
KPHL,2026-02-17,43.3,NBM
KPHL,2026-02-18,45.0,NBM
KPHL,2026-02-19,44.3,NBM
KPHL,2026-02-20,45.1,NBM
KPHL,2026-02-21,47.8,NBM
KPHL,2026-02-22,44.2,NBM
KPHL,2026-02-23,37.1,NBM
KPHL,2026-02-24,34.3,NBM
KPHL,2026-02-25,45.2,NBM
KPHX,2026-02-05,82.0,OBS
KPHX,2026-02-06,80.0,OBS
KPHX,2026-02-07,80.5,OBS
KPHX,2026-02-08,82.8,OBS
KPHX,2026-02-09,83.0,OBS
KPHX,2026-02-10,81.9,OBS
KPHX,2026-02-11,80.2,OBS
KPHX,2026-02-12,78.7,OBS
KPHX,2026-02-13,77.6,OBS
KPHX,2026-02-14,72.1,OBS
KPHX,2026-02-15,74.7,OBS
KPHX,2026-02-16,74.3,OBS
KPHX,2026-02-17,73.2,OBS
KPHX,2026-02-18,64.0,OBS
KPHX,2026-02-19,61.4,OBS
KPHX,2026-02-20,62.2,OBS
KPHX,2026-02-21,69.9,OBS
KPHX,2026-02-22,81.0,OBS
KPHX,2026-02-23,84.1,OBS
KPHX,2026-02-24,83.7,OBS
KPHX,2026-02-25,86.4,OBS
KPHX,2026-02-05,82.3,GFS
KPHX,2026-02-06,81.1,GFS
KPHX,2026-02-07,81.9,GFS
KPHX,2026-02-08,84.0,GFS
KPHX,2026-02-09,84.6,GFS
KPHX,2026-02-10,82.9,GFS
KPHX,2026-02-11,79.5,GFS
KPHX,2026-02-12,79.4,GFS
KPHX,2026-02-13,79.1,GFS
KPHX,2026-02-14,73.0,GFS
KPHX,2026-02-15,75.1,GFS
KPHX,2026-02-16,75.0,GFS
KPHX,2026-02-17,73.2,GFS
KPHX,2026-02-18,66.7,GFS
KPHX,2026-02-19,62.5,GFS
KPHX,2026-02-20,62.5,GFS
KPHX,2026-02-21,71.3,GFS
KPHX,2026-02-22,81.0,GFS
KPHX,2026-02-23,84.3,GFS
KPHX,2026-02-24,83.5,GFS
KPHX,2026-02-25,86.5,GFS
KPHX,2026-02-05,82.3,ECMWF
KPHX,2026-02-06,80.4,ECMWF
KPHX,2026-02-07,81.3,ECMWF
KPHX,2026-02-08,83.7,ECMWF
KPHX,2026-02-09,83.3,ECMWF
KPHX,2026-02-10,82.0,ECMWF
KPHX,2026-02-11,79.5,ECMWF
KPHX,2026-02-12,78.9,ECMWF
KPHX,2026-02-13,78.0,ECMWF
KPHX,2026-02-14,71.7,ECMWF
KPHX,2026-02-15,74.6,ECMWF
KPHX,2026-02-16,74.2,ECMWF
KPHX,2026-02-17,73.2,ECMWF
KPHX,2026-02-18,63.9,ECMWF
KPHX,2026-02-19,60.9,ECMWF
KPHX,2026-02-20,62.1,ECMWF
KPHX,2026-02-21,70.5,ECMWF
KPHX,2026-02-22,80.6,ECMWF
KPHX,2026-02-23,84.4,ECMWF
KPHX,2026-02-24,83.3,ECMWF
KPHX,2026-02-25,85.9,ECMWF
KPHX,2026-02-05,83.8,NBM
KPHX,2026-02-06,80.8,NBM
KPHX,2026-02-07,81.2,NBM
KPHX,2026-02-08,83.3,NBM
KPHX,2026-02-09,83.6,NBM
KPHX,2026-02-10,84.0,NBM
KPHX,2026-02-11,80.8,NBM
KPHX,2026-02-12,79.0,NBM
KPHX,2026-02-13,79.1,NBM
KPHX,2026-02-14,72.7,NBM
KPHX,2026-02-15,76.4,NBM
KPHX,2026-02-16,76.3,NBM
KPHX,2026-02-17,74.3,NBM
KPHX,2026-02-18,67.3,NBM
KPHX,2026-02-19,63.3,NBM
KPHX,2026-02-20,63.2,NBM
KPHX,2026-02-21,70.9,NBM
KPHX,2026-02-22,81.2,NBM
KPHX,2026-02-23,84.4,NBM
KPHX,2026-02-24,83.9,NBM
KPHX,2026-02-25,86.2,NBM
KSAT,2026-02-12,74.5,OBS
KSAT,2026-02-13,75.7,OBS
KSAT,2026-02-14,74.8,OBS
KSAT,2026-02-15,73.1,OBS
KSAT,2026-02-16,73.0,OBS
KSAT,2026-02-17,80.1,OBS
KSAT,2026-02-18,77.1,OBS
KSAT,2026-02-19,80.3,OBS
KSAT,2026-02-20,76.6,OBS
KSAT,2026-02-21,71.2,OBS
KSAT,2026-02-22,67.4,OBS
KSAT,2026-02-23,63.2,OBS
KSAT,2026-02-24,72.4,OBS
KSAT,2026-02-25,82.6,OBS
KSAT,2026-02-12,78.0,GFS
KSAT,2026-02-13,79.1,GFS
KSAT,2026-02-14,75.3,GFS
KSAT,2026-02-15,75.6,GFS
KSAT,2026-02-16,78.7,GFS
KSAT,2026-02-17,85.0,GFS
KSAT,2026-02-18,81.7,GFS
KSAT,2026-02-19,84.5,GFS
KSAT,2026-02-20,81.2,GFS
KSAT,2026-02-21,74.3,GFS
KSAT,2026-02-22,70.0,GFS
KSAT,2026-02-23,66.3,GFS
KSAT,2026-02-24,75.7,GFS
KSAT,2026-02-25,88.2,GFS
KSAT,2026-02-12,75.2,ECMWF
KSAT,2026-02-13,75.8,ECMWF
KSAT,2026-02-14,74.0,ECMWF
KSAT,2026-02-15,73.1,ECMWF
KSAT,2026-02-16,73.1,ECMWF
KSAT,2026-02-17,79.9,ECMWF
KSAT,2026-02-18,77.3,ECMWF
KSAT,2026-02-19,79.8,ECMWF
KSAT,2026-02-20,76.8,ECMWF
KSAT,2026-02-21,71.8,ECMWF
KSAT,2026-02-22,68.2,ECMWF
KSAT,2026-02-23,63.5,ECMWF
KSAT,2026-02-24,73.1,ECMWF
KSAT,2026-02-25,83.4,ECMWF
KSAT,2026-02-12,78.6,NBM
KSAT,2026-02-13,79.3,NBM
KSAT,2026-02-14,75.7,NBM
KSAT,2026-02-15,74.8,NBM
KSAT,2026-02-16,77.7,NBM
KSAT,2026-02-17,83.9,NBM
KSAT,2026-02-18,81.8,NBM
KSAT,2026-02-19,83.7,NBM
KSAT,2026-02-20,80.6,NBM
KSAT,2026-02-21,73.6,NBM
KSAT,2026-02-22,68.0,NBM
KSAT,2026-02-23,66.2,NBM
KSAT,2026-02-24,74.5,NBM
KSAT,2026-02-25,87.2,NBM
KSEA,2026-01-15,48.9,OBS
KSEA,2026-01-16,47.8,OBS
KSEA,2026-01-17,48.8,OBS
KSEA,2026-01-18,47.3,OBS
KSEA,2026-01-19,46.2,OBS
KSEA,2026-01-20,46.0,OBS
KSEA,2026-01-21,45.2,OBS
KSEA,2026-01-22,40.1,OBS
KSEA,2026-01-23,43.0,OBS
KSEA,2026-01-24,41.5,OBS
KSEA,2026-01-25,40.6,OBS
KSEA,2026-01-26,44.2,OBS
KSEA,2026-01-27,47.7,OBS
KSEA,2026-01-28,48.0,OBS
KSEA,2026-01-29,52.1,OBS
KSEA,2026-01-30,54.9,OBS
KSEA,2026-01-31,59.4,OBS
KSEA,2026-02-01,57.9,OBS
KSEA,2026-02-02,51.3,OBS
KSEA,2026-02-03,56.5,OBS
KSEA,2026-02-04,59.9,OBS
KSEA,2026-02-05,58.8,OBS
KSEA,2026-02-06,57.4,OBS
KSEA,2026-02-07,56.3,OBS
KSEA,2026-02-08,50.6,OBS
KSEA,2026-02-09,49.3,OBS
KSEA,2026-02-10,51.1,OBS
KSEA,2026-02-11,49.9,OBS
KSEA,2026-02-12,51.8,OBS
KSEA,2026-02-13,52.5,OBS
KSEA,2026-02-14,46.7,OBS
KSEA,2026-02-15,45.5,OBS
KSEA,2026-02-16,44.6,OBS
KSEA,2026-02-17,43.3,OBS
KSEA,2026-02-18,41.0,OBS
KSEA,2026-02-19,39.4,OBS
KSEA,2026-02-20,41.4,OBS
KSEA,2026-02-21,44.0,OBS
KSEA,2026-02-22,52.7,OBS
KSEA,2026-02-23,51.4,OBS
KSEA,2026-02-24,45.2,OBS
KSEA,2026-02-25,49.6,OBS
KSEA,2026-01-15,50.1,GFS
KSEA,2026-01-16,49.1,GFS
KSEA,2026-01-17,50.4,GFS
KSEA,2026-01-18,48.4,GFS
KSEA,2026-01-19,46.9,GFS
KSEA,2026-01-20,46.9,GFS
KSEA,2026-01-21,45.5,GFS
KSEA,2026-01-22,42.4,GFS
KSEA,2026-01-23,43.1,GFS
KSEA,2026-01-24,42.6,GFS
KSEA,2026-01-25,42.2,GFS
KSEA,2026-01-26,43.8,GFS
KSEA,2026-01-27,49.3,GFS
KSEA,2026-01-28,48.1,GFS
KSEA,2026-01-29,49.1,GFS
KSEA,2026-01-30,49.1,GFS
KSEA,2026-01-31,55.0,GFS
KSEA,2026-02-01,54.4,GFS
KSEA,2026-02-02,50.0,GFS
KSEA,2026-02-03,53.0,GFS
KSEA,2026-02-04,58.7,GFS
KSEA,2026-02-05,58.6,GFS
KSEA,2026-02-06,55.1,GFS
KSEA,2026-02-07,55.0,GFS
KSEA,2026-02-08,50.4,GFS
KSEA,2026-02-09,48.3,GFS
KSEA,2026-02-10,52.2,GFS
KSEA,2026-02-11,50.8,GFS
KSEA,2026-02-12,51.4,GFS
KSEA,2026-02-13,50.2,GFS
KSEA,2026-02-14,46.7,GFS
KSEA,2026-02-15,45.8,GFS
KSEA,2026-02-16,45.0,GFS
KSEA,2026-02-17,44.1,GFS
KSEA,2026-02-18,41.1,GFS
KSEA,2026-02-19,41.4,GFS
KSEA,2026-02-20,41.0,GFS
KSEA,2026-02-21,42.0,GFS
KSEA,2026-02-22,50.2,GFS
KSEA,2026-02-23,49.6,GFS
KSEA,2026-02-24,46.0,GFS
KSEA,2026-02-25,48.7,GFS
KSEA,2026-01-15,49.3,ECMWF
KSEA,2026-01-16,47.0,ECMWF
KSEA,2026-01-17,47.9,ECMWF
KSEA,2026-01-18,46.7,ECMWF
KSEA,2026-01-19,45.2,ECMWF
KSEA,2026-01-20,43.0,ECMWF
KSEA,2026-01-21,43.7,ECMWF
KSEA,2026-01-22,39.4,ECMWF
KSEA,2026-01-23,42.5,ECMWF
KSEA,2026-01-24,41.2,ECMWF
KSEA,2026-01-25,39.7,ECMWF
KSEA,2026-01-26,45.5,ECMWF
KSEA,2026-01-27,50.3,ECMWF
KSEA,2026-01-28,48.7,ECMWF
KSEA,2026-01-29,49.5,ECMWF
KSEA,2026-01-30,51.4,ECMWF
KSEA,2026-01-31,58.5,ECMWF
KSEA,2026-02-01,57.8,ECMWF
KSEA,2026-02-02,50.8,ECMWF
KSEA,2026-02-03,55.5,ECMWF
KSEA,2026-02-04,59.2,ECMWF
KSEA,2026-02-05,57.7,ECMWF
KSEA,2026-02-06,56.5,ECMWF
KSEA,2026-02-07,55.6,ECMWF
KSEA,2026-02-08,50.1,ECMWF
KSEA,2026-02-09,48.9,ECMWF
KSEA,2026-02-10,50.5,ECMWF
KSEA,2026-02-11,49.8,ECMWF
KSEA,2026-02-12,51.5,ECMWF
KSEA,2026-02-13,51.4,ECMWF
KSEA,2026-02-14,46.0,ECMWF
KSEA,2026-02-15,45.6,ECMWF
KSEA,2026-02-16,44.2,ECMWF
KSEA,2026-02-17,41.5,ECMWF
KSEA,2026-02-18,39.0,ECMWF
KSEA,2026-02-19,38.7,ECMWF
KSEA,2026-02-20,40.3,ECMWF
KSEA,2026-02-21,42.6,ECMWF
KSEA,2026-02-22,49.3,ECMWF
KSEA,2026-02-23,49.6,ECMWF
KSEA,2026-02-24,46.0,ECMWF
KSEA,2026-02-25,49.5,ECMWF
KSEA,2026-01-15,50.2,NBM
KSEA,2026-01-16,50.5,NBM
KSEA,2026-01-17,50.3,NBM
KSEA,2026-01-18,48.9,NBM
KSEA,2026-01-19,46.9,NBM
KSEA,2026-01-20,47.1,NBM
KSEA,2026-01-21,46.2,NBM
KSEA,2026-01-22,42.8,NBM
KSEA,2026-01-23,43.5,NBM
KSEA,2026-01-24,42.6,NBM
KSEA,2026-01-25,41.5,NBM
KSEA,2026-01-26,45.3,NBM
KSEA,2026-01-27,49.1,NBM
KSEA,2026-01-28,49.3,NBM
KSEA,2026-01-29,51.8,NBM
KSEA,2026-01-30,51.2,NBM
KSEA,2026-01-31,56.6,NBM
KSEA,2026-02-01,56.5,NBM
KSEA,2026-02-02,52.1,NBM
KSEA,2026-02-03,55.0,NBM
KSEA,2026-02-04,58.6,NBM
KSEA,2026-02-05,58.7,NBM
KSEA,2026-02-06,56.3,NBM
KSEA,2026-02-07,55.7,NBM
KSEA,2026-02-08,51.2,NBM
KSEA,2026-02-09,48.8,NBM
KSEA,2026-02-10,52.1,NBM
KSEA,2026-02-11,52.0,NBM
KSEA,2026-02-12,50.3,NBM
KSEA,2026-02-13,50.4,NBM
KSEA,2026-02-14,46.9,NBM
KSEA,2026-02-15,47.1,NBM
KSEA,2026-02-16,46.1,NBM
KSEA,2026-02-17,43.8,NBM
KSEA,2026-02-18,43.5,NBM
KSEA,2026-02-19,41.8,NBM
KSEA,2026-02-20,42.2,NBM
KSEA,2026-02-21,45.0,NBM
KSEA,2026-02-22,51.0,NBM
KSEA,2026-02-23,51.2,NBM
KSEA,2026-02-24,46.5,NBM
KSEA,2026-02-25,48.8,NBM
KSFO,2026-01-15,62.9,OBS
KSFO,2026-01-16,64.7,OBS
KSFO,2026-01-17,65.0,OBS
KSFO,2026-01-18,61.8,OBS
KSFO,2026-01-19,62.3,OBS
KSFO,2026-01-20,63.1,OBS
KSFO,2026-01-21,59.1,OBS
KSFO,2026-01-22,61.5,OBS
KSFO,2026-01-23,59.3,OBS
KSFO,2026-01-24,62.0,OBS
KSFO,2026-01-25,62.6,OBS
KSFO,2026-01-26,58.9,OBS
KSFO,2026-01-27,61.8,OBS
KSFO,2026-01-28,62.0,OBS
KSFO,2026-01-29,62.4,OBS
KSFO,2026-01-30,62.8,OBS
KSFO,2026-01-31,62.4,OBS
KSFO,2026-02-01,63.6,OBS
KSFO,2026-02-02,66.3,OBS
KSFO,2026-02-03,65.7,OBS
KSFO,2026-02-04,66.1,OBS
KSFO,2026-02-05,69.8,OBS
KSFO,2026-02-06,71.2,OBS
KSFO,2026-02-07,65.9,OBS
KSFO,2026-02-08,64.4,OBS
KSFO,2026-02-09,63.1,OBS
KSFO,2026-02-10,61.5,OBS
KSFO,2026-02-11,56.1,OBS
KSFO,2026-02-12,61.3,OBS
KSFO,2026-02-13,61.3,OBS
KSFO,2026-02-14,57.8,OBS
KSFO,2026-02-15,58.9,OBS
KSFO,2026-02-16,54.8,OBS
KSFO,2026-02-17,51.4,OBS
KSFO,2026-02-18,50.6,OBS
KSFO,2026-02-19,51.1,OBS
KSFO,2026-02-20,53.2,OBS
KSFO,2026-02-21,59.3,OBS
KSFO,2026-02-22,64.7,OBS
KSFO,2026-02-23,64.7,OBS
KSFO,2026-02-24,68.3,OBS
KSFO,2026-02-25,64.5,OBS
KSFO,2026-01-15,63.9,GFS
KSFO,2026-01-16,65.9,GFS
KSFO,2026-01-17,64.7,GFS
KSFO,2026-01-18,62.6,GFS
KSFO,2026-01-19,62.0,GFS
KSFO,2026-01-20,61.6,GFS
KSFO,2026-01-21,56.6,GFS
KSFO,2026-01-22,61.6,GFS
KSFO,2026-01-23,60.0,GFS
KSFO,2026-01-24,63.9,GFS
KSFO,2026-01-25,62.0,GFS
KSFO,2026-01-26,58.6,GFS
KSFO,2026-01-27,60.1,GFS
KSFO,2026-01-28,62.4,GFS
KSFO,2026-01-29,64.4,GFS
KSFO,2026-01-30,64.3,GFS
KSFO,2026-01-31,64.3,GFS
KSFO,2026-02-01,65.6,GFS
KSFO,2026-02-02,68.6,GFS
KSFO,2026-02-03,67.7,GFS
KSFO,2026-02-04,69.6,GFS
KSFO,2026-02-05,69.8,GFS
KSFO,2026-02-06,70.0,GFS
KSFO,2026-02-07,67.3,GFS
KSFO,2026-02-08,65.7,GFS
KSFO,2026-02-09,63.3,GFS
KSFO,2026-02-10,62.4,GFS
KSFO,2026-02-11,57.1,GFS
KSFO,2026-02-12,62.9,GFS
KSFO,2026-02-13,61.0,GFS
KSFO,2026-02-14,57.7,GFS
KSFO,2026-02-15,60.1,GFS
KSFO,2026-02-16,55.4,GFS
KSFO,2026-02-17,51.5,GFS
KSFO,2026-02-18,51.2,GFS
KSFO,2026-02-19,51.3,GFS
KSFO,2026-02-20,51.9,GFS
KSFO,2026-02-21,59.0,GFS
KSFO,2026-02-22,64.3,GFS
KSFO,2026-02-23,65.6,GFS
KSFO,2026-02-24,64.7,GFS
KSFO,2026-02-25,65.1,GFS
KSFO,2026-01-15,64.0,ECMWF
KSFO,2026-01-16,64.8,ECMWF
KSFO,2026-01-17,64.2,ECMWF
KSFO,2026-01-18,63.0,ECMWF
KSFO,2026-01-19,62.6,ECMWF
KSFO,2026-01-20,61.8,ECMWF
KSFO,2026-01-21,57.3,ECMWF
KSFO,2026-01-22,57.9,ECMWF
KSFO,2026-01-23,58.8,ECMWF
KSFO,2026-01-24,62.5,ECMWF
KSFO,2026-01-25,62.4,ECMWF
KSFO,2026-01-26,58.7,ECMWF
KSFO,2026-01-27,59.3,ECMWF
KSFO,2026-01-28,60.6,ECMWF
KSFO,2026-01-29,62.7,ECMWF
KSFO,2026-01-30,62.4,ECMWF
KSFO,2026-01-31,62.5,ECMWF
KSFO,2026-02-01,62.4,ECMWF
KSFO,2026-02-02,61.1,ECMWF
KSFO,2026-02-03,65.5,ECMWF
KSFO,2026-02-04,66.5,ECMWF
KSFO,2026-02-05,67.1,ECMWF
KSFO,2026-02-06,67.6,ECMWF
KSFO,2026-02-07,65.6,ECMWF
KSFO,2026-02-08,60.2,ECMWF
KSFO,2026-02-09,62.7,ECMWF
KSFO,2026-02-10,62.7,ECMWF
KSFO,2026-02-11,56.6,ECMWF
KSFO,2026-02-12,61.5,ECMWF
KSFO,2026-02-13,61.5,ECMWF
KSFO,2026-02-14,57.7,ECMWF
KSFO,2026-02-15,57.9,ECMWF
KSFO,2026-02-16,56.0,ECMWF
KSFO,2026-02-17,51.6,ECMWF
KSFO,2026-02-18,49.8,ECMWF
KSFO,2026-02-19,51.7,ECMWF
KSFO,2026-02-20,51.6,ECMWF
KSFO,2026-02-21,57.5,ECMWF
KSFO,2026-02-22,62.7,ECMWF
KSFO,2026-02-23,63.2,ECMWF
KSFO,2026-02-24,65.5,ECMWF
KSFO,2026-02-25,62.1,ECMWF
KSFO,2026-01-15,61.7,NBM
KSFO,2026-01-16,62.7,NBM
KSFO,2026-01-17,62.9,NBM
KSFO,2026-01-18,61.4,NBM
KSFO,2026-01-19,61.2,NBM
KSFO,2026-01-20,59.7,NBM
KSFO,2026-01-21,57.7,NBM
KSFO,2026-01-22,59.2,NBM
KSFO,2026-01-23,58.8,NBM
KSFO,2026-01-24,60.0,NBM
KSFO,2026-01-25,60.2,NBM
KSFO,2026-01-26,57.6,NBM
KSFO,2026-01-27,58.5,NBM
KSFO,2026-01-28,60.1,NBM
KSFO,2026-01-29,61.2,NBM
KSFO,2026-01-30,61.4,NBM
KSFO,2026-01-31,61.6,NBM
KSFO,2026-02-01,62.2,NBM
KSFO,2026-02-02,62.8,NBM
KSFO,2026-02-03,64.3,NBM
KSFO,2026-02-04,65.0,NBM
KSFO,2026-02-05,65.5,NBM
KSFO,2026-02-06,65.8,NBM
KSFO,2026-02-07,62.9,NBM
KSFO,2026-02-08,61.0,NBM
KSFO,2026-02-09,61.0,NBM
KSFO,2026-02-10,61.0,NBM
KSFO,2026-02-11,57.2,NBM
KSFO,2026-02-12,60.3,NBM
KSFO,2026-02-13,60.4,NBM
KSFO,2026-02-14,56.9,NBM
KSFO,2026-02-15,58.5,NBM
KSFO,2026-02-16,58.3,NBM
KSFO,2026-02-17,52.0,NBM
KSFO,2026-02-18,50.3,NBM
KSFO,2026-02-19,50.5,NBM
KSFO,2026-02-20,51.5,NBM
KSFO,2026-02-21,56.5,NBM
KSFO,2026-02-22,61.1,NBM
KSFO,2026-02-23,61.3,NBM
KSFO,2026-02-24,63.6,NBM
KSFO,2026-02-25,62.3,NBM
